variant_id,partition,date,trades
COMPRESSION_EXPANSION#0,TRAIN,2025-02-05,1
COMPRESSION_EXPANSION#0,TRAIN,2025-02-07,1
COMPRESSION_EXPANSION#0,TRAIN,2025-02-12,1
COMPRESSION_EXPANSION#0,TRAIN,2025-02-13,2
COMPRESSION_EXPANSION#0,TRAIN,2025-02-14,1
COMPRESSION_EXPANSION#0,TRAIN,2025-02-18,1
COMPRESSION_EXPANSION#0,TRAIN,2025-02-20,1
COMPRESSION_EXPANSION#0,TRAIN,2025-02-21,1
COMPRESSION_EXPANSION#0,TRAIN,2025-02-28,1
COMPRESSION_EXPANSION#0,TRAIN,2025-03-03,1
COMPRESSION_EXPANSION#0,TRAIN,2025-03-04,1
COMPRESSION_EXPANSION#0,TRAIN,2025-03-11,1
COMPRESSION_EXPANSION#0,TRAIN,2025-03-12,1
COMPRESSION_EXPANSION#0,TRAIN,2025-03-24,1
COMPRESSION_EXPANSION#0,TRAIN,2025-03-27,1
COMPRESSION_EXPANSION#0,TRAIN,2025-04-03,1
COMPRESSION_EXPANSION#0,TRAIN,2025-04-15,1
COMPRESSION_EXPANSION#0,TRAIN,2025-04-16,1
COMPRESSION_EXPANSION#0,TRAIN,2025-04-17,1
COMPRESSION_EXPANSION#0,TRAIN,2025-04-22,1
COMPRESSION_EXPANSION#0,TRAIN,2025-04-23,2
COMPRESSION_EXPANSION#0,TRAIN,2025-04-25,3
COMPRESSION_EXPANSION#0,TRAIN,2025-04-28,1
COMPRESSION_EXPANSION#0,TRAIN,2025-04-29,1
COMPRESSION_EXPANSION#0,TRAIN,2025-05-02,1
COMPRESSION_EXPANSION#0,TRAIN,2025-05-05,1
COMPRESSION_EXPANSION#0,TRAIN,2025-05-06,1
COMPRESSION_EXPANSION#0,TRAIN,2025-05-07,1
COMPRESSION_EXPANSION#0,TRAIN,2025-05-09,2
COMPRESSION_EXPANSION#0,TRAIN,2025-05-12,1
COMPRESSION_EXPANSION#0,TRAIN,2025-05-13,1
COMPRESSION_EXPANSION#0,TRAIN,2025-05-19,1
COMPRESSION_EXPANSION#0,TRAIN,2025-05-23,1
COMPRESSION_EXPANSION#0,TRAIN,2025-05-26,1
COMPRESSION_EXPANSION#0,TRAIN,2025-05-29,2
COMPRESSION_EXPANSION#0,TRAIN,2025-06-03,1
COMPRESSION_EXPANSION#0,TRAIN,2025-06-06,1
COMPRESSION_EXPANSION#0,TRAIN,2025-06-09,2
COMPRESSION_EXPANSION#0,TRAIN,2025-06-11,2
COMPRESSION_EXPANSION#0,TRAIN,2025-06-13,1
COMPRESSION_EXPANSION#0,TRAIN,2025-06-17,1
COMPRESSION_EXPANSION#0,TRAIN,2025-06-20,1
COMPRESSION_EXPANSION#0,TRAIN,2025-06-25,2
COMPRESSION_EXPANSION#0,TRAIN,2025-07-02,1
COMPRESSION_EXPANSION#0,TRAIN,2025-07-03,1
COMPRESSION_EXPANSION#0,TRAIN,2025-07-10,1
COMPRESSION_EXPANSION#0,TRAIN,2025-07-15,1
COMPRESSION_EXPANSION#0,TRAIN,2025-07-17,1
COMPRESSION_EXPANSION#0,TRAIN,2025-07-18,1
COMPRESSION_EXPANSION#0,TRAIN,2025-07-24,1
COMPRESSION_EXPANSION#0,TRAIN,2025-08-04,1
COMPRESSION_EXPANSION#0,TRAIN,2025-08-07,1
COMPRESSION_EXPANSION#0,TRAIN,2025-08-08,1
COMPRESSION_EXPANSION#0,TRAIN,2025-08-11,1
COMPRESSION_EXPANSION#0,TRAIN,2025-08-19,1
COMPRESSION_EXPANSION#0,TRAIN,2025-08-20,1
COMPRESSION_EXPANSION#0,TRAIN,2025-08-21,1
COMPRESSION_EXPANSION#0,TRAIN,2025-08-26,1
COMPRESSION_EXPANSION#0,TRAIN,2025-09-03,1
COMPRESSION_EXPANSION#0,TRAIN,2025-09-08,1
COMPRESSION_EXPANSION#0,TRAIN,2025-09-19,1
COMPRESSION_EXPANSION#0,TRAIN,2025-09-24,2
COMPRESSION_EXPANSION#0,TRAIN,2025-09-25,1
COMPRESSION_EXPANSION#0,TRAIN,2025-10-03,1
COMPRESSION_EXPANSION#0,TRAIN,2025-10-09,1
COMPRESSION_EXPANSION#0,TRAIN,2025-10-13,1
COMPRESSION_EXPANSION#0,TRAIN,2025-10-17,1
COMPRESSION_EXPANSION#0,TRAIN,2025-10-20,1
COMPRESSION_EXPANSION#0,TRAIN,2025-10-23,2
COMPRESSION_EXPANSION#0,TRAIN,2025-10-27,1
COMPRESSION_EXPANSION#0,TRAIN,2025-11-18,1
COMPRESSION_EXPANSION#0,TRAIN,2025-11-21,1
COMPRESSION_EXPANSION#0,TRAIN,2025-11-24,1
COMPRESSION_EXPANSION#0,VALIDATION,2025-12-02,1
COMPRESSION_EXPANSION#0,VALIDATION,2025-12-04,1
COMPRESSION_EXPANSION#0,VALIDATION,2025-12-05,1
COMPRESSION_EXPANSION#0,VALIDATION,2025-12-16,1
COMPRESSION_EXPANSION#0,VALIDATION,2025-12-23,1
COMPRESSION_EXPANSION#0,VALIDATION,2026-01-02,1
COMPRESSION_EXPANSION#0,VALIDATION,2026-01-12,1
COMPRESSION_EXPANSION#0,VALIDATION,2026-01-16,1
COMPRESSION_EXPANSION#0,VALIDATION,2026-01-30,1
COMPRESSION_EXPANSION#0,VALIDATION,2026-02-04,1
COMPRESSION_EXPANSION#0,VALIDATION,2026-02-05,1
COMPRESSION_EXPANSION#0,VALIDATION,2026-02-20,1
COMPRESSION_EXPANSION#0,VALIDATION,2026-02-25,1
COMPRESSION_EXPANSION#0,VALIDATION,2026-03-04,1
COMPRESSION_EXPANSION#0,VALIDATION,2026-03-10,1
COMPRESSION_EXPANSION#0,VALIDATION,2026-03-12,1
COMPRESSION_EXPANSION#0,VALIDATION,2026-03-18,1
COMPRESSION_EXPANSION#0,VALIDATION,2026-03-25,1
COMPRESSION_EXPANSION#0,VALIDATION,2026-03-27,1
COMPRESSION_EXPANSION#0,VALIDATION,2026-03-31,1
COMPRESSION_EXPANSION#0,VALIDATION,2026-04-08,2
COMPRESSION_EXPANSION#0,VALIDATION,2026-04-13,2
COMPRESSION_EXPANSION#0,VALIDATION,2026-04-21,1
COMPRESSION_EXPANSION#0,VALIDATION,2026-04-22,1
COMPRESSION_EXPANSION#0,VALIDATION,2026-04-23,2
COMPRESSION_EXPANSION#0,VALIDATION,2026-04-24,2
COMPRESSION_EXPANSION#1,TRAIN,2025-02-12,1
COMPRESSION_EXPANSION#1,TRAIN,2025-02-13,2
COMPRESSION_EXPANSION#1,TRAIN,2025-02-20,1
COMPRESSION_EXPANSION#1,TRAIN,2025-03-03,1
COMPRESSION_EXPANSION#1,TRAIN,2025-03-04,1
COMPRESSION_EXPANSION#1,TRAIN,2025-03-11,1
COMPRESSION_EXPANSION#1,TRAIN,2025-04-03,1
COMPRESSION_EXPANSION#1,TRAIN,2025-04-15,1
COMPRESSION_EXPANSION#1,TRAIN,2025-04-16,1
COMPRESSION_EXPANSION#1,TRAIN,2025-04-17,1
COMPRESSION_EXPANSION#1,TRAIN,2025-04-23,2
COMPRESSION_EXPANSION#1,TRAIN,2025-04-25,2
COMPRESSION_EXPANSION#1,TRAIN,2025-04-28,1
COMPRESSION_EXPANSION#1,TRAIN,2025-04-29,1
COMPRESSION_EXPANSION#1,TRAIN,2025-05-02,1
COMPRESSION_EXPANSION#1,TRAIN,2025-05-06,1
COMPRESSION_EXPANSION#1,TRAIN,2025-05-07,1
COMPRESSION_EXPANSION#1,TRAIN,2025-05-09,2
COMPRESSION_EXPANSION#1,TRAIN,2025-05-13,1
COMPRESSION_EXPANSION#1,TRAIN,2025-05-23,1
COMPRESSION_EXPANSION#1,TRAIN,2025-05-26,1
COMPRESSION_EXPANSION#1,TRAIN,2025-05-29,2
COMPRESSION_EXPANSION#1,TRAIN,2025-06-03,1
COMPRESSION_EXPANSION#1,TRAIN,2025-06-06,1
COMPRESSION_EXPANSION#1,TRAIN,2025-06-09,2
COMPRESSION_EXPANSION#1,TRAIN,2025-06-11,2
COMPRESSION_EXPANSION#1,TRAIN,2025-06-17,1
COMPRESSION_EXPANSION#1,TRAIN,2025-06-25,2
COMPRESSION_EXPANSION#1,TRAIN,2025-07-02,1
COMPRESSION_EXPANSION#1,TRAIN,2025-07-24,1
COMPRESSION_EXPANSION#1,TRAIN,2025-08-04,1
COMPRESSION_EXPANSION#1,TRAIN,2025-08-08,1
COMPRESSION_EXPANSION#1,TRAIN,2025-08-11,1
COMPRESSION_EXPANSION#1,TRAIN,2025-08-19,1
COMPRESSION_EXPANSION#1,TRAIN,2025-08-20,1
COMPRESSION_EXPANSION#1,TRAIN,2025-08-26,1
COMPRESSION_EXPANSION#1,TRAIN,2025-09-03,1
COMPRESSION_EXPANSION#1,TRAIN,2025-09-08,1
COMPRESSION_EXPANSION#1,TRAIN,2025-09-24,1
COMPRESSION_EXPANSION#1,TRAIN,2025-09-25,1
COMPRESSION_EXPANSION#1,TRAIN,2025-10-03,1
COMPRESSION_EXPANSION#1,TRAIN,2025-10-09,1
COMPRESSION_EXPANSION#1,TRAIN,2025-10-13,1
COMPRESSION_EXPANSION#1,TRAIN,2025-10-17,1
COMPRESSION_EXPANSION#1,TRAIN,2025-10-23,2
COMPRESSION_EXPANSION#1,TRAIN,2025-11-18,1
COMPRESSION_EXPANSION#1,TRAIN,2025-11-21,1
COMPRESSION_EXPANSION#1,VALIDATION,2025-12-02,1
COMPRESSION_EXPANSION#1,VALIDATION,2025-12-04,1
COMPRESSION_EXPANSION#1,VALIDATION,2025-12-05,1
COMPRESSION_EXPANSION#1,VALIDATION,2025-12-16,1
COMPRESSION_EXPANSION#1,VALIDATION,2025-12-23,1
COMPRESSION_EXPANSION#1,VALIDATION,2026-01-16,1
COMPRESSION_EXPANSION#1,VALIDATION,2026-02-04,1
COMPRESSION_EXPANSION#1,VALIDATION,2026-02-25,1
COMPRESSION_EXPANSION#1,VALIDATION,2026-03-10,1
COMPRESSION_EXPANSION#1,VALIDATION,2026-03-18,1
COMPRESSION_EXPANSION#1,VALIDATION,2026-03-27,1
COMPRESSION_EXPANSION#1,VALIDATION,2026-03-31,1
COMPRESSION_EXPANSION#1,VALIDATION,2026-04-08,2
COMPRESSION_EXPANSION#1,VALIDATION,2026-04-13,1
COMPRESSION_EXPANSION#1,VALIDATION,2026-04-21,1
COMPRESSION_EXPANSION#1,VALIDATION,2026-04-23,2
COMPRESSION_EXPANSION#1,VALIDATION,2026-04-24,2
FAILED_BREAKOUT_REVERSAL#0,TRAIN,2025-02-07,2
FAILED_BREAKOUT_REVERSAL#0,TRAIN,2025-02-11,1
FAILED_BREAKOUT_REVERSAL#0,TRAIN,2025-02-19,1
FAILED_BREAKOUT_REVERSAL#0,TRAIN,2025-02-21,1
FAILED_BREAKOUT_REVERSAL#0,TRAIN,2025-02-24,1
FAILED_BREAKOUT_REVERSAL#0,TRAIN,2025-02-26,1
FAILED_BREAKOUT_REVERSAL#0,TRAIN,2025-02-27,2
FAILED_BREAKOUT_REVERSAL#0,TRAIN,2025-02-28,1
FAILED_BREAKOUT_REVERSAL#0,TRAIN,2025-03-06,2
FAILED_BREAKOUT_REVERSAL#0,TRAIN,2025-03-07,2
FAILED_BREAKOUT_REVERSAL#0,TRAIN,2025-03-21,2
FAILED_BREAKOUT_REVERSAL#0,TRAIN,2025-03-24,1
FAILED_BREAKOUT_REVERSAL#0,TRAIN,2025-03-27,1
FAILED_BREAKOUT_REVERSAL#0,TRAIN,2025-03-28,2
FAILED_BREAKOUT_REVERSAL#0,TRAIN,2025-04-01,1
FAILED_BREAKOUT_REVERSAL#0,TRAIN,2025-04-14,2
FAILED_BREAKOUT_REVERSAL#0,TRAIN,2025-04-15,1
FAILED_BREAKOUT_REVERSAL#0,TRAIN,2025-04-17,1
FAILED_BREAKOUT_REVERSAL#0,TRAIN,2025-04-22,2
FAILED_BREAKOUT_REVERSAL#0,TRAIN,2025-04-28,2
FAILED_BREAKOUT_REVERSAL#0,TRAIN,2025-04-29,1
FAILED_BREAKOUT_REVERSAL#0,TRAIN,2025-04-30,2
FAILED_BREAKOUT_REVERSAL#0,TRAIN,2025-05-05,1
FAILED_BREAKOUT_REVERSAL#0,TRAIN,2025-05-08,1
FAILED_BREAKOUT_REVERSAL#0,TRAIN,2025-05-09,2
FAILED_BREAKOUT_REVERSAL#0,TRAIN,2025-05-12,1
FAILED_BREAKOUT_REVERSAL#0,TRAIN,2025-05-14,2
FAILED_BREAKOUT_REVERSAL#0,TRAIN,2025-05-15,1
FAILED_BREAKOUT_REVERSAL#0,TRAIN,2025-05-16,1
FAILED_BREAKOUT_REVERSAL#0,TRAIN,2025-05-20,2
FAILED_BREAKOUT_REVERSAL#0,TRAIN,2025-05-21,1
FAILED_BREAKOUT_REVERSAL#0,TRAIN,2025-05-23,1
FAILED_BREAKOUT_REVERSAL#0,TRAIN,2025-05-28,1
FAILED_BREAKOUT_REVERSAL#0,TRAIN,2025-06-02,2
FAILED_BREAKOUT_REVERSAL#0,TRAIN,2025-06-04,1
FAILED_BREAKOUT_REVERSAL#0,TRAIN,2025-06-10,1
FAILED_BREAKOUT_REVERSAL#0,TRAIN,2025-06-16,1
FAILED_BREAKOUT_REVERSAL#0,TRAIN,2025-06-18,1
FAILED_BREAKOUT_REVERSAL#0,TRAIN,2025-06-30,1
FAILED_BREAKOUT_REVERSAL#0,TRAIN,2025-07-01,1
FAILED_BREAKOUT_REVERSAL#0,TRAIN,2025-07-03,1
FAILED_BREAKOUT_REVERSAL#0,TRAIN,2025-07-04,1
FAILED_BREAKOUT_REVERSAL#0,TRAIN,2025-07-09,1
FAILED_BREAKOUT_REVERSAL#0,TRAIN,2025-07-15,1
FAILED_BREAKOUT_REVERSAL#0,TRAIN,2025-07-16,1
FAILED_BREAKOUT_REVERSAL#0,TRAIN,2025-07-17,1
FAILED_BREAKOUT_REVERSAL#0,TRAIN,2025-07-28,1
FAILED_BREAKOUT_REVERSAL#0,TRAIN,2025-07-31,1
FAILED_BREAKOUT_REVERSAL#0,TRAIN,2025-08-05,1
FAILED_BREAKOUT_REVERSAL#0,TRAIN,2025-08-12,1
FAILED_BREAKOUT_REVERSAL#0,TRAIN,2025-08-13,3
FAILED_BREAKOUT_REVERSAL#0,TRAIN,2025-08-14,2
FAILED_BREAKOUT_REVERSAL#0,TRAIN,2025-08-15,1
FAILED_BREAKOUT_REVERSAL#0,TRAIN,2025-08-18,1
FAILED_BREAKOUT_REVERSAL#0,TRAIN,2025-08-20,2
FAILED_BREAKOUT_REVERSAL#0,TRAIN,2025-08-22,2
FAILED_BREAKOUT_REVERSAL#0,TRAIN,2025-08-26,1
FAILED_BREAKOUT_REVERSAL#0,TRAIN,2025-08-29,2
FAILED_BREAKOUT_REVERSAL#0,TRAIN,2025-09-09,2
FAILED_BREAKOUT_REVERSAL#0,TRAIN,2025-09-11,1
FAILED_BREAKOUT_REVERSAL#0,TRAIN,2025-09-16,2
FAILED_BREAKOUT_REVERSAL#0,TRAIN,2025-09-19,1
FAILED_BREAKOUT_REVERSAL#0,TRAIN,2025-09-23,1
FAILED_BREAKOUT_REVERSAL#0,TRAIN,2025-09-26,1
FAILED_BREAKOUT_REVERSAL#0,TRAIN,2025-09-29,1
FAILED_BREAKOUT_REVERSAL#0,TRAIN,2025-10-03,1
FAILED_BREAKOUT_REVERSAL#0,TRAIN,2025-10-06,1
FAILED_BREAKOUT_REVERSAL#0,TRAIN,2025-10-09,2
FAILED_BREAKOUT_REVERSAL#0,TRAIN,2025-10-14,1
FAILED_BREAKOUT_REVERSAL#0,TRAIN,2025-10-21,1
FAILED_BREAKOUT_REVERSAL#0,TRAIN,2025-10-24,1
FAILED_BREAKOUT_REVERSAL#0,TRAIN,2025-10-27,1
FAILED_BREAKOUT_REVERSAL#0,TRAIN,2025-10-31,1
FAILED_BREAKOUT_REVERSAL#0,TRAIN,2025-11-20,2
FAILED_BREAKOUT_REVERSAL#0,TRAIN,2025-11-24,1
FAILED_BREAKOUT_REVERSAL#0,TRAIN,2025-11-26,1
FAILED_BREAKOUT_REVERSAL#0,TRAIN,2025-11-27,1
FAILED_BREAKOUT_REVERSAL#0,TRAIN,2025-11-28,1
FAILED_BREAKOUT_REVERSAL#0,VALIDATION,2025-12-03,2
FAILED_BREAKOUT_REVERSAL#0,VALIDATION,2025-12-12,1
FAILED_BREAKOUT_REVERSAL#0,VALIDATION,2025-12-16,2
FAILED_BREAKOUT_REVERSAL#0,VALIDATION,2025-12-22,1
FAILED_BREAKOUT_REVERSAL#0,VALIDATION,2025-12-29,2
FAILED_BREAKOUT_REVERSAL#0,VALIDATION,2025-12-30,1
FAILED_BREAKOUT_REVERSAL#0,VALIDATION,2026-01-05,1
FAILED_BREAKOUT_REVERSAL#0,VALIDATION,2026-01-06,3
FAILED_BREAKOUT_REVERSAL#0,VALIDATION,2026-01-08,1
FAILED_BREAKOUT_REVERSAL#0,VALIDATION,2026-01-12,1
FAILED_BREAKOUT_REVERSAL#0,VALIDATION,2026-01-13,1
FAILED_BREAKOUT_REVERSAL#0,VALIDATION,2026-01-21,2
FAILED_BREAKOUT_REVERSAL#0,VALIDATION,2026-01-22,1
FAILED_BREAKOUT_REVERSAL#0,VALIDATION,2026-01-28,1
FAILED_BREAKOUT_REVERSAL#0,VALIDATION,2026-01-29,1
FAILED_BREAKOUT_REVERSAL#0,VALIDATION,2026-02-03,1
FAILED_BREAKOUT_REVERSAL#0,VALIDATION,2026-02-05,1
FAILED_BREAKOUT_REVERSAL#0,VALIDATION,2026-02-09,1
FAILED_BREAKOUT_REVERSAL#0,VALIDATION,2026-02-10,1
FAILED_BREAKOUT_REVERSAL#0,VALIDATION,2026-02-11,2
FAILED_BREAKOUT_REVERSAL#0,VALIDATION,2026-02-16,1
FAILED_BREAKOUT_REVERSAL#0,VALIDATION,2026-02-17,1
FAILED_BREAKOUT_REVERSAL#0,VALIDATION,2026-02-24,1
FAILED_BREAKOUT_REVERSAL#0,VALIDATION,2026-02-25,1
FAILED_BREAKOUT_REVERSAL#0,VALIDATION,2026-02-27,1
FAILED_BREAKOUT_REVERSAL#0,VALIDATION,2026-03-05,1
FAILED_BREAKOUT_REVERSAL#0,VALIDATION,2026-03-10,3
FAILED_BREAKOUT_REVERSAL#0,VALIDATION,2026-03-12,2
FAILED_BREAKOUT_REVERSAL#0,VALIDATION,2026-03-13,1
FAILED_BREAKOUT_REVERSAL#0,VALIDATION,2026-03-17,1
FAILED_BREAKOUT_REVERSAL#0,VALIDATION,2026-03-18,1
FAILED_BREAKOUT_REVERSAL#0,VALIDATION,2026-03-25,1
FAILED_BREAKOUT_REVERSAL#0,VALIDATION,2026-04-07,1
FAILED_BREAKOUT_REVERSAL#0,VALIDATION,2026-04-09,1
FAILED_BREAKOUT_REVERSAL#0,VALIDATION,2026-04-10,1
FAILED_BREAKOUT_REVERSAL#0,VALIDATION,2026-04-15,1
FAILED_BREAKOUT_REVERSAL#0,VALIDATION,2026-04-16,3
FAILED_BREAKOUT_REVERSAL#0,VALIDATION,2026-04-21,1
FAILED_BREAKOUT_REVERSAL#0,VALIDATION,2026-04-23,1
FAILED_BREAKOUT_REVERSAL#0,VALIDATION,2026-04-24,1
FAILED_BREAKOUT_REVERSAL#0,VALIDATION,2026-04-28,1
FAILED_BREAKOUT_REVERSAL#1,TRAIN,2025-02-07,2
FAILED_BREAKOUT_REVERSAL#1,TRAIN,2025-02-11,1
FAILED_BREAKOUT_REVERSAL#1,TRAIN,2025-02-19,1
FAILED_BREAKOUT_REVERSAL#1,TRAIN,2025-02-21,1
FAILED_BREAKOUT_REVERSAL#1,TRAIN,2025-02-24,1
FAILED_BREAKOUT_REVERSAL#1,TRAIN,2025-02-26,1
FAILED_BREAKOUT_REVERSAL#1,TRAIN,2025-02-27,2
FAILED_BREAKOUT_REVERSAL#1,TRAIN,2025-03-06,2
FAILED_BREAKOUT_REVERSAL#1,TRAIN,2025-03-07,2
FAILED_BREAKOUT_REVERSAL#1,TRAIN,2025-03-21,3
FAILED_BREAKOUT_REVERSAL#1,TRAIN,2025-03-24,1
FAILED_BREAKOUT_REVERSAL#1,TRAIN,2025-03-27,2
FAILED_BREAKOUT_REVERSAL#1,TRAIN,2025-03-28,2
FAILED_BREAKOUT_REVERSAL#1,TRAIN,2025-04-01,1
FAILED_BREAKOUT_REVERSAL#1,TRAIN,2025-04-14,2
FAILED_BREAKOUT_REVERSAL#1,TRAIN,2025-04-15,1
FAILED_BREAKOUT_REVERSAL#1,TRAIN,2025-04-17,1
FAILED_BREAKOUT_REVERSAL#1,TRAIN,2025-04-22,1
FAILED_BREAKOUT_REVERSAL#1,TRAIN,2025-04-28,2
FAILED_BREAKOUT_REVERSAL#1,TRAIN,2025-04-29,1
FAILED_BREAKOUT_REVERSAL#1,TRAIN,2025-04-30,2
FAILED_BREAKOUT_REVERSAL#1,TRAIN,2025-05-05,1
FAILED_BREAKOUT_REVERSAL#1,TRAIN,2025-05-08,1
FAILED_BREAKOUT_REVERSAL#1,TRAIN,2025-05-09,2
FAILED_BREAKOUT_REVERSAL#1,TRAIN,2025-05-12,1
FAILED_BREAKOUT_REVERSAL#1,TRAIN,2025-05-14,2
FAILED_BREAKOUT_REVERSAL#1,TRAIN,2025-05-15,1
FAILED_BREAKOUT_REVERSAL#1,TRAIN,2025-05-16,1
FAILED_BREAKOUT_REVERSAL#1,TRAIN,2025-05-20,2
FAILED_BREAKOUT_REVERSAL#1,TRAIN,2025-05-21,1
FAILED_BREAKOUT_REVERSAL#1,TRAIN,2025-05-23,1
FAILED_BREAKOUT_REVERSAL#1,TRAIN,2025-05-28,1
FAILED_BREAKOUT_REVERSAL#1,TRAIN,2025-06-02,2
FAILED_BREAKOUT_REVERSAL#1,TRAIN,2025-06-10,1
FAILED_BREAKOUT_REVERSAL#1,TRAIN,2025-06-12,1
FAILED_BREAKOUT_REVERSAL#1,TRAIN,2025-06-16,1
FAILED_BREAKOUT_REVERSAL#1,TRAIN,2025-06-18,1
FAILED_BREAKOUT_REVERSAL#1,TRAIN,2025-06-30,1
FAILED_BREAKOUT_REVERSAL#1,TRAIN,2025-07-01,1
FAILED_BREAKOUT_REVERSAL#1,TRAIN,2025-07-03,1
FAILED_BREAKOUT_REVERSAL#1,TRAIN,2025-07-04,1
FAILED_BREAKOUT_REVERSAL#1,TRAIN,2025-07-09,1
FAILED_BREAKOUT_REVERSAL#1,TRAIN,2025-07-15,1
FAILED_BREAKOUT_REVERSAL#1,TRAIN,2025-07-16,1
FAILED_BREAKOUT_REVERSAL#1,TRAIN,2025-07-17,1
FAILED_BREAKOUT_REVERSAL#1,TRAIN,2025-07-25,1
FAILED_BREAKOUT_REVERSAL#1,TRAIN,2025-07-28,1
FAILED_BREAKOUT_REVERSAL#1,TRAIN,2025-07-31,1
FAILED_BREAKOUT_REVERSAL#1,TRAIN,2025-08-05,1
FAILED_BREAKOUT_REVERSAL#1,TRAIN,2025-08-12,1
FAILED_BREAKOUT_REVERSAL#1,TRAIN,2025-08-13,3
FAILED_BREAKOUT_REVERSAL#1,TRAIN,2025-08-14,2
FAILED_BREAKOUT_REVERSAL#1,TRAIN,2025-08-15,1
FAILED_BREAKOUT_REVERSAL#1,TRAIN,2025-08-18,1
FAILED_BREAKOUT_REVERSAL#1,TRAIN,2025-08-20,2
FAILED_BREAKOUT_REVERSAL#1,TRAIN,2025-08-22,2
FAILED_BREAKOUT_REVERSAL#1,TRAIN,2025-08-26,1
FAILED_BREAKOUT_REVERSAL#1,TRAIN,2025-08-29,1
FAILED_BREAKOUT_REVERSAL#1,TRAIN,2025-09-09,2
FAILED_BREAKOUT_REVERSAL#1,TRAIN,2025-09-11,1
FAILED_BREAKOUT_REVERSAL#1,TRAIN,2025-09-16,2
FAILED_BREAKOUT_REVERSAL#1,TRAIN,2025-09-19,1
FAILED_BREAKOUT_REVERSAL#1,TRAIN,2025-09-23,1
FAILED_BREAKOUT_REVERSAL#1,TRAIN,2025-09-26,1
FAILED_BREAKOUT_REVERSAL#1,TRAIN,2025-09-29,2
FAILED_BREAKOUT_REVERSAL#1,TRAIN,2025-10-03,1
FAILED_BREAKOUT_REVERSAL#1,TRAIN,2025-10-06,1
FAILED_BREAKOUT_REVERSAL#1,TRAIN,2025-10-09,2
FAILED_BREAKOUT_REVERSAL#1,TRAIN,2025-10-14,1
FAILED_BREAKOUT_REVERSAL#1,TRAIN,2025-10-21,1
FAILED_BREAKOUT_REVERSAL#1,TRAIN,2025-10-24,1
FAILED_BREAKOUT_REVERSAL#1,TRAIN,2025-10-27,1
FAILED_BREAKOUT_REVERSAL#1,TRAIN,2025-10-31,1
FAILED_BREAKOUT_REVERSAL#1,TRAIN,2025-11-04,1
FAILED_BREAKOUT_REVERSAL#1,TRAIN,2025-11-07,1
FAILED_BREAKOUT_REVERSAL#1,TRAIN,2025-11-13,1
FAILED_BREAKOUT_REVERSAL#1,TRAIN,2025-11-20,2
FAILED_BREAKOUT_REVERSAL#1,TRAIN,2025-11-24,1
FAILED_BREAKOUT_REVERSAL#1,TRAIN,2025-11-26,1
FAILED_BREAKOUT_REVERSAL#1,TRAIN,2025-11-27,1
FAILED_BREAKOUT_REVERSAL#1,TRAIN,2025-11-28,1
FAILED_BREAKOUT_REVERSAL#1,VALIDATION,2025-12-03,2
FAILED_BREAKOUT_REVERSAL#1,VALIDATION,2025-12-12,1
FAILED_BREAKOUT_REVERSAL#1,VALIDATION,2025-12-16,1
FAILED_BREAKOUT_REVERSAL#1,VALIDATION,2025-12-22,1
FAILED_BREAKOUT_REVERSAL#1,VALIDATION,2025-12-29,2
FAILED_BREAKOUT_REVERSAL#1,VALIDATION,2025-12-30,1
FAILED_BREAKOUT_REVERSAL#1,VALIDATION,2026-01-05,1
FAILED_BREAKOUT_REVERSAL#1,VALIDATION,2026-01-06,3
FAILED_BREAKOUT_REVERSAL#1,VALIDATION,2026-01-07,1
FAILED_BREAKOUT_REVERSAL#1,VALIDATION,2026-01-08,1
FAILED_BREAKOUT_REVERSAL#1,VALIDATION,2026-01-12,1
FAILED_BREAKOUT_REVERSAL#1,VALIDATION,2026-01-13,1
FAILED_BREAKOUT_REVERSAL#1,VALIDATION,2026-01-21,2
FAILED_BREAKOUT_REVERSAL#1,VALIDATION,2026-01-22,2
FAILED_BREAKOUT_REVERSAL#1,VALIDATION,2026-01-27,1
FAILED_BREAKOUT_REVERSAL#1,VALIDATION,2026-01-29,1
FAILED_BREAKOUT_REVERSAL#1,VALIDATION,2026-02-03,1
FAILED_BREAKOUT_REVERSAL#1,VALIDATION,2026-02-05,1
FAILED_BREAKOUT_REVERSAL#1,VALIDATION,2026-02-09,1
FAILED_BREAKOUT_REVERSAL#1,VALIDATION,2026-02-10,1
FAILED_BREAKOUT_REVERSAL#1,VALIDATION,2026-02-11,2
FAILED_BREAKOUT_REVERSAL#1,VALIDATION,2026-02-16,1
FAILED_BREAKOUT_REVERSAL#1,VALIDATION,2026-02-17,1
FAILED_BREAKOUT_REVERSAL#1,VALIDATION,2026-02-24,1
FAILED_BREAKOUT_REVERSAL#1,VALIDATION,2026-02-25,1
FAILED_BREAKOUT_REVERSAL#1,VALIDATION,2026-02-27,1
FAILED_BREAKOUT_REVERSAL#1,VALIDATION,2026-03-05,1
FAILED_BREAKOUT_REVERSAL#1,VALIDATION,2026-03-10,3
FAILED_BREAKOUT_REVERSAL#1,VALIDATION,2026-03-12,2
FAILED_BREAKOUT_REVERSAL#1,VALIDATION,2026-03-13,1
FAILED_BREAKOUT_REVERSAL#1,VALIDATION,2026-03-17,1
FAILED_BREAKOUT_REVERSAL#1,VALIDATION,2026-03-18,1
FAILED_BREAKOUT_REVERSAL#1,VALIDATION,2026-03-25,1
FAILED_BREAKOUT_REVERSAL#1,VALIDATION,2026-04-07,1
FAILED_BREAKOUT_REVERSAL#1,VALIDATION,2026-04-09,1
FAILED_BREAKOUT_REVERSAL#1,VALIDATION,2026-04-10,1
FAILED_BREAKOUT_REVERSAL#1,VALIDATION,2026-04-15,1
FAILED_BREAKOUT_REVERSAL#1,VALIDATION,2026-04-16,2
FAILED_BREAKOUT_REVERSAL#1,VALIDATION,2026-04-21,1
FAILED_BREAKOUT_REVERSAL#1,VALIDATION,2026-04-23,1
FAILED_BREAKOUT_REVERSAL#1,VALIDATION,2026-04-24,1
FAILED_BREAKOUT_REVERSAL#1,VALIDATION,2026-04-28,1
GROUP_A_MOMENTUM_CONTINUATION#0,TRAIN,2025-02-19,1
GROUP_A_MOMENTUM_CONTINUATION#0,TRAIN,2025-03-05,1
GROUP_A_MOMENTUM_CONTINUATION#0,TRAIN,2025-04-02,1
GROUP_A_MOMENTUM_CONTINUATION#0,TRAIN,2025-04-04,1
GROUP_A_MOMENTUM_CONTINUATION#0,TRAIN,2025-04-23,1
GROUP_A_MOMENTUM_CONTINUATION#0,TRAIN,2025-05-05,1
GROUP_A_MOMENTUM_CONTINUATION#0,TRAIN,2025-05-19,1
GROUP_A_MOMENTUM_CONTINUATION#0,TRAIN,2025-05-27,1
GROUP_A_MOMENTUM_CONTINUATION#0,TRAIN,2025-06-27,2
GROUP_A_MOMENTUM_CONTINUATION#0,TRAIN,2025-08-04,1
GROUP_A_MOMENTUM_CONTINUATION#0,TRAIN,2025-10-01,1
GROUP_A_MOMENTUM_CONTINUATION#0,TRAIN,2025-10-20,1
GROUP_A_MOMENTUM_CONTINUATION#0,TRAIN,2025-11-14,1
GROUP_A_MOMENTUM_CONTINUATION#0,VALIDATION,2025-12-02,1
GROUP_A_MOMENTUM_CONTINUATION#0,VALIDATION,2025-12-05,2
GROUP_A_MOMENTUM_CONTINUATION#0,VALIDATION,2026-01-20,1
GROUP_A_MOMENTUM_CONTINUATION#0,VALIDATION,2026-02-02,1
GROUP_A_MOMENTUM_CONTINUATION#0,VALIDATION,2026-02-09,1
GROUP_A_MOMENTUM_CONTINUATION#0,VALIDATION,2026-02-19,1
GROUP_A_MOMENTUM_CONTINUATION#0,VALIDATION,2026-03-04,1
GROUP_A_MOMENTUM_CONTINUATION#0,VALIDATION,2026-03-18,1
GROUP_A_MOMENTUM_CONTINUATION#1,TRAIN,2025-02-06,1
GROUP_A_MOMENTUM_CONTINUATION#1,TRAIN,2025-02-28,1
GROUP_A_MOMENTUM_CONTINUATION#1,TRAIN,2025-03-04,1
GROUP_A_MOMENTUM_CONTINUATION#1,TRAIN,2025-03-18,1
GROUP_A_MOMENTUM_CONTINUATION#1,TRAIN,2025-04-04,1
GROUP_A_MOMENTUM_CONTINUATION#1,TRAIN,2025-05-05,1
GROUP_A_MOMENTUM_CONTINUATION#1,TRAIN,2025-05-15,1
GROUP_A_MOMENTUM_CONTINUATION#1,TRAIN,2025-05-19,1
GROUP_A_MOMENTUM_CONTINUATION#1,TRAIN,2025-05-27,1
GROUP_A_MOMENTUM_CONTINUATION#1,TRAIN,2025-06-04,1
GROUP_A_MOMENTUM_CONTINUATION#1,TRAIN,2025-06-16,1
GROUP_A_MOMENTUM_CONTINUATION#1,TRAIN,2025-07-07,1
GROUP_A_MOMENTUM_CONTINUATION#1,TRAIN,2025-07-22,2
GROUP_A_MOMENTUM_CONTINUATION#1,TRAIN,2025-07-28,1
GROUP_A_MOMENTUM_CONTINUATION#1,TRAIN,2025-07-29,1
GROUP_A_MOMENTUM_CONTINUATION#1,TRAIN,2025-10-01,1
GROUP_A_MOMENTUM_CONTINUATION#1,TRAIN,2025-10-07,1
GROUP_A_MOMENTUM_CONTINUATION#1,VALIDATION,2025-12-05,1
GROUP_A_MOMENTUM_CONTINUATION#1,VALIDATION,2025-12-11,1
GROUP_A_MOMENTUM_CONTINUATION#1,VALIDATION,2025-12-18,1
GROUP_A_MOMENTUM_CONTINUATION#1,VALIDATION,2025-12-19,1
GROUP_A_MOMENTUM_CONTINUATION#1,VALIDATION,2026-01-20,1
GROUP_A_MOMENTUM_CONTINUATION#1,VALIDATION,2026-02-02,1
GROUP_A_MOMENTUM_CONTINUATION#1,VALIDATION,2026-02-18,1
GROUP_A_MOMENTUM_CONTINUATION#1,VALIDATION,2026-02-19,1
GROUP_A_MOMENTUM_CONTINUATION#1,VALIDATION,2026-03-03,2
GROUP_A_MOMENTUM_CONTINUATION#1,VALIDATION,2026-03-30,1
GROUP_A_OPENING_DRIVE#0,TRAIN,2025-02-06,1
GROUP_A_OPENING_DRIVE#0,TRAIN,2025-03-04,1
GROUP_A_OPENING_DRIVE#0,TRAIN,2025-03-10,1
GROUP_A_OPENING_DRIVE#0,TRAIN,2025-03-20,1
GROUP_A_OPENING_DRIVE#0,TRAIN,2025-03-26,1
GROUP_A_OPENING_DRIVE#0,TRAIN,2025-04-15,2
GROUP_A_OPENING_DRIVE#0,TRAIN,2025-04-24,1
GROUP_A_OPENING_DRIVE#0,TRAIN,2025-05-06,1
GROUP_A_OPENING_DRIVE#0,TRAIN,2025-05-27,1
GROUP_A_OPENING_DRIVE#0,TRAIN,2025-05-30,1
GROUP_A_OPENING_DRIVE#0,TRAIN,2025-06-12,1
GROUP_A_OPENING_DRIVE#0,TRAIN,2025-06-25,1
GROUP_A_OPENING_DRIVE#0,TRAIN,2025-07-22,1
GROUP_A_OPENING_DRIVE#0,TRAIN,2025-07-29,1
GROUP_A_OPENING_DRIVE#0,TRAIN,2025-08-01,1
GROUP_A_OPENING_DRIVE#0,TRAIN,2025-08-04,1
GROUP_A_OPENING_DRIVE#0,TRAIN,2025-09-02,2
GROUP_A_OPENING_DRIVE#0,TRAIN,2025-09-18,1
GROUP_A_OPENING_DRIVE#0,TRAIN,2025-10-08,1
GROUP_A_OPENING_DRIVE#0,TRAIN,2025-10-31,1
GROUP_A_OPENING_DRIVE#0,TRAIN,2025-11-03,1
GROUP_A_OPENING_DRIVE#0,TRAIN,2025-11-12,1
GROUP_A_OPENING_DRIVE#0,VALIDATION,2025-12-02,1
GROUP_A_OPENING_DRIVE#0,VALIDATION,2025-12-10,1
GROUP_A_OPENING_DRIVE#0,VALIDATION,2026-01-20,1
GROUP_A_OPENING_DRIVE#0,VALIDATION,2026-01-29,1
GROUP_A_OPENING_DRIVE#0,VALIDATION,2026-02-12,1
GROUP_A_OPENING_DRIVE#0,VALIDATION,2026-02-18,1
GROUP_A_OPENING_DRIVE#0,VALIDATION,2026-03-03,1
GROUP_A_OPENING_DRIVE#0,VALIDATION,2026-03-27,1
GROUP_A_OPENING_DRIVE#0,VALIDATION,2026-03-31,1
GROUP_A_OPENING_DRIVE#0,VALIDATION,2026-04-17,1
GROUP_A_OPENING_DRIVE#1,TRAIN,2025-03-10,1
GROUP_A_OPENING_DRIVE#1,TRAIN,2025-04-15,1
GROUP_A_OPENING_DRIVE#1,TRAIN,2025-05-06,1
GROUP_A_OPENING_DRIVE#1,TRAIN,2025-05-27,1
GROUP_A_OPENING_DRIVE#1,TRAIN,2025-07-29,1
GROUP_A_OPENING_DRIVE#1,TRAIN,2025-08-04,1
GROUP_A_OPENING_DRIVE#1,TRAIN,2025-09-02,2
GROUP_A_OPENING_DRIVE#1,TRAIN,2025-09-18,1
GROUP_A_OPENING_DRIVE#1,TRAIN,2025-10-08,1
GROUP_A_OPENING_DRIVE#1,TRAIN,2025-10-31,1
GROUP_A_OPENING_DRIVE#1,TRAIN,2025-11-03,1
GROUP_A_OPENING_DRIVE#1,VALIDATION,2025-12-02,1
GROUP_A_OPENING_DRIVE#1,VALIDATION,2026-01-20,1
GROUP_A_OPENING_DRIVE#1,VALIDATION,2026-01-29,1
GROUP_A_OPENING_DRIVE#1,VALIDATION,2026-02-12,1
GROUP_A_OPENING_DRIVE#1,VALIDATION,2026-02-18,1
GROUP_A_OPENING_DRIVE#1,VALIDATION,2026-03-03,1
GROUP_A_OPENING_DRIVE#1,VALIDATION,2026-03-27,1
GROUP_A_OPENING_DRIVE#1,VALIDATION,2026-04-17,1
GROUP_A_TREND_PULLBACK#0,TRAIN,2025-02-05,1
GROUP_A_TREND_PULLBACK#0,TRAIN,2025-02-10,1
GROUP_A_TREND_PULLBACK#0,TRAIN,2025-02-13,1
GROUP_A_TREND_PULLBACK#0,TRAIN,2025-02-17,1
GROUP_A_TREND_PULLBACK#0,TRAIN,2025-02-28,1
GROUP_A_TREND_PULLBACK#0,TRAIN,2025-03-10,1
GROUP_A_TREND_PULLBACK#0,TRAIN,2025-03-11,1
GROUP_A_TREND_PULLBACK#0,TRAIN,2025-03-14,1
GROUP_A_TREND_PULLBACK#0,TRAIN,2025-03-18,1
GROUP_A_TREND_PULLBACK#0,TRAIN,2025-03-31,1
GROUP_A_TREND_PULLBACK#0,TRAIN,2025-04-04,1
GROUP_A_TREND_PULLBACK#0,TRAIN,2025-04-16,1
GROUP_A_TREND_PULLBACK#0,TRAIN,2025-05-05,1
GROUP_A_TREND_PULLBACK#0,TRAIN,2025-05-12,1
GROUP_A_TREND_PULLBACK#0,TRAIN,2025-05-27,1
GROUP_A_TREND_PULLBACK#0,TRAIN,2025-05-29,1
GROUP_A_TREND_PULLBACK#0,TRAIN,2025-06-19,1
GROUP_A_TREND_PULLBACK#0,TRAIN,2025-06-25,1
GROUP_A_TREND_PULLBACK#0,TRAIN,2025-06-27,1
GROUP_A_TREND_PULLBACK#0,TRAIN,2025-07-10,1
GROUP_A_TREND_PULLBACK#0,TRAIN,2025-07-15,1
GROUP_A_TREND_PULLBACK#0,TRAIN,2025-07-17,1
GROUP_A_TREND_PULLBACK#0,TRAIN,2025-07-18,1
GROUP_A_TREND_PULLBACK#0,TRAIN,2025-08-05,1
GROUP_A_TREND_PULLBACK#0,TRAIN,2025-09-02,2
GROUP_A_TREND_PULLBACK#0,TRAIN,2025-09-22,2
GROUP_A_TREND_PULLBACK#0,TRAIN,2025-10-02,1
GROUP_A_TREND_PULLBACK#0,TRAIN,2025-10-14,1
GROUP_A_TREND_PULLBACK#0,TRAIN,2025-11-06,1
GROUP_A_TREND_PULLBACK#0,TRAIN,2025-11-07,1
GROUP_A_TREND_PULLBACK#0,VALIDATION,2025-12-02,1
GROUP_A_TREND_PULLBACK#0,VALIDATION,2025-12-04,1
GROUP_A_TREND_PULLBACK#0,VALIDATION,2025-12-05,1
GROUP_A_TREND_PULLBACK#0,VALIDATION,2025-12-11,1
GROUP_A_TREND_PULLBACK#0,VALIDATION,2025-12-30,1
GROUP_A_TREND_PULLBACK#0,VALIDATION,2026-01-20,1
GROUP_A_TREND_PULLBACK#0,VALIDATION,2026-02-02,1
GROUP_A_TREND_PULLBACK#0,VALIDATION,2026-02-18,1
GROUP_A_TREND_PULLBACK#0,VALIDATION,2026-03-04,1
GROUP_A_TREND_PULLBACK#0,VALIDATION,2026-03-10,1
GROUP_A_TREND_PULLBACK#0,VALIDATION,2026-04-08,1
GROUP_A_TREND_PULLBACK#0,VALIDATION,2026-04-30,1
GROUP_A_TREND_PULLBACK#1,TRAIN,2025-02-05,1
GROUP_A_TREND_PULLBACK#1,TRAIN,2025-02-10,1
GROUP_A_TREND_PULLBACK#1,TRAIN,2025-02-17,1
GROUP_A_TREND_PULLBACK#1,TRAIN,2025-02-28,1
GROUP_A_TREND_PULLBACK#1,TRAIN,2025-03-05,1
GROUP_A_TREND_PULLBACK#1,TRAIN,2025-03-10,1
GROUP_A_TREND_PULLBACK#1,TRAIN,2025-03-11,1
GROUP_A_TREND_PULLBACK#1,TRAIN,2025-03-14,1
GROUP_A_TREND_PULLBACK#1,TRAIN,2025-03-31,1
GROUP_A_TREND_PULLBACK#1,TRAIN,2025-04-03,1
GROUP_A_TREND_PULLBACK#1,TRAIN,2025-04-16,1
GROUP_A_TREND_PULLBACK#1,TRAIN,2025-05-05,1
GROUP_A_TREND_PULLBACK#1,TRAIN,2025-05-12,2
GROUP_A_TREND_PULLBACK#1,TRAIN,2025-05-29,1
GROUP_A_TREND_PULLBACK#1,TRAIN,2025-06-04,1
GROUP_A_TREND_PULLBACK#1,TRAIN,2025-07-10,1
GROUP_A_TREND_PULLBACK#1,TRAIN,2025-07-17,1
GROUP_A_TREND_PULLBACK#1,TRAIN,2025-07-18,1
GROUP_A_TREND_PULLBACK#1,TRAIN,2025-07-22,1
GROUP_A_TREND_PULLBACK#1,TRAIN,2025-07-29,1
GROUP_A_TREND_PULLBACK#1,TRAIN,2025-08-18,1
GROUP_A_TREND_PULLBACK#1,TRAIN,2025-09-02,1
GROUP_A_TREND_PULLBACK#1,TRAIN,2025-09-22,2
GROUP_A_TREND_PULLBACK#1,TRAIN,2025-10-08,1
GROUP_A_TREND_PULLBACK#1,TRAIN,2025-11-07,1
GROUP_A_TREND_PULLBACK#1,TRAIN,2025-11-10,1
GROUP_A_TREND_PULLBACK#1,VALIDATION,2025-12-02,1
GROUP_A_TREND_PULLBACK#1,VALIDATION,2025-12-04,1
GROUP_A_TREND_PULLBACK#1,VALIDATION,2025-12-05,1
GROUP_A_TREND_PULLBACK#1,VALIDATION,2025-12-30,1
GROUP_A_TREND_PULLBACK#1,VALIDATION,2026-01-20,2
GROUP_A_TREND_PULLBACK#1,VALIDATION,2026-02-02,1
GROUP_A_TREND_PULLBACK#1,VALIDATION,2026-02-18,1
GROUP_A_TREND_PULLBACK#1,VALIDATION,2026-03-03,1
GROUP_A_TREND_PULLBACK#1,VALIDATION,2026-03-04,1
GROUP_A_TREND_PULLBACK#1,VALIDATION,2026-03-10,1
GROUP_A_TREND_PULLBACK#1,VALIDATION,2026-04-08,1
OPENING_RANGE_BREAKOUT_RETEST#0,TRAIN,2025-02-04,1
OPENING_RANGE_BREAKOUT_RETEST#0,TRAIN,2025-02-06,1
OPENING_RANGE_BREAKOUT_RETEST#0,TRAIN,2025-02-07,1
OPENING_RANGE_BREAKOUT_RETEST#0,TRAIN,2025-02-10,1
OPENING_RANGE_BREAKOUT_RETEST#0,TRAIN,2025-02-12,1
OPENING_RANGE_BREAKOUT_RETEST#0,TRAIN,2025-02-13,1
OPENING_RANGE_BREAKOUT_RETEST#0,TRAIN,2025-02-18,1
OPENING_RANGE_BREAKOUT_RETEST#0,TRAIN,2025-02-20,1
OPENING_RANGE_BREAKOUT_RETEST#0,TRAIN,2025-02-21,1
OPENING_RANGE_BREAKOUT_RETEST#0,TRAIN,2025-02-24,1
OPENING_RANGE_BREAKOUT_RETEST#0,TRAIN,2025-02-26,1
OPENING_RANGE_BREAKOUT_RETEST#0,TRAIN,2025-02-27,1
OPENING_RANGE_BREAKOUT_RETEST#0,TRAIN,2025-02-28,1
OPENING_RANGE_BREAKOUT_RETEST#0,TRAIN,2025-03-03,1
OPENING_RANGE_BREAKOUT_RETEST#0,TRAIN,2025-03-04,1
OPENING_RANGE_BREAKOUT_RETEST#0,TRAIN,2025-03-05,1
OPENING_RANGE_BREAKOUT_RETEST#0,TRAIN,2025-03-07,1
OPENING_RANGE_BREAKOUT_RETEST#0,TRAIN,2025-03-10,1
OPENING_RANGE_BREAKOUT_RETEST#0,TRAIN,2025-03-11,1
OPENING_RANGE_BREAKOUT_RETEST#0,TRAIN,2025-03-14,1
OPENING_RANGE_BREAKOUT_RETEST#0,TRAIN,2025-03-17,1
OPENING_RANGE_BREAKOUT_RETEST#0,TRAIN,2025-03-18,1
OPENING_RANGE_BREAKOUT_RETEST#0,TRAIN,2025-03-19,1
OPENING_RANGE_BREAKOUT_RETEST#0,TRAIN,2025-03-21,1
OPENING_RANGE_BREAKOUT_RETEST#0,TRAIN,2025-03-24,1
OPENING_RANGE_BREAKOUT_RETEST#0,TRAIN,2025-03-27,1
OPENING_RANGE_BREAKOUT_RETEST#0,TRAIN,2025-03-28,1
OPENING_RANGE_BREAKOUT_RETEST#0,TRAIN,2025-04-01,1
OPENING_RANGE_BREAKOUT_RETEST#0,TRAIN,2025-04-02,1
OPENING_RANGE_BREAKOUT_RETEST#0,TRAIN,2025-04-03,1
OPENING_RANGE_BREAKOUT_RETEST#0,TRAIN,2025-04-04,1
OPENING_RANGE_BREAKOUT_RETEST#0,TRAIN,2025-04-09,1
OPENING_RANGE_BREAKOUT_RETEST#0,TRAIN,2025-04-14,1
OPENING_RANGE_BREAKOUT_RETEST#0,TRAIN,2025-04-15,1
OPENING_RANGE_BREAKOUT_RETEST#0,TRAIN,2025-04-16,1
OPENING_RANGE_BREAKOUT_RETEST#0,TRAIN,2025-04-17,1
OPENING_RANGE_BREAKOUT_RETEST#0,TRAIN,2025-04-23,1
OPENING_RANGE_BREAKOUT_RETEST#0,TRAIN,2025-04-24,1
OPENING_RANGE_BREAKOUT_RETEST#0,TRAIN,2025-04-25,1
OPENING_RANGE_BREAKOUT_RETEST#0,TRAIN,2025-04-28,1
OPENING_RANGE_BREAKOUT_RETEST#0,TRAIN,2025-04-29,1
OPENING_RANGE_BREAKOUT_RETEST#0,TRAIN,2025-04-30,1
OPENING_RANGE_BREAKOUT_RETEST#0,TRAIN,2025-05-02,1
OPENING_RANGE_BREAKOUT_RETEST#0,TRAIN,2025-05-07,1
OPENING_RANGE_BREAKOUT_RETEST#0,TRAIN,2025-05-08,1
OPENING_RANGE_BREAKOUT_RETEST#0,TRAIN,2025-05-09,1
OPENING_RANGE_BREAKOUT_RETEST#0,TRAIN,2025-05-12,1
OPENING_RANGE_BREAKOUT_RETEST#0,TRAIN,2025-05-15,1
OPENING_RANGE_BREAKOUT_RETEST#0,TRAIN,2025-05-20,1
OPENING_RANGE_BREAKOUT_RETEST#0,TRAIN,2025-05-21,1
OPENING_RANGE_BREAKOUT_RETEST#0,TRAIN,2025-05-27,1
OPENING_RANGE_BREAKOUT_RETEST#0,TRAIN,2025-05-29,1
OPENING_RANGE_BREAKOUT_RETEST#0,TRAIN,2025-05-30,1
OPENING_RANGE_BREAKOUT_RETEST#0,TRAIN,2025-06-04,1
OPENING_RANGE_BREAKOUT_RETEST#0,TRAIN,2025-06-05,1
OPENING_RANGE_BREAKOUT_RETEST#0,TRAIN,2025-06-09,1
OPENING_RANGE_BREAKOUT_RETEST#0,TRAIN,2025-06-10,1
OPENING_RANGE_BREAKOUT_RETEST#0,TRAIN,2025-06-11,1
OPENING_RANGE_BREAKOUT_RETEST#0,TRAIN,2025-06-12,1
OPENING_RANGE_BREAKOUT_RETEST#0,TRAIN,2025-06-13,1
OPENING_RANGE_BREAKOUT_RETEST#0,TRAIN,2025-06-16,1
OPENING_RANGE_BREAKOUT_RETEST#0,TRAIN,2025-06-18,1
OPENING_RANGE_BREAKOUT_RETEST#0,TRAIN,2025-06-19,1
OPENING_RANGE_BREAKOUT_RETEST#0,TRAIN,2025-06-20,1
OPENING_RANGE_BREAKOUT_RETEST#0,TRAIN,2025-06-24,1
OPENING_RANGE_BREAKOUT_RETEST#0,TRAIN,2025-06-25,1
OPENING_RANGE_BREAKOUT_RETEST#0,TRAIN,2025-06-26,1
OPENING_RANGE_BREAKOUT_RETEST#0,TRAIN,2025-06-27,1
OPENING_RANGE_BREAKOUT_RETEST#0,TRAIN,2025-06-30,1
OPENING_RANGE_BREAKOUT_RETEST#0,TRAIN,2025-07-01,1
OPENING_RANGE_BREAKOUT_RETEST#0,TRAIN,2025-07-04,1
OPENING_RANGE_BREAKOUT_RETEST#0,TRAIN,2025-07-08,1
OPENING_RANGE_BREAKOUT_RETEST#0,TRAIN,2025-07-11,1
OPENING_RANGE_BREAKOUT_RETEST#0,TRAIN,2025-07-14,1
OPENING_RANGE_BREAKOUT_RETEST#0,TRAIN,2025-07-15,1
OPENING_RANGE_BREAKOUT_RETEST#0,TRAIN,2025-07-16,1
OPENING_RANGE_BREAKOUT_RETEST#0,TRAIN,2025-07-17,1
OPENING_RANGE_BREAKOUT_RETEST#0,TRAIN,2025-07-21,1
OPENING_RANGE_BREAKOUT_RETEST#0,TRAIN,2025-07-22,1
OPENING_RANGE_BREAKOUT_RETEST#0,TRAIN,2025-07-23,1
OPENING_RANGE_BREAKOUT_RETEST#0,TRAIN,2025-07-25,1
OPENING_RANGE_BREAKOUT_RETEST#0,TRAIN,2025-07-28,1
OPENING_RANGE_BREAKOUT_RETEST#0,TRAIN,2025-07-29,1
OPENING_RANGE_BREAKOUT_RETEST#0,TRAIN,2025-07-31,1
OPENING_RANGE_BREAKOUT_RETEST#0,TRAIN,2025-08-01,1
OPENING_RANGE_BREAKOUT_RETEST#0,TRAIN,2025-08-04,1
OPENING_RANGE_BREAKOUT_RETEST#0,TRAIN,2025-08-05,1
OPENING_RANGE_BREAKOUT_RETEST#0,TRAIN,2025-08-06,1
OPENING_RANGE_BREAKOUT_RETEST#0,TRAIN,2025-08-08,1
OPENING_RANGE_BREAKOUT_RETEST#0,TRAIN,2025-08-11,1
OPENING_RANGE_BREAKOUT_RETEST#0,TRAIN,2025-08-12,1
OPENING_RANGE_BREAKOUT_RETEST#0,TRAIN,2025-08-13,1
OPENING_RANGE_BREAKOUT_RETEST#0,TRAIN,2025-08-14,1
OPENING_RANGE_BREAKOUT_RETEST#0,TRAIN,2025-08-20,1
OPENING_RANGE_BREAKOUT_RETEST#0,TRAIN,2025-08-21,1
OPENING_RANGE_BREAKOUT_RETEST#0,TRAIN,2025-08-25,1
OPENING_RANGE_BREAKOUT_RETEST#0,TRAIN,2025-08-26,1
OPENING_RANGE_BREAKOUT_RETEST#0,TRAIN,2025-08-27,1
OPENING_RANGE_BREAKOUT_RETEST#0,TRAIN,2025-08-29,1
OPENING_RANGE_BREAKOUT_RETEST#0,TRAIN,2025-09-02,1
OPENING_RANGE_BREAKOUT_RETEST#0,TRAIN,2025-09-03,1
OPENING_RANGE_BREAKOUT_RETEST#0,TRAIN,2025-09-04,1
OPENING_RANGE_BREAKOUT_RETEST#0,TRAIN,2025-09-08,1
OPENING_RANGE_BREAKOUT_RETEST#0,TRAIN,2025-09-10,1
OPENING_RANGE_BREAKOUT_RETEST#0,TRAIN,2025-09-11,1
OPENING_RANGE_BREAKOUT_RETEST#0,TRAIN,2025-09-15,1
OPENING_RANGE_BREAKOUT_RETEST#0,TRAIN,2025-09-16,1
OPENING_RANGE_BREAKOUT_RETEST#0,TRAIN,2025-09-18,1
OPENING_RANGE_BREAKOUT_RETEST#0,TRAIN,2025-09-19,1
OPENING_RANGE_BREAKOUT_RETEST#0,TRAIN,2025-09-22,1
OPENING_RANGE_BREAKOUT_RETEST#0,TRAIN,2025-09-23,1
OPENING_RANGE_BREAKOUT_RETEST#0,TRAIN,2025-09-24,1
OPENING_RANGE_BREAKOUT_RETEST#0,TRAIN,2025-09-25,1
OPENING_RANGE_BREAKOUT_RETEST#0,TRAIN,2025-09-26,1
OPENING_RANGE_BREAKOUT_RETEST#0,TRAIN,2025-09-29,1
OPENING_RANGE_BREAKOUT_RETEST#0,TRAIN,2025-09-30,1
OPENING_RANGE_BREAKOUT_RETEST#0,TRAIN,2025-10-03,1
OPENING_RANGE_BREAKOUT_RETEST#0,TRAIN,2025-10-07,1
OPENING_RANGE_BREAKOUT_RETEST#0,TRAIN,2025-10-08,1
OPENING_RANGE_BREAKOUT_RETEST#0,TRAIN,2025-10-09,1
OPENING_RANGE_BREAKOUT_RETEST#0,TRAIN,2025-10-10,1
OPENING_RANGE_BREAKOUT_RETEST#0,TRAIN,2025-10-13,1
OPENING_RANGE_BREAKOUT_RETEST#0,TRAIN,2025-10-14,1
OPENING_RANGE_BREAKOUT_RETEST#0,TRAIN,2025-10-15,1
OPENING_RANGE_BREAKOUT_RETEST#0,TRAIN,2025-10-16,1
OPENING_RANGE_BREAKOUT_RETEST#0,TRAIN,2025-10-20,1
OPENING_RANGE_BREAKOUT_RETEST#0,TRAIN,2025-10-21,1
OPENING_RANGE_BREAKOUT_RETEST#0,TRAIN,2025-10-22,1
OPENING_RANGE_BREAKOUT_RETEST#0,TRAIN,2025-10-24,1
OPENING_RANGE_BREAKOUT_RETEST#0,TRAIN,2025-10-27,1
OPENING_RANGE_BREAKOUT_RETEST#0,TRAIN,2025-10-31,1
OPENING_RANGE_BREAKOUT_RETEST#0,TRAIN,2025-11-03,1
OPENING_RANGE_BREAKOUT_RETEST#0,TRAIN,2025-11-04,1
OPENING_RANGE_BREAKOUT_RETEST#0,TRAIN,2025-11-06,1
OPENING_RANGE_BREAKOUT_RETEST#0,TRAIN,2025-11-10,1
OPENING_RANGE_BREAKOUT_RETEST#0,TRAIN,2025-11-11,1
OPENING_RANGE_BREAKOUT_RETEST#0,TRAIN,2025-11-12,1
OPENING_RANGE_BREAKOUT_RETEST#0,TRAIN,2025-11-14,1
OPENING_RANGE_BREAKOUT_RETEST#0,TRAIN,2025-11-17,1
OPENING_RANGE_BREAKOUT_RETEST#0,TRAIN,2025-11-18,1
OPENING_RANGE_BREAKOUT_RETEST#0,TRAIN,2025-11-19,1
OPENING_RANGE_BREAKOUT_RETEST#0,TRAIN,2025-11-20,1
OPENING_RANGE_BREAKOUT_RETEST#0,TRAIN,2025-11-21,1
OPENING_RANGE_BREAKOUT_RETEST#0,TRAIN,2025-11-24,1
OPENING_RANGE_BREAKOUT_RETEST#0,TRAIN,2025-11-25,1
OPENING_RANGE_BREAKOUT_RETEST#0,TRAIN,2025-11-26,1
OPENING_RANGE_BREAKOUT_RETEST#0,VALIDATION,2025-12-01,1
OPENING_RANGE_BREAKOUT_RETEST#0,VALIDATION,2025-12-02,1
OPENING_RANGE_BREAKOUT_RETEST#0,VALIDATION,2025-12-04,1
OPENING_RANGE_BREAKOUT_RETEST#0,VALIDATION,2025-12-05,1
OPENING_RANGE_BREAKOUT_RETEST#0,VALIDATION,2025-12-08,1
OPENING_RANGE_BREAKOUT_RETEST#0,VALIDATION,2025-12-11,1
OPENING_RANGE_BREAKOUT_RETEST#0,VALIDATION,2025-12-18,1
OPENING_RANGE_BREAKOUT_RETEST#0,VALIDATION,2025-12-19,1
OPENING_RANGE_BREAKOUT_RETEST#0,VALIDATION,2025-12-23,1
OPENING_RANGE_BREAKOUT_RETEST#0,VALIDATION,2025-12-29,1
OPENING_RANGE_BREAKOUT_RETEST#0,VALIDATION,2026-01-05,1
OPENING_RANGE_BREAKOUT_RETEST#0,VALIDATION,2026-01-07,1
OPENING_RANGE_BREAKOUT_RETEST#0,VALIDATION,2026-01-09,1
OPENING_RANGE_BREAKOUT_RETEST#0,VALIDATION,2026-01-12,1
OPENING_RANGE_BREAKOUT_RETEST#0,VALIDATION,2026-01-13,1
OPENING_RANGE_BREAKOUT_RETEST#0,VALIDATION,2026-01-14,1
OPENING_RANGE_BREAKOUT_RETEST#0,VALIDATION,2026-01-16,1
OPENING_RANGE_BREAKOUT_RETEST#0,VALIDATION,2026-01-19,1
OPENING_RANGE_BREAKOUT_RETEST#0,VALIDATION,2026-01-20,1
OPENING_RANGE_BREAKOUT_RETEST#0,VALIDATION,2026-01-21,1
OPENING_RANGE_BREAKOUT_RETEST#0,VALIDATION,2026-01-26,1
OPENING_RANGE_BREAKOUT_RETEST#0,VALIDATION,2026-01-27,1
OPENING_RANGE_BREAKOUT_RETEST#0,VALIDATION,2026-01-29,1
OPENING_RANGE_BREAKOUT_RETEST#0,VALIDATION,2026-02-02,1
OPENING_RANGE_BREAKOUT_RETEST#0,VALIDATION,2026-02-04,1
OPENING_RANGE_BREAKOUT_RETEST#0,VALIDATION,2026-02-10,1
OPENING_RANGE_BREAKOUT_RETEST#0,VALIDATION,2026-02-11,1
OPENING_RANGE_BREAKOUT_RETEST#0,VALIDATION,2026-02-12,1
OPENING_RANGE_BREAKOUT_RETEST#0,VALIDATION,2026-02-13,1
OPENING_RANGE_BREAKOUT_RETEST#0,VALIDATION,2026-02-16,1
OPENING_RANGE_BREAKOUT_RETEST#0,VALIDATION,2026-02-17,1
OPENING_RANGE_BREAKOUT_RETEST#0,VALIDATION,2026-02-18,1
OPENING_RANGE_BREAKOUT_RETEST#0,VALIDATION,2026-02-19,1
OPENING_RANGE_BREAKOUT_RETEST#0,VALIDATION,2026-02-20,1
OPENING_RANGE_BREAKOUT_RETEST#0,VALIDATION,2026-02-23,1
OPENING_RANGE_BREAKOUT_RETEST#0,VALIDATION,2026-02-25,1
OPENING_RANGE_BREAKOUT_RETEST#0,VALIDATION,2026-02-26,1
OPENING_RANGE_BREAKOUT_RETEST#0,VALIDATION,2026-02-27,1
OPENING_RANGE_BREAKOUT_RETEST#0,VALIDATION,2026-03-02,1
OPENING_RANGE_BREAKOUT_RETEST#0,VALIDATION,2026-03-05,1
OPENING_RANGE_BREAKOUT_RETEST#0,VALIDATION,2026-03-06,1
OPENING_RANGE_BREAKOUT_RETEST#0,VALIDATION,2026-03-09,1
OPENING_RANGE_BREAKOUT_RETEST#0,VALIDATION,2026-03-10,1
OPENING_RANGE_BREAKOUT_RETEST#0,VALIDATION,2026-03-11,1
OPENING_RANGE_BREAKOUT_RETEST#0,VALIDATION,2026-03-12,1
OPENING_RANGE_BREAKOUT_RETEST#0,VALIDATION,2026-03-17,1
OPENING_RANGE_BREAKOUT_RETEST#0,VALIDATION,2026-03-18,1
OPENING_RANGE_BREAKOUT_RETEST#0,VALIDATION,2026-03-19,1
OPENING_RANGE_BREAKOUT_RETEST#0,VALIDATION,2026-03-24,1
OPENING_RANGE_BREAKOUT_RETEST#0,VALIDATION,2026-03-25,1
OPENING_RANGE_BREAKOUT_RETEST#0,VALIDATION,2026-03-26,1
OPENING_RANGE_BREAKOUT_RETEST#0,VALIDATION,2026-03-27,1
OPENING_RANGE_BREAKOUT_RETEST#0,VALIDATION,2026-03-30,1
OPENING_RANGE_BREAKOUT_RETEST#0,VALIDATION,2026-04-01,1
OPENING_RANGE_BREAKOUT_RETEST#0,VALIDATION,2026-04-07,1
OPENING_RANGE_BREAKOUT_RETEST#0,VALIDATION,2026-04-08,1
OPENING_RANGE_BREAKOUT_RETEST#0,VALIDATION,2026-04-13,1
OPENING_RANGE_BREAKOUT_RETEST#0,VALIDATION,2026-04-14,1
OPENING_RANGE_BREAKOUT_RETEST#0,VALIDATION,2026-04-15,1
OPENING_RANGE_BREAKOUT_RETEST#0,VALIDATION,2026-04-16,1
OPENING_RANGE_BREAKOUT_RETEST#0,VALIDATION,2026-04-20,1
OPENING_RANGE_BREAKOUT_RETEST#0,VALIDATION,2026-04-21,1
OPENING_RANGE_BREAKOUT_RETEST#0,VALIDATION,2026-04-22,1
OPENING_RANGE_BREAKOUT_RETEST#0,VALIDATION,2026-04-23,1
OPENING_RANGE_BREAKOUT_RETEST#0,VALIDATION,2026-04-27,1
OPENING_RANGE_BREAKOUT_RETEST#0,VALIDATION,2026-04-28,1
OPENING_RANGE_BREAKOUT_RETEST#0,VALIDATION,2026-04-29,1
OPENING_RANGE_BREAKOUT_RETEST#0,VALIDATION,2026-04-30,1
OPENING_RANGE_BREAKOUT_RETEST#1,TRAIN,2025-02-04,1
OPENING_RANGE_BREAKOUT_RETEST#1,TRAIN,2025-02-06,1
OPENING_RANGE_BREAKOUT_RETEST#1,TRAIN,2025-02-07,1
OPENING_RANGE_BREAKOUT_RETEST#1,TRAIN,2025-02-10,1
OPENING_RANGE_BREAKOUT_RETEST#1,TRAIN,2025-02-13,1
OPENING_RANGE_BREAKOUT_RETEST#1,TRAIN,2025-02-18,1
OPENING_RANGE_BREAKOUT_RETEST#1,TRAIN,2025-02-20,1
OPENING_RANGE_BREAKOUT_RETEST#1,TRAIN,2025-02-21,1
OPENING_RANGE_BREAKOUT_RETEST#1,TRAIN,2025-02-27,1
OPENING_RANGE_BREAKOUT_RETEST#1,TRAIN,2025-02-28,1
OPENING_RANGE_BREAKOUT_RETEST#1,TRAIN,2025-03-03,1
OPENING_RANGE_BREAKOUT_RETEST#1,TRAIN,2025-03-05,1
OPENING_RANGE_BREAKOUT_RETEST#1,TRAIN,2025-03-07,1
OPENING_RANGE_BREAKOUT_RETEST#1,TRAIN,2025-03-10,1
OPENING_RANGE_BREAKOUT_RETEST#1,TRAIN,2025-03-17,1
OPENING_RANGE_BREAKOUT_RETEST#1,TRAIN,2025-03-18,1
OPENING_RANGE_BREAKOUT_RETEST#1,TRAIN,2025-03-19,1
OPENING_RANGE_BREAKOUT_RETEST#1,TRAIN,2025-03-21,1
OPENING_RANGE_BREAKOUT_RETEST#1,TRAIN,2025-03-24,1
OPENING_RANGE_BREAKOUT_RETEST#1,TRAIN,2025-03-28,1
OPENING_RANGE_BREAKOUT_RETEST#1,TRAIN,2025-04-01,1
OPENING_RANGE_BREAKOUT_RETEST#1,TRAIN,2025-04-02,1
OPENING_RANGE_BREAKOUT_RETEST#1,TRAIN,2025-04-03,1
OPENING_RANGE_BREAKOUT_RETEST#1,TRAIN,2025-04-04,1
OPENING_RANGE_BREAKOUT_RETEST#1,TRAIN,2025-04-14,1
OPENING_RANGE_BREAKOUT_RETEST#1,TRAIN,2025-04-15,1
OPENING_RANGE_BREAKOUT_RETEST#1,TRAIN,2025-04-16,1
OPENING_RANGE_BREAKOUT_RETEST#1,TRAIN,2025-04-17,1
OPENING_RANGE_BREAKOUT_RETEST#1,TRAIN,2025-04-23,1
OPENING_RANGE_BREAKOUT_RETEST#1,TRAIN,2025-04-24,1
OPENING_RANGE_BREAKOUT_RETEST#1,TRAIN,2025-04-25,1
OPENING_RANGE_BREAKOUT_RETEST#1,TRAIN,2025-04-28,1
OPENING_RANGE_BREAKOUT_RETEST#1,TRAIN,2025-04-29,1
OPENING_RANGE_BREAKOUT_RETEST#1,TRAIN,2025-05-02,1
OPENING_RANGE_BREAKOUT_RETEST#1,TRAIN,2025-05-07,1
OPENING_RANGE_BREAKOUT_RETEST#1,TRAIN,2025-05-08,1
OPENING_RANGE_BREAKOUT_RETEST#1,TRAIN,2025-05-12,1
OPENING_RANGE_BREAKOUT_RETEST#1,TRAIN,2025-05-15,1
OPENING_RANGE_BREAKOUT_RETEST#1,TRAIN,2025-05-21,1
OPENING_RANGE_BREAKOUT_RETEST#1,TRAIN,2025-05-27,1
OPENING_RANGE_BREAKOUT_RETEST#1,TRAIN,2025-05-29,1
OPENING_RANGE_BREAKOUT_RETEST#1,TRAIN,2025-05-30,1
OPENING_RANGE_BREAKOUT_RETEST#1,TRAIN,2025-06-04,1
OPENING_RANGE_BREAKOUT_RETEST#1,TRAIN,2025-06-05,1
OPENING_RANGE_BREAKOUT_RETEST#1,TRAIN,2025-06-09,1
OPENING_RANGE_BREAKOUT_RETEST#1,TRAIN,2025-06-10,1
OPENING_RANGE_BREAKOUT_RETEST#1,TRAIN,2025-06-11,1
OPENING_RANGE_BREAKOUT_RETEST#1,TRAIN,2025-06-12,1
OPENING_RANGE_BREAKOUT_RETEST#1,TRAIN,2025-06-13,1
OPENING_RANGE_BREAKOUT_RETEST#1,TRAIN,2025-06-16,1
OPENING_RANGE_BREAKOUT_RETEST#1,TRAIN,2025-06-18,1
OPENING_RANGE_BREAKOUT_RETEST#1,TRAIN,2025-06-20,1
OPENING_RANGE_BREAKOUT_RETEST#1,TRAIN,2025-06-24,1
OPENING_RANGE_BREAKOUT_RETEST#1,TRAIN,2025-06-26,1
OPENING_RANGE_BREAKOUT_RETEST#1,TRAIN,2025-06-30,1
OPENING_RANGE_BREAKOUT_RETEST#1,TRAIN,2025-07-01,1
OPENING_RANGE_BREAKOUT_RETEST#1,TRAIN,2025-07-04,1
OPENING_RANGE_BREAKOUT_RETEST#1,TRAIN,2025-07-08,1
OPENING_RANGE_BREAKOUT_RETEST#1,TRAIN,2025-07-11,1
OPENING_RANGE_BREAKOUT_RETEST#1,TRAIN,2025-07-15,1
OPENING_RANGE_BREAKOUT_RETEST#1,TRAIN,2025-07-17,1
OPENING_RANGE_BREAKOUT_RETEST#1,TRAIN,2025-07-21,1
OPENING_RANGE_BREAKOUT_RETEST#1,TRAIN,2025-07-22,1
OPENING_RANGE_BREAKOUT_RETEST#1,TRAIN,2025-07-23,1
OPENING_RANGE_BREAKOUT_RETEST#1,TRAIN,2025-07-25,1
OPENING_RANGE_BREAKOUT_RETEST#1,TRAIN,2025-07-29,1
OPENING_RANGE_BREAKOUT_RETEST#1,TRAIN,2025-07-31,1
OPENING_RANGE_BREAKOUT_RETEST#1,TRAIN,2025-08-01,1
OPENING_RANGE_BREAKOUT_RETEST#1,TRAIN,2025-08-05,1
OPENING_RANGE_BREAKOUT_RETEST#1,TRAIN,2025-08-08,1
OPENING_RANGE_BREAKOUT_RETEST#1,TRAIN,2025-08-11,1
OPENING_RANGE_BREAKOUT_RETEST#1,TRAIN,2025-08-12,1
OPENING_RANGE_BREAKOUT_RETEST#1,TRAIN,2025-08-13,1
OPENING_RANGE_BREAKOUT_RETEST#1,TRAIN,2025-08-14,1
OPENING_RANGE_BREAKOUT_RETEST#1,TRAIN,2025-08-21,1
OPENING_RANGE_BREAKOUT_RETEST#1,TRAIN,2025-08-26,1
OPENING_RANGE_BREAKOUT_RETEST#1,TRAIN,2025-08-27,1
OPENING_RANGE_BREAKOUT_RETEST#1,TRAIN,2025-08-29,1
OPENING_RANGE_BREAKOUT_RETEST#1,TRAIN,2025-09-03,1
OPENING_RANGE_BREAKOUT_RETEST#1,TRAIN,2025-09-04,1
OPENING_RANGE_BREAKOUT_RETEST#1,TRAIN,2025-09-10,1
OPENING_RANGE_BREAKOUT_RETEST#1,TRAIN,2025-09-11,1
OPENING_RANGE_BREAKOUT_RETEST#1,TRAIN,2025-09-15,1
OPENING_RANGE_BREAKOUT_RETEST#1,TRAIN,2025-09-16,1
OPENING_RANGE_BREAKOUT_RETEST#1,TRAIN,2025-09-18,1
OPENING_RANGE_BREAKOUT_RETEST#1,TRAIN,2025-09-19,1
OPENING_RANGE_BREAKOUT_RETEST#1,TRAIN,2025-09-22,1
OPENING_RANGE_BREAKOUT_RETEST#1,TRAIN,2025-09-23,1
OPENING_RANGE_BREAKOUT_RETEST#1,TRAIN,2025-09-24,1
OPENING_RANGE_BREAKOUT_RETEST#1,TRAIN,2025-09-25,1
OPENING_RANGE_BREAKOUT_RETEST#1,TRAIN,2025-09-26,1
OPENING_RANGE_BREAKOUT_RETEST#1,TRAIN,2025-10-07,1
OPENING_RANGE_BREAKOUT_RETEST#1,TRAIN,2025-10-08,1
OPENING_RANGE_BREAKOUT_RETEST#1,TRAIN,2025-10-09,1
OPENING_RANGE_BREAKOUT_RETEST#1,TRAIN,2025-10-10,1
OPENING_RANGE_BREAKOUT_RETEST#1,TRAIN,2025-10-13,1
OPENING_RANGE_BREAKOUT_RETEST#1,TRAIN,2025-10-14,1
OPENING_RANGE_BREAKOUT_RETEST#1,TRAIN,2025-10-15,1
OPENING_RANGE_BREAKOUT_RETEST#1,TRAIN,2025-10-16,1
OPENING_RANGE_BREAKOUT_RETEST#1,TRAIN,2025-10-20,1
OPENING_RANGE_BREAKOUT_RETEST#1,TRAIN,2025-10-22,1
OPENING_RANGE_BREAKOUT_RETEST#1,TRAIN,2025-10-24,1
OPENING_RANGE_BREAKOUT_RETEST#1,TRAIN,2025-10-27,1
OPENING_RANGE_BREAKOUT_RETEST#1,TRAIN,2025-10-31,1
OPENING_RANGE_BREAKOUT_RETEST#1,TRAIN,2025-11-03,1
OPENING_RANGE_BREAKOUT_RETEST#1,TRAIN,2025-11-04,1
OPENING_RANGE_BREAKOUT_RETEST#1,TRAIN,2025-11-06,1
OPENING_RANGE_BREAKOUT_RETEST#1,TRAIN,2025-11-10,1
OPENING_RANGE_BREAKOUT_RETEST#1,TRAIN,2025-11-11,1
OPENING_RANGE_BREAKOUT_RETEST#1,TRAIN,2025-11-12,1
OPENING_RANGE_BREAKOUT_RETEST#1,TRAIN,2025-11-14,1
OPENING_RANGE_BREAKOUT_RETEST#1,TRAIN,2025-11-17,1
OPENING_RANGE_BREAKOUT_RETEST#1,TRAIN,2025-11-19,1
OPENING_RANGE_BREAKOUT_RETEST#1,TRAIN,2025-11-20,1
OPENING_RANGE_BREAKOUT_RETEST#1,TRAIN,2025-11-21,1
OPENING_RANGE_BREAKOUT_RETEST#1,TRAIN,2025-11-24,1
OPENING_RANGE_BREAKOUT_RETEST#1,TRAIN,2025-11-25,1
OPENING_RANGE_BREAKOUT_RETEST#1,VALIDATION,2025-12-01,1
OPENING_RANGE_BREAKOUT_RETEST#1,VALIDATION,2025-12-02,1
OPENING_RANGE_BREAKOUT_RETEST#1,VALIDATION,2025-12-04,1
OPENING_RANGE_BREAKOUT_RETEST#1,VALIDATION,2025-12-05,1
OPENING_RANGE_BREAKOUT_RETEST#1,VALIDATION,2025-12-08,1
OPENING_RANGE_BREAKOUT_RETEST#1,VALIDATION,2025-12-18,1
OPENING_RANGE_BREAKOUT_RETEST#1,VALIDATION,2025-12-19,1
OPENING_RANGE_BREAKOUT_RETEST#1,VALIDATION,2025-12-29,1
OPENING_RANGE_BREAKOUT_RETEST#1,VALIDATION,2026-01-05,1
OPENING_RANGE_BREAKOUT_RETEST#1,VALIDATION,2026-01-07,1
OPENING_RANGE_BREAKOUT_RETEST#1,VALIDATION,2026-01-09,1
OPENING_RANGE_BREAKOUT_RETEST#1,VALIDATION,2026-01-12,1
OPENING_RANGE_BREAKOUT_RETEST#1,VALIDATION,2026-01-13,1
OPENING_RANGE_BREAKOUT_RETEST#1,VALIDATION,2026-01-14,1
OPENING_RANGE_BREAKOUT_RETEST#1,VALIDATION,2026-01-20,1
OPENING_RANGE_BREAKOUT_RETEST#1,VALIDATION,2026-01-21,1
OPENING_RANGE_BREAKOUT_RETEST#1,VALIDATION,2026-01-26,1
OPENING_RANGE_BREAKOUT_RETEST#1,VALIDATION,2026-01-27,1
OPENING_RANGE_BREAKOUT_RETEST#1,VALIDATION,2026-01-29,1
OPENING_RANGE_BREAKOUT_RETEST#1,VALIDATION,2026-02-04,1
OPENING_RANGE_BREAKOUT_RETEST#1,VALIDATION,2026-02-10,1
OPENING_RANGE_BREAKOUT_RETEST#1,VALIDATION,2026-02-12,1
OPENING_RANGE_BREAKOUT_RETEST#1,VALIDATION,2026-02-16,1
OPENING_RANGE_BREAKOUT_RETEST#1,VALIDATION,2026-02-17,1
OPENING_RANGE_BREAKOUT_RETEST#1,VALIDATION,2026-02-18,1
OPENING_RANGE_BREAKOUT_RETEST#1,VALIDATION,2026-02-19,1
OPENING_RANGE_BREAKOUT_RETEST#1,VALIDATION,2026-02-20,1
OPENING_RANGE_BREAKOUT_RETEST#1,VALIDATION,2026-02-23,1
OPENING_RANGE_BREAKOUT_RETEST#1,VALIDATION,2026-02-25,1
OPENING_RANGE_BREAKOUT_RETEST#1,VALIDATION,2026-02-26,1
OPENING_RANGE_BREAKOUT_RETEST#1,VALIDATION,2026-02-27,1
OPENING_RANGE_BREAKOUT_RETEST#1,VALIDATION,2026-03-02,1
OPENING_RANGE_BREAKOUT_RETEST#1,VALIDATION,2026-03-05,1
OPENING_RANGE_BREAKOUT_RETEST#1,VALIDATION,2026-03-06,1
OPENING_RANGE_BREAKOUT_RETEST#1,VALIDATION,2026-03-09,1
OPENING_RANGE_BREAKOUT_RETEST#1,VALIDATION,2026-03-10,1
OPENING_RANGE_BREAKOUT_RETEST#1,VALIDATION,2026-03-11,1
OPENING_RANGE_BREAKOUT_RETEST#1,VALIDATION,2026-03-12,1
OPENING_RANGE_BREAKOUT_RETEST#1,VALIDATION,2026-03-19,1
OPENING_RANGE_BREAKOUT_RETEST#1,VALIDATION,2026-03-24,1
OPENING_RANGE_BREAKOUT_RETEST#1,VALIDATION,2026-03-26,1
OPENING_RANGE_BREAKOUT_RETEST#1,VALIDATION,2026-03-27,1
OPENING_RANGE_BREAKOUT_RETEST#1,VALIDATION,2026-03-30,1
OPENING_RANGE_BREAKOUT_RETEST#1,VALIDATION,2026-04-01,1
OPENING_RANGE_BREAKOUT_RETEST#1,VALIDATION,2026-04-07,1
OPENING_RANGE_BREAKOUT_RETEST#1,VALIDATION,2026-04-08,1
OPENING_RANGE_BREAKOUT_RETEST#1,VALIDATION,2026-04-10,1
OPENING_RANGE_BREAKOUT_RETEST#1,VALIDATION,2026-04-13,1
OPENING_RANGE_BREAKOUT_RETEST#1,VALIDATION,2026-04-14,1
OPENING_RANGE_BREAKOUT_RETEST#1,VALIDATION,2026-04-16,1
OPENING_RANGE_BREAKOUT_RETEST#1,VALIDATION,2026-04-20,1
OPENING_RANGE_BREAKOUT_RETEST#1,VALIDATION,2026-04-21,1
OPENING_RANGE_BREAKOUT_RETEST#1,VALIDATION,2026-04-22,1
OPENING_RANGE_BREAKOUT_RETEST#1,VALIDATION,2026-04-23,1
OPENING_RANGE_BREAKOUT_RETEST#1,VALIDATION,2026-04-27,1
OPENING_RANGE_BREAKOUT_RETEST#1,VALIDATION,2026-04-28,1
OPENING_RANGE_BREAKOUT_RETEST#1,VALIDATION,2026-04-29,1
OPENING_RANGE_BREAKOUT_RETEST#2,TRAIN,2025-02-04,1
OPENING_RANGE_BREAKOUT_RETEST#2,TRAIN,2025-02-06,1
OPENING_RANGE_BREAKOUT_RETEST#2,TRAIN,2025-02-07,1
OPENING_RANGE_BREAKOUT_RETEST#2,TRAIN,2025-02-10,1
OPENING_RANGE_BREAKOUT_RETEST#2,TRAIN,2025-02-12,1
OPENING_RANGE_BREAKOUT_RETEST#2,TRAIN,2025-02-13,1
OPENING_RANGE_BREAKOUT_RETEST#2,TRAIN,2025-02-18,1
OPENING_RANGE_BREAKOUT_RETEST#2,TRAIN,2025-02-20,1
OPENING_RANGE_BREAKOUT_RETEST#2,TRAIN,2025-02-21,1
OPENING_RANGE_BREAKOUT_RETEST#2,TRAIN,2025-02-24,1
OPENING_RANGE_BREAKOUT_RETEST#2,TRAIN,2025-02-26,1
OPENING_RANGE_BREAKOUT_RETEST#2,TRAIN,2025-02-27,1
OPENING_RANGE_BREAKOUT_RETEST#2,TRAIN,2025-02-28,1
OPENING_RANGE_BREAKOUT_RETEST#2,TRAIN,2025-03-03,1
OPENING_RANGE_BREAKOUT_RETEST#2,TRAIN,2025-03-04,1
OPENING_RANGE_BREAKOUT_RETEST#2,TRAIN,2025-03-05,1
OPENING_RANGE_BREAKOUT_RETEST#2,TRAIN,2025-03-07,1
OPENING_RANGE_BREAKOUT_RETEST#2,TRAIN,2025-03-10,1
OPENING_RANGE_BREAKOUT_RETEST#2,TRAIN,2025-03-11,1
OPENING_RANGE_BREAKOUT_RETEST#2,TRAIN,2025-03-14,1
OPENING_RANGE_BREAKOUT_RETEST#2,TRAIN,2025-03-17,1
OPENING_RANGE_BREAKOUT_RETEST#2,TRAIN,2025-03-18,1
OPENING_RANGE_BREAKOUT_RETEST#2,TRAIN,2025-03-19,1
OPENING_RANGE_BREAKOUT_RETEST#2,TRAIN,2025-03-21,1
OPENING_RANGE_BREAKOUT_RETEST#2,TRAIN,2025-03-24,1
OPENING_RANGE_BREAKOUT_RETEST#2,TRAIN,2025-03-27,1
OPENING_RANGE_BREAKOUT_RETEST#2,TRAIN,2025-03-28,1
OPENING_RANGE_BREAKOUT_RETEST#2,TRAIN,2025-04-01,1
OPENING_RANGE_BREAKOUT_RETEST#2,TRAIN,2025-04-02,1
OPENING_RANGE_BREAKOUT_RETEST#2,TRAIN,2025-04-03,1
OPENING_RANGE_BREAKOUT_RETEST#2,TRAIN,2025-04-04,1
OPENING_RANGE_BREAKOUT_RETEST#2,TRAIN,2025-04-09,1
OPENING_RANGE_BREAKOUT_RETEST#2,TRAIN,2025-04-14,1
OPENING_RANGE_BREAKOUT_RETEST#2,TRAIN,2025-04-15,1
OPENING_RANGE_BREAKOUT_RETEST#2,TRAIN,2025-04-16,1
OPENING_RANGE_BREAKOUT_RETEST#2,TRAIN,2025-04-17,1
OPENING_RANGE_BREAKOUT_RETEST#2,TRAIN,2025-04-23,1
OPENING_RANGE_BREAKOUT_RETEST#2,TRAIN,2025-04-24,1
OPENING_RANGE_BREAKOUT_RETEST#2,TRAIN,2025-04-25,1
OPENING_RANGE_BREAKOUT_RETEST#2,TRAIN,2025-04-28,1
OPENING_RANGE_BREAKOUT_RETEST#2,TRAIN,2025-04-29,1
OPENING_RANGE_BREAKOUT_RETEST#2,TRAIN,2025-04-30,1
OPENING_RANGE_BREAKOUT_RETEST#2,TRAIN,2025-05-02,1
OPENING_RANGE_BREAKOUT_RETEST#2,TRAIN,2025-05-07,1
OPENING_RANGE_BREAKOUT_RETEST#2,TRAIN,2025-05-08,1
OPENING_RANGE_BREAKOUT_RETEST#2,TRAIN,2025-05-09,1
OPENING_RANGE_BREAKOUT_RETEST#2,TRAIN,2025-05-12,1
OPENING_RANGE_BREAKOUT_RETEST#2,TRAIN,2025-05-15,1
OPENING_RANGE_BREAKOUT_RETEST#2,TRAIN,2025-05-20,1
OPENING_RANGE_BREAKOUT_RETEST#2,TRAIN,2025-05-21,1
OPENING_RANGE_BREAKOUT_RETEST#2,TRAIN,2025-05-27,1
OPENING_RANGE_BREAKOUT_RETEST#2,TRAIN,2025-05-29,1
OPENING_RANGE_BREAKOUT_RETEST#2,TRAIN,2025-05-30,1
OPENING_RANGE_BREAKOUT_RETEST#2,TRAIN,2025-06-04,1
OPENING_RANGE_BREAKOUT_RETEST#2,TRAIN,2025-06-05,1
OPENING_RANGE_BREAKOUT_RETEST#2,TRAIN,2025-06-09,1
OPENING_RANGE_BREAKOUT_RETEST#2,TRAIN,2025-06-10,1
OPENING_RANGE_BREAKOUT_RETEST#2,TRAIN,2025-06-11,1
OPENING_RANGE_BREAKOUT_RETEST#2,TRAIN,2025-06-12,1
OPENING_RANGE_BREAKOUT_RETEST#2,TRAIN,2025-06-13,1
OPENING_RANGE_BREAKOUT_RETEST#2,TRAIN,2025-06-16,1
OPENING_RANGE_BREAKOUT_RETEST#2,TRAIN,2025-06-18,1
OPENING_RANGE_BREAKOUT_RETEST#2,TRAIN,2025-06-19,1
OPENING_RANGE_BREAKOUT_RETEST#2,TRAIN,2025-06-20,1
OPENING_RANGE_BREAKOUT_RETEST#2,TRAIN,2025-06-24,1
OPENING_RANGE_BREAKOUT_RETEST#2,TRAIN,2025-06-25,1
OPENING_RANGE_BREAKOUT_RETEST#2,TRAIN,2025-06-26,1
OPENING_RANGE_BREAKOUT_RETEST#2,TRAIN,2025-06-27,1
OPENING_RANGE_BREAKOUT_RETEST#2,TRAIN,2025-06-30,1
OPENING_RANGE_BREAKOUT_RETEST#2,TRAIN,2025-07-01,1
OPENING_RANGE_BREAKOUT_RETEST#2,TRAIN,2025-07-04,1
OPENING_RANGE_BREAKOUT_RETEST#2,TRAIN,2025-07-08,1
OPENING_RANGE_BREAKOUT_RETEST#2,TRAIN,2025-07-11,1
OPENING_RANGE_BREAKOUT_RETEST#2,TRAIN,2025-07-14,1
OPENING_RANGE_BREAKOUT_RETEST#2,TRAIN,2025-07-15,1
OPENING_RANGE_BREAKOUT_RETEST#2,TRAIN,2025-07-16,1
OPENING_RANGE_BREAKOUT_RETEST#2,TRAIN,2025-07-17,1
OPENING_RANGE_BREAKOUT_RETEST#2,TRAIN,2025-07-21,1
OPENING_RANGE_BREAKOUT_RETEST#2,TRAIN,2025-07-22,1
OPENING_RANGE_BREAKOUT_RETEST#2,TRAIN,2025-07-23,1
OPENING_RANGE_BREAKOUT_RETEST#2,TRAIN,2025-07-25,1
OPENING_RANGE_BREAKOUT_RETEST#2,TRAIN,2025-07-28,1
OPENING_RANGE_BREAKOUT_RETEST#2,TRAIN,2025-07-29,1
OPENING_RANGE_BREAKOUT_RETEST#2,TRAIN,2025-07-31,1
OPENING_RANGE_BREAKOUT_RETEST#2,TRAIN,2025-08-01,1
OPENING_RANGE_BREAKOUT_RETEST#2,TRAIN,2025-08-04,1
OPENING_RANGE_BREAKOUT_RETEST#2,TRAIN,2025-08-05,1
OPENING_RANGE_BREAKOUT_RETEST#2,TRAIN,2025-08-06,1
OPENING_RANGE_BREAKOUT_RETEST#2,TRAIN,2025-08-08,1
OPENING_RANGE_BREAKOUT_RETEST#2,TRAIN,2025-08-11,1
OPENING_RANGE_BREAKOUT_RETEST#2,TRAIN,2025-08-12,1
OPENING_RANGE_BREAKOUT_RETEST#2,TRAIN,2025-08-13,1
OPENING_RANGE_BREAKOUT_RETEST#2,TRAIN,2025-08-14,1
OPENING_RANGE_BREAKOUT_RETEST#2,TRAIN,2025-08-20,1
OPENING_RANGE_BREAKOUT_RETEST#2,TRAIN,2025-08-21,1
OPENING_RANGE_BREAKOUT_RETEST#2,TRAIN,2025-08-25,1
OPENING_RANGE_BREAKOUT_RETEST#2,TRAIN,2025-08-26,1
OPENING_RANGE_BREAKOUT_RETEST#2,TRAIN,2025-08-27,1
OPENING_RANGE_BREAKOUT_RETEST#2,TRAIN,2025-08-29,1
OPENING_RANGE_BREAKOUT_RETEST#2,TRAIN,2025-09-02,1
OPENING_RANGE_BREAKOUT_RETEST#2,TRAIN,2025-09-03,1
OPENING_RANGE_BREAKOUT_RETEST#2,TRAIN,2025-09-04,1
OPENING_RANGE_BREAKOUT_RETEST#2,TRAIN,2025-09-08,1
OPENING_RANGE_BREAKOUT_RETEST#2,TRAIN,2025-09-10,1
OPENING_RANGE_BREAKOUT_RETEST#2,TRAIN,2025-09-11,1
OPENING_RANGE_BREAKOUT_RETEST#2,TRAIN,2025-09-15,1
OPENING_RANGE_BREAKOUT_RETEST#2,TRAIN,2025-09-16,1
OPENING_RANGE_BREAKOUT_RETEST#2,TRAIN,2025-09-18,1
OPENING_RANGE_BREAKOUT_RETEST#2,TRAIN,2025-09-19,1
OPENING_RANGE_BREAKOUT_RETEST#2,TRAIN,2025-09-22,1
OPENING_RANGE_BREAKOUT_RETEST#2,TRAIN,2025-09-23,1
OPENING_RANGE_BREAKOUT_RETEST#2,TRAIN,2025-09-24,1
OPENING_RANGE_BREAKOUT_RETEST#2,TRAIN,2025-09-25,1
OPENING_RANGE_BREAKOUT_RETEST#2,TRAIN,2025-09-26,1
OPENING_RANGE_BREAKOUT_RETEST#2,TRAIN,2025-09-29,1
OPENING_RANGE_BREAKOUT_RETEST#2,TRAIN,2025-09-30,1
OPENING_RANGE_BREAKOUT_RETEST#2,TRAIN,2025-10-03,1
OPENING_RANGE_BREAKOUT_RETEST#2,TRAIN,2025-10-07,1
OPENING_RANGE_BREAKOUT_RETEST#2,TRAIN,2025-10-08,1
OPENING_RANGE_BREAKOUT_RETEST#2,TRAIN,2025-10-09,1
OPENING_RANGE_BREAKOUT_RETEST#2,TRAIN,2025-10-10,1
OPENING_RANGE_BREAKOUT_RETEST#2,TRAIN,2025-10-13,1
OPENING_RANGE_BREAKOUT_RETEST#2,TRAIN,2025-10-14,1
OPENING_RANGE_BREAKOUT_RETEST#2,TRAIN,2025-10-15,1
OPENING_RANGE_BREAKOUT_RETEST#2,TRAIN,2025-10-16,1
OPENING_RANGE_BREAKOUT_RETEST#2,TRAIN,2025-10-20,1
OPENING_RANGE_BREAKOUT_RETEST#2,TRAIN,2025-10-21,1
OPENING_RANGE_BREAKOUT_RETEST#2,TRAIN,2025-10-22,1
OPENING_RANGE_BREAKOUT_RETEST#2,TRAIN,2025-10-24,1
OPENING_RANGE_BREAKOUT_RETEST#2,TRAIN,2025-10-27,1
OPENING_RANGE_BREAKOUT_RETEST#2,TRAIN,2025-10-31,1
OPENING_RANGE_BREAKOUT_RETEST#2,TRAIN,2025-11-03,1
OPENING_RANGE_BREAKOUT_RETEST#2,TRAIN,2025-11-04,1
OPENING_RANGE_BREAKOUT_RETEST#2,TRAIN,2025-11-06,1
OPENING_RANGE_BREAKOUT_RETEST#2,TRAIN,2025-11-10,1
OPENING_RANGE_BREAKOUT_RETEST#2,TRAIN,2025-11-11,1
OPENING_RANGE_BREAKOUT_RETEST#2,TRAIN,2025-11-12,1
OPENING_RANGE_BREAKOUT_RETEST#2,TRAIN,2025-11-14,1
OPENING_RANGE_BREAKOUT_RETEST#2,TRAIN,2025-11-17,1
OPENING_RANGE_BREAKOUT_RETEST#2,TRAIN,2025-11-18,1
OPENING_RANGE_BREAKOUT_RETEST#2,TRAIN,2025-11-19,1
OPENING_RANGE_BREAKOUT_RETEST#2,TRAIN,2025-11-20,1
OPENING_RANGE_BREAKOUT_RETEST#2,TRAIN,2025-11-21,1
OPENING_RANGE_BREAKOUT_RETEST#2,TRAIN,2025-11-24,1
OPENING_RANGE_BREAKOUT_RETEST#2,TRAIN,2025-11-25,1
OPENING_RANGE_BREAKOUT_RETEST#2,TRAIN,2025-11-26,1
OPENING_RANGE_BREAKOUT_RETEST#2,VALIDATION,2025-12-01,1
OPENING_RANGE_BREAKOUT_RETEST#2,VALIDATION,2025-12-02,1
OPENING_RANGE_BREAKOUT_RETEST#2,VALIDATION,2025-12-04,1
OPENING_RANGE_BREAKOUT_RETEST#2,VALIDATION,2025-12-05,1
OPENING_RANGE_BREAKOUT_RETEST#2,VALIDATION,2025-12-08,1
OPENING_RANGE_BREAKOUT_RETEST#2,VALIDATION,2025-12-11,1
OPENING_RANGE_BREAKOUT_RETEST#2,VALIDATION,2025-12-18,1
OPENING_RANGE_BREAKOUT_RETEST#2,VALIDATION,2025-12-19,1
OPENING_RANGE_BREAKOUT_RETEST#2,VALIDATION,2025-12-23,1
OPENING_RANGE_BREAKOUT_RETEST#2,VALIDATION,2025-12-29,1
OPENING_RANGE_BREAKOUT_RETEST#2,VALIDATION,2026-01-05,1
OPENING_RANGE_BREAKOUT_RETEST#2,VALIDATION,2026-01-07,1
OPENING_RANGE_BREAKOUT_RETEST#2,VALIDATION,2026-01-09,1
OPENING_RANGE_BREAKOUT_RETEST#2,VALIDATION,2026-01-12,1
OPENING_RANGE_BREAKOUT_RETEST#2,VALIDATION,2026-01-13,1
OPENING_RANGE_BREAKOUT_RETEST#2,VALIDATION,2026-01-14,1
OPENING_RANGE_BREAKOUT_RETEST#2,VALIDATION,2026-01-16,1
OPENING_RANGE_BREAKOUT_RETEST#2,VALIDATION,2026-01-19,1
OPENING_RANGE_BREAKOUT_RETEST#2,VALIDATION,2026-01-20,1
OPENING_RANGE_BREAKOUT_RETEST#2,VALIDATION,2026-01-21,1
OPENING_RANGE_BREAKOUT_RETEST#2,VALIDATION,2026-01-26,1
OPENING_RANGE_BREAKOUT_RETEST#2,VALIDATION,2026-01-27,1
OPENING_RANGE_BREAKOUT_RETEST#2,VALIDATION,2026-01-29,1
OPENING_RANGE_BREAKOUT_RETEST#2,VALIDATION,2026-02-02,1
OPENING_RANGE_BREAKOUT_RETEST#2,VALIDATION,2026-02-04,1
OPENING_RANGE_BREAKOUT_RETEST#2,VALIDATION,2026-02-10,1
OPENING_RANGE_BREAKOUT_RETEST#2,VALIDATION,2026-02-11,1
OPENING_RANGE_BREAKOUT_RETEST#2,VALIDATION,2026-02-12,1
OPENING_RANGE_BREAKOUT_RETEST#2,VALIDATION,2026-02-13,1
OPENING_RANGE_BREAKOUT_RETEST#2,VALIDATION,2026-02-16,1
OPENING_RANGE_BREAKOUT_RETEST#2,VALIDATION,2026-02-17,1
OPENING_RANGE_BREAKOUT_RETEST#2,VALIDATION,2026-02-18,1
OPENING_RANGE_BREAKOUT_RETEST#2,VALIDATION,2026-02-19,1
OPENING_RANGE_BREAKOUT_RETEST#2,VALIDATION,2026-02-20,1
OPENING_RANGE_BREAKOUT_RETEST#2,VALIDATION,2026-02-23,1
OPENING_RANGE_BREAKOUT_RETEST#2,VALIDATION,2026-02-25,1
OPENING_RANGE_BREAKOUT_RETEST#2,VALIDATION,2026-02-26,1
OPENING_RANGE_BREAKOUT_RETEST#2,VALIDATION,2026-02-27,1
OPENING_RANGE_BREAKOUT_RETEST#2,VALIDATION,2026-03-02,1
OPENING_RANGE_BREAKOUT_RETEST#2,VALIDATION,2026-03-05,1
OPENING_RANGE_BREAKOUT_RETEST#2,VALIDATION,2026-03-06,1
OPENING_RANGE_BREAKOUT_RETEST#2,VALIDATION,2026-03-09,1
OPENING_RANGE_BREAKOUT_RETEST#2,VALIDATION,2026-03-10,1
OPENING_RANGE_BREAKOUT_RETEST#2,VALIDATION,2026-03-11,1
OPENING_RANGE_BREAKOUT_RETEST#2,VALIDATION,2026-03-12,1
OPENING_RANGE_BREAKOUT_RETEST#2,VALIDATION,2026-03-17,1
OPENING_RANGE_BREAKOUT_RETEST#2,VALIDATION,2026-03-18,1
OPENING_RANGE_BREAKOUT_RETEST#2,VALIDATION,2026-03-19,1
OPENING_RANGE_BREAKOUT_RETEST#2,VALIDATION,2026-03-24,1
OPENING_RANGE_BREAKOUT_RETEST#2,VALIDATION,2026-03-25,1
OPENING_RANGE_BREAKOUT_RETEST#2,VALIDATION,2026-03-26,1
OPENING_RANGE_BREAKOUT_RETEST#2,VALIDATION,2026-03-27,1
OPENING_RANGE_BREAKOUT_RETEST#2,VALIDATION,2026-03-30,1
OPENING_RANGE_BREAKOUT_RETEST#2,VALIDATION,2026-04-01,1
OPENING_RANGE_BREAKOUT_RETEST#2,VALIDATION,2026-04-07,1
OPENING_RANGE_BREAKOUT_RETEST#2,VALIDATION,2026-04-08,1
OPENING_RANGE_BREAKOUT_RETEST#2,VALIDATION,2026-04-13,1
OPENING_RANGE_BREAKOUT_RETEST#2,VALIDATION,2026-04-14,1
OPENING_RANGE_BREAKOUT_RETEST#2,VALIDATION,2026-04-15,1
OPENING_RANGE_BREAKOUT_RETEST#2,VALIDATION,2026-04-16,1
OPENING_RANGE_BREAKOUT_RETEST#2,VALIDATION,2026-04-20,1
OPENING_RANGE_BREAKOUT_RETEST#2,VALIDATION,2026-04-21,1
OPENING_RANGE_BREAKOUT_RETEST#2,VALIDATION,2026-04-22,1
OPENING_RANGE_BREAKOUT_RETEST#2,VALIDATION,2026-04-23,1
OPENING_RANGE_BREAKOUT_RETEST#2,VALIDATION,2026-04-27,1
OPENING_RANGE_BREAKOUT_RETEST#2,VALIDATION,2026-04-28,1
OPENING_RANGE_BREAKOUT_RETEST#2,VALIDATION,2026-04-29,1
OPENING_RANGE_BREAKOUT_RETEST#2,VALIDATION,2026-04-30,1
PREVIOUS_DAY_LEVELS#0,TRAIN,2025-02-05,1
PREVIOUS_DAY_LEVELS#0,TRAIN,2025-02-07,1
PREVIOUS_DAY_LEVELS#0,TRAIN,2025-02-12,2
PREVIOUS_DAY_LEVELS#0,TRAIN,2025-02-19,2
PREVIOUS_DAY_LEVELS#0,TRAIN,2025-02-21,3
PREVIOUS_DAY_LEVELS#0,TRAIN,2025-02-24,1
PREVIOUS_DAY_LEVELS#0,TRAIN,2025-02-26,1
PREVIOUS_DAY_LEVELS#0,TRAIN,2025-02-27,2
PREVIOUS_DAY_LEVELS#0,TRAIN,2025-02-28,2
PREVIOUS_DAY_LEVELS#0,TRAIN,2025-03-05,1
PREVIOUS_DAY_LEVELS#0,TRAIN,2025-03-06,3
PREVIOUS_DAY_LEVELS#0,TRAIN,2025-03-07,3
PREVIOUS_DAY_LEVELS#0,TRAIN,2025-03-10,1
PREVIOUS_DAY_LEVELS#0,TRAIN,2025-03-11,1
PREVIOUS_DAY_LEVELS#0,TRAIN,2025-03-13,1
PREVIOUS_DAY_LEVELS#0,TRAIN,2025-03-18,1
PREVIOUS_DAY_LEVELS#0,TRAIN,2025-03-19,1
PREVIOUS_DAY_LEVELS#0,TRAIN,2025-03-21,3
PREVIOUS_DAY_LEVELS#0,TRAIN,2025-03-24,1
PREVIOUS_DAY_LEVELS#0,TRAIN,2025-03-25,1
PREVIOUS_DAY_LEVELS#0,TRAIN,2025-03-26,1
PREVIOUS_DAY_LEVELS#0,TRAIN,2025-03-27,3
PREVIOUS_DAY_LEVELS#0,TRAIN,2025-03-28,4
PREVIOUS_DAY_LEVELS#0,TRAIN,2025-04-01,3
PREVIOUS_DAY_LEVELS#0,TRAIN,2025-04-02,1
PREVIOUS_DAY_LEVELS#0,TRAIN,2025-04-09,1
PREVIOUS_DAY_LEVELS#0,TRAIN,2025-04-11,1
PREVIOUS_DAY_LEVELS#0,TRAIN,2025-04-14,4
PREVIOUS_DAY_LEVELS#0,TRAIN,2025-04-15,1
PREVIOUS_DAY_LEVELS#0,TRAIN,2025-04-17,1
PREVIOUS_DAY_LEVELS#0,TRAIN,2025-04-22,2
PREVIOUS_DAY_LEVELS#0,TRAIN,2025-04-24,2
PREVIOUS_DAY_LEVELS#0,TRAIN,2025-04-25,1
PREVIOUS_DAY_LEVELS#0,TRAIN,2025-04-28,1
PREVIOUS_DAY_LEVELS#0,TRAIN,2025-04-29,2
PREVIOUS_DAY_LEVELS#0,TRAIN,2025-04-30,2
PREVIOUS_DAY_LEVELS#0,TRAIN,2025-05-05,2
PREVIOUS_DAY_LEVELS#0,TRAIN,2025-05-06,2
PREVIOUS_DAY_LEVELS#0,TRAIN,2025-05-08,3
PREVIOUS_DAY_LEVELS#0,TRAIN,2025-05-09,3
PREVIOUS_DAY_LEVELS#0,TRAIN,2025-05-12,1
PREVIOUS_DAY_LEVELS#0,TRAIN,2025-05-14,3
PREVIOUS_DAY_LEVELS#0,TRAIN,2025-05-15,1
PREVIOUS_DAY_LEVELS#0,TRAIN,2025-05-16,2
PREVIOUS_DAY_LEVELS#0,TRAIN,2025-05-20,3
PREVIOUS_DAY_LEVELS#0,TRAIN,2025-05-21,1
PREVIOUS_DAY_LEVELS#0,TRAIN,2025-05-22,1
PREVIOUS_DAY_LEVELS#0,TRAIN,2025-05-23,1
PREVIOUS_DAY_LEVELS#0,TRAIN,2025-05-28,2
PREVIOUS_DAY_LEVELS#0,TRAIN,2025-06-02,2
PREVIOUS_DAY_LEVELS#0,TRAIN,2025-06-03,1
PREVIOUS_DAY_LEVELS#0,TRAIN,2025-06-04,1
PREVIOUS_DAY_LEVELS#0,TRAIN,2025-06-05,3
PREVIOUS_DAY_LEVELS#0,TRAIN,2025-06-09,2
PREVIOUS_DAY_LEVELS#0,TRAIN,2025-06-10,3
PREVIOUS_DAY_LEVELS#0,TRAIN,2025-06-11,1
PREVIOUS_DAY_LEVELS#0,TRAIN,2025-06-12,2
PREVIOUS_DAY_LEVELS#0,TRAIN,2025-06-16,2
PREVIOUS_DAY_LEVELS#0,TRAIN,2025-06-18,2
PREVIOUS_DAY_LEVELS#0,TRAIN,2025-06-20,2
PREVIOUS_DAY_LEVELS#0,TRAIN,2025-06-30,1
PREVIOUS_DAY_LEVELS#0,TRAIN,2025-07-01,2
PREVIOUS_DAY_LEVELS#0,TRAIN,2025-07-02,1
PREVIOUS_DAY_LEVELS#0,TRAIN,2025-07-03,1
PREVIOUS_DAY_LEVELS#0,TRAIN,2025-07-04,2
PREVIOUS_DAY_LEVELS#0,TRAIN,2025-07-08,1
PREVIOUS_DAY_LEVELS#0,TRAIN,2025-07-09,1
PREVIOUS_DAY_LEVELS#0,TRAIN,2025-07-10,1
PREVIOUS_DAY_LEVELS#0,TRAIN,2025-07-14,1
PREVIOUS_DAY_LEVELS#0,TRAIN,2025-07-15,1
PREVIOUS_DAY_LEVELS#0,TRAIN,2025-07-16,2
PREVIOUS_DAY_LEVELS#0,TRAIN,2025-07-17,1
PREVIOUS_DAY_LEVELS#0,TRAIN,2025-07-18,1
PREVIOUS_DAY_LEVELS#0,TRAIN,2025-07-23,1
PREVIOUS_DAY_LEVELS#0,TRAIN,2025-07-25,2
PREVIOUS_DAY_LEVELS#0,TRAIN,2025-07-28,1
PREVIOUS_DAY_LEVELS#0,TRAIN,2025-07-31,1
PREVIOUS_DAY_LEVELS#0,TRAIN,2025-08-05,1
PREVIOUS_DAY_LEVELS#0,TRAIN,2025-08-06,1
PREVIOUS_DAY_LEVELS#0,TRAIN,2025-08-11,1
PREVIOUS_DAY_LEVELS#0,TRAIN,2025-08-12,1
PREVIOUS_DAY_LEVELS#0,TRAIN,2025-08-13,3
PREVIOUS_DAY_LEVELS#0,TRAIN,2025-08-14,1
PREVIOUS_DAY_LEVELS#0,TRAIN,2025-08-15,2
PREVIOUS_DAY_LEVELS#0,TRAIN,2025-08-18,3
PREVIOUS_DAY_LEVELS#0,TRAIN,2025-08-20,2
PREVIOUS_DAY_LEVELS#0,TRAIN,2025-08-22,3
PREVIOUS_DAY_LEVELS#0,TRAIN,2025-08-26,1
PREVIOUS_DAY_LEVELS#0,TRAIN,2025-08-27,1
PREVIOUS_DAY_LEVELS#0,TRAIN,2025-08-28,1
PREVIOUS_DAY_LEVELS#0,TRAIN,2025-08-29,2
PREVIOUS_DAY_LEVELS#0,TRAIN,2025-09-09,2
PREVIOUS_DAY_LEVELS#0,TRAIN,2025-09-10,4
PREVIOUS_DAY_LEVELS#0,TRAIN,2025-09-11,1
PREVIOUS_DAY_LEVELS#0,TRAIN,2025-09-15,2
PREVIOUS_DAY_LEVELS#0,TRAIN,2025-09-16,3
PREVIOUS_DAY_LEVELS#0,TRAIN,2025-09-17,2
PREVIOUS_DAY_LEVELS#0,TRAIN,2025-09-19,2
PREVIOUS_DAY_LEVELS#0,TRAIN,2025-09-24,1
PREVIOUS_DAY_LEVELS#0,TRAIN,2025-09-26,2
PREVIOUS_DAY_LEVELS#0,TRAIN,2025-09-29,3
PREVIOUS_DAY_LEVELS#0,TRAIN,2025-10-01,1
PREVIOUS_DAY_LEVELS#0,TRAIN,2025-10-02,1
PREVIOUS_DAY_LEVELS#0,TRAIN,2025-10-03,1
PREVIOUS_DAY_LEVELS#0,TRAIN,2025-10-09,2
PREVIOUS_DAY_LEVELS#0,TRAIN,2025-10-14,1
PREVIOUS_DAY_LEVELS#0,TRAIN,2025-10-21,1
PREVIOUS_DAY_LEVELS#0,TRAIN,2025-10-22,1
PREVIOUS_DAY_LEVELS#0,TRAIN,2025-10-24,5
PREVIOUS_DAY_LEVELS#0,TRAIN,2025-10-27,2
PREVIOUS_DAY_LEVELS#0,TRAIN,2025-10-29,1
PREVIOUS_DAY_LEVELS#0,TRAIN,2025-10-31,4
PREVIOUS_DAY_LEVELS#0,TRAIN,2025-11-03,3
PREVIOUS_DAY_LEVELS#0,TRAIN,2025-11-04,1
PREVIOUS_DAY_LEVELS#0,TRAIN,2025-11-05,1
PREVIOUS_DAY_LEVELS#0,TRAIN,2025-11-07,1
PREVIOUS_DAY_LEVELS#0,TRAIN,2025-11-11,1
PREVIOUS_DAY_LEVELS#0,TRAIN,2025-11-13,1
PREVIOUS_DAY_LEVELS#0,TRAIN,2025-11-17,1
PREVIOUS_DAY_LEVELS#0,TRAIN,2025-11-20,4
PREVIOUS_DAY_LEVELS#0,TRAIN,2025-11-24,1
PREVIOUS_DAY_LEVELS#0,TRAIN,2025-11-25,2
PREVIOUS_DAY_LEVELS#0,TRAIN,2025-11-26,3
PREVIOUS_DAY_LEVELS#0,TRAIN,2025-11-27,3
PREVIOUS_DAY_LEVELS#0,TRAIN,2025-11-28,3
PREVIOUS_DAY_LEVELS#0,VALIDATION,2025-12-03,1
PREVIOUS_DAY_LEVELS#0,VALIDATION,2025-12-04,1
PREVIOUS_DAY_LEVELS#0,VALIDATION,2025-12-09,1
PREVIOUS_DAY_LEVELS#0,VALIDATION,2025-12-10,1
PREVIOUS_DAY_LEVELS#0,VALIDATION,2025-12-12,2
PREVIOUS_DAY_LEVELS#0,VALIDATION,2025-12-15,1
PREVIOUS_DAY_LEVELS#0,VALIDATION,2025-12-16,1
PREVIOUS_DAY_LEVELS#0,VALIDATION,2025-12-17,1
PREVIOUS_DAY_LEVELS#0,VALIDATION,2025-12-19,1
PREVIOUS_DAY_LEVELS#0,VALIDATION,2025-12-22,1
PREVIOUS_DAY_LEVELS#0,VALIDATION,2025-12-23,1
PREVIOUS_DAY_LEVELS#0,VALIDATION,2025-12-29,2
PREVIOUS_DAY_LEVELS#0,VALIDATION,2025-12-30,2
PREVIOUS_DAY_LEVELS#0,VALIDATION,2026-01-02,1
PREVIOUS_DAY_LEVELS#0,VALIDATION,2026-01-05,1
PREVIOUS_DAY_LEVELS#0,VALIDATION,2026-01-06,4
PREVIOUS_DAY_LEVELS#0,VALIDATION,2026-01-08,2
PREVIOUS_DAY_LEVELS#0,VALIDATION,2026-01-09,1
PREVIOUS_DAY_LEVELS#0,VALIDATION,2026-01-12,1
PREVIOUS_DAY_LEVELS#0,VALIDATION,2026-01-13,1
PREVIOUS_DAY_LEVELS#0,VALIDATION,2026-01-14,2
PREVIOUS_DAY_LEVELS#0,VALIDATION,2026-01-21,2
PREVIOUS_DAY_LEVELS#0,VALIDATION,2026-01-22,2
PREVIOUS_DAY_LEVELS#0,VALIDATION,2026-01-26,1
PREVIOUS_DAY_LEVELS#0,VALIDATION,2026-01-29,1
PREVIOUS_DAY_LEVELS#0,VALIDATION,2026-02-02,1
PREVIOUS_DAY_LEVELS#0,VALIDATION,2026-02-03,2
PREVIOUS_DAY_LEVELS#0,VALIDATION,2026-02-04,1
PREVIOUS_DAY_LEVELS#0,VALIDATION,2026-02-05,1
PREVIOUS_DAY_LEVELS#0,VALIDATION,2026-02-06,1
PREVIOUS_DAY_LEVELS#0,VALIDATION,2026-02-09,1
PREVIOUS_DAY_LEVELS#0,VALIDATION,2026-02-10,1
PREVIOUS_DAY_LEVELS#0,VALIDATION,2026-02-11,4
PREVIOUS_DAY_LEVELS#0,VALIDATION,2026-02-12,1
PREVIOUS_DAY_LEVELS#0,VALIDATION,2026-02-13,3
PREVIOUS_DAY_LEVELS#0,VALIDATION,2026-02-16,1
PREVIOUS_DAY_LEVELS#0,VALIDATION,2026-02-17,5
PREVIOUS_DAY_LEVELS#0,VALIDATION,2026-02-24,4
PREVIOUS_DAY_LEVELS#0,VALIDATION,2026-02-25,2
PREVIOUS_DAY_LEVELS#0,VALIDATION,2026-03-05,2
PREVIOUS_DAY_LEVELS#0,VALIDATION,2026-03-10,4
PREVIOUS_DAY_LEVELS#0,VALIDATION,2026-03-12,3
PREVIOUS_DAY_LEVELS#0,VALIDATION,2026-03-13,1
PREVIOUS_DAY_LEVELS#0,VALIDATION,2026-03-17,1
PREVIOUS_DAY_LEVELS#0,VALIDATION,2026-03-18,1
PREVIOUS_DAY_LEVELS#0,VALIDATION,2026-03-20,1
PREVIOUS_DAY_LEVELS#0,VALIDATION,2026-03-25,1
PREVIOUS_DAY_LEVELS#0,VALIDATION,2026-04-01,1
PREVIOUS_DAY_LEVELS#0,VALIDATION,2026-04-07,1
PREVIOUS_DAY_LEVELS#0,VALIDATION,2026-04-09,4
PREVIOUS_DAY_LEVELS#0,VALIDATION,2026-04-10,1
PREVIOUS_DAY_LEVELS#0,VALIDATION,2026-04-13,1
PREVIOUS_DAY_LEVELS#0,VALIDATION,2026-04-14,1
PREVIOUS_DAY_LEVELS#0,VALIDATION,2026-04-15,5
PREVIOUS_DAY_LEVELS#0,VALIDATION,2026-04-16,1
PREVIOUS_DAY_LEVELS#0,VALIDATION,2026-04-21,1
PREVIOUS_DAY_LEVELS#0,VALIDATION,2026-04-23,5
PREVIOUS_DAY_LEVELS#0,VALIDATION,2026-04-24,1
PREVIOUS_DAY_LEVELS#0,VALIDATION,2026-04-27,1
PREVIOUS_DAY_LEVELS#0,VALIDATION,2026-04-28,3
PREVIOUS_DAY_LEVELS#0,VALIDATION,2026-04-29,2
PREVIOUS_DAY_LEVELS#0,VALIDATION,2026-04-30,2
PREVIOUS_DAY_LEVELS#1,TRAIN,2025-02-05,1
PREVIOUS_DAY_LEVELS#1,TRAIN,2025-02-07,1
PREVIOUS_DAY_LEVELS#1,TRAIN,2025-02-12,2
PREVIOUS_DAY_LEVELS#1,TRAIN,2025-02-19,2
PREVIOUS_DAY_LEVELS#1,TRAIN,2025-02-21,3
PREVIOUS_DAY_LEVELS#1,TRAIN,2025-02-24,1
PREVIOUS_DAY_LEVELS#1,TRAIN,2025-02-26,1
PREVIOUS_DAY_LEVELS#1,TRAIN,2025-02-27,2
PREVIOUS_DAY_LEVELS#1,TRAIN,2025-02-28,2
PREVIOUS_DAY_LEVELS#1,TRAIN,2025-03-05,1
PREVIOUS_DAY_LEVELS#1,TRAIN,2025-03-06,3
PREVIOUS_DAY_LEVELS#1,TRAIN,2025-03-07,3
PREVIOUS_DAY_LEVELS#1,TRAIN,2025-03-10,1
PREVIOUS_DAY_LEVELS#1,TRAIN,2025-03-11,1
PREVIOUS_DAY_LEVELS#1,TRAIN,2025-03-13,1
PREVIOUS_DAY_LEVELS#1,TRAIN,2025-03-18,1
PREVIOUS_DAY_LEVELS#1,TRAIN,2025-03-19,1
PREVIOUS_DAY_LEVELS#1,TRAIN,2025-03-21,3
PREVIOUS_DAY_LEVELS#1,TRAIN,2025-03-24,1
PREVIOUS_DAY_LEVELS#1,TRAIN,2025-03-25,1
PREVIOUS_DAY_LEVELS#1,TRAIN,2025-03-26,1
PREVIOUS_DAY_LEVELS#1,TRAIN,2025-03-27,3
PREVIOUS_DAY_LEVELS#1,TRAIN,2025-03-28,4
PREVIOUS_DAY_LEVELS#1,TRAIN,2025-04-01,3
PREVIOUS_DAY_LEVELS#1,TRAIN,2025-04-02,1
PREVIOUS_DAY_LEVELS#1,TRAIN,2025-04-09,1
PREVIOUS_DAY_LEVELS#1,TRAIN,2025-04-11,1
PREVIOUS_DAY_LEVELS#1,TRAIN,2025-04-14,4
PREVIOUS_DAY_LEVELS#1,TRAIN,2025-04-15,1
PREVIOUS_DAY_LEVELS#1,TRAIN,2025-04-17,1
PREVIOUS_DAY_LEVELS#1,TRAIN,2025-04-22,2
PREVIOUS_DAY_LEVELS#1,TRAIN,2025-04-24,2
PREVIOUS_DAY_LEVELS#1,TRAIN,2025-04-25,1
PREVIOUS_DAY_LEVELS#1,TRAIN,2025-04-28,1
PREVIOUS_DAY_LEVELS#1,TRAIN,2025-04-29,2
PREVIOUS_DAY_LEVELS#1,TRAIN,2025-04-30,2
PREVIOUS_DAY_LEVELS#1,TRAIN,2025-05-05,2
PREVIOUS_DAY_LEVELS#1,TRAIN,2025-05-06,2
PREVIOUS_DAY_LEVELS#1,TRAIN,2025-05-08,3
PREVIOUS_DAY_LEVELS#1,TRAIN,2025-05-09,3
PREVIOUS_DAY_LEVELS#1,TRAIN,2025-05-12,1
PREVIOUS_DAY_LEVELS#1,TRAIN,2025-05-14,3
PREVIOUS_DAY_LEVELS#1,TRAIN,2025-05-15,1
PREVIOUS_DAY_LEVELS#1,TRAIN,2025-05-16,2
PREVIOUS_DAY_LEVELS#1,TRAIN,2025-05-20,3
PREVIOUS_DAY_LEVELS#1,TRAIN,2025-05-21,1
PREVIOUS_DAY_LEVELS#1,TRAIN,2025-05-22,1
PREVIOUS_DAY_LEVELS#1,TRAIN,2025-05-23,1
PREVIOUS_DAY_LEVELS#1,TRAIN,2025-05-28,2
PREVIOUS_DAY_LEVELS#1,TRAIN,2025-06-02,2
PREVIOUS_DAY_LEVELS#1,TRAIN,2025-06-03,1
PREVIOUS_DAY_LEVELS#1,TRAIN,2025-06-04,1
PREVIOUS_DAY_LEVELS#1,TRAIN,2025-06-05,3
PREVIOUS_DAY_LEVELS#1,TRAIN,2025-06-09,2
PREVIOUS_DAY_LEVELS#1,TRAIN,2025-06-10,3
PREVIOUS_DAY_LEVELS#1,TRAIN,2025-06-11,1
PREVIOUS_DAY_LEVELS#1,TRAIN,2025-06-12,2
PREVIOUS_DAY_LEVELS#1,TRAIN,2025-06-16,2
PREVIOUS_DAY_LEVELS#1,TRAIN,2025-06-18,2
PREVIOUS_DAY_LEVELS#1,TRAIN,2025-06-20,2
PREVIOUS_DAY_LEVELS#1,TRAIN,2025-06-30,1
PREVIOUS_DAY_LEVELS#1,TRAIN,2025-07-01,2
PREVIOUS_DAY_LEVELS#1,TRAIN,2025-07-02,1
PREVIOUS_DAY_LEVELS#1,TRAIN,2025-07-03,1
PREVIOUS_DAY_LEVELS#1,TRAIN,2025-07-04,2
PREVIOUS_DAY_LEVELS#1,TRAIN,2025-07-08,1
PREVIOUS_DAY_LEVELS#1,TRAIN,2025-07-09,1
PREVIOUS_DAY_LEVELS#1,TRAIN,2025-07-10,1
PREVIOUS_DAY_LEVELS#1,TRAIN,2025-07-14,1
PREVIOUS_DAY_LEVELS#1,TRAIN,2025-07-15,1
PREVIOUS_DAY_LEVELS#1,TRAIN,2025-07-16,2
PREVIOUS_DAY_LEVELS#1,TRAIN,2025-07-17,1
PREVIOUS_DAY_LEVELS#1,TRAIN,2025-07-18,1
PREVIOUS_DAY_LEVELS#1,TRAIN,2025-07-23,1
PREVIOUS_DAY_LEVELS#1,TRAIN,2025-07-25,2
PREVIOUS_DAY_LEVELS#1,TRAIN,2025-07-28,1
PREVIOUS_DAY_LEVELS#1,TRAIN,2025-07-31,1
PREVIOUS_DAY_LEVELS#1,TRAIN,2025-08-05,1
PREVIOUS_DAY_LEVELS#1,TRAIN,2025-08-06,1
PREVIOUS_DAY_LEVELS#1,TRAIN,2025-08-11,1
PREVIOUS_DAY_LEVELS#1,TRAIN,2025-08-12,1
PREVIOUS_DAY_LEVELS#1,TRAIN,2025-08-13,3
PREVIOUS_DAY_LEVELS#1,TRAIN,2025-08-14,1
PREVIOUS_DAY_LEVELS#1,TRAIN,2025-08-15,2
PREVIOUS_DAY_LEVELS#1,TRAIN,2025-08-18,3
PREVIOUS_DAY_LEVELS#1,TRAIN,2025-08-20,2
PREVIOUS_DAY_LEVELS#1,TRAIN,2025-08-22,3
PREVIOUS_DAY_LEVELS#1,TRAIN,2025-08-26,1
PREVIOUS_DAY_LEVELS#1,TRAIN,2025-08-27,1
PREVIOUS_DAY_LEVELS#1,TRAIN,2025-08-28,1
PREVIOUS_DAY_LEVELS#1,TRAIN,2025-08-29,2
PREVIOUS_DAY_LEVELS#1,TRAIN,2025-09-09,2
PREVIOUS_DAY_LEVELS#1,TRAIN,2025-09-10,4
PREVIOUS_DAY_LEVELS#1,TRAIN,2025-09-11,1
PREVIOUS_DAY_LEVELS#1,TRAIN,2025-09-15,2
PREVIOUS_DAY_LEVELS#1,TRAIN,2025-09-16,3
PREVIOUS_DAY_LEVELS#1,TRAIN,2025-09-17,2
PREVIOUS_DAY_LEVELS#1,TRAIN,2025-09-19,2
PREVIOUS_DAY_LEVELS#1,TRAIN,2025-09-24,1
PREVIOUS_DAY_LEVELS#1,TRAIN,2025-09-26,2
PREVIOUS_DAY_LEVELS#1,TRAIN,2025-09-29,3
PREVIOUS_DAY_LEVELS#1,TRAIN,2025-10-01,1
PREVIOUS_DAY_LEVELS#1,TRAIN,2025-10-02,1
PREVIOUS_DAY_LEVELS#1,TRAIN,2025-10-03,1
PREVIOUS_DAY_LEVELS#1,TRAIN,2025-10-09,2
PREVIOUS_DAY_LEVELS#1,TRAIN,2025-10-14,1
PREVIOUS_DAY_LEVELS#1,TRAIN,2025-10-21,1
PREVIOUS_DAY_LEVELS#1,TRAIN,2025-10-22,1
PREVIOUS_DAY_LEVELS#1,TRAIN,2025-10-24,5
PREVIOUS_DAY_LEVELS#1,TRAIN,2025-10-27,2
PREVIOUS_DAY_LEVELS#1,TRAIN,2025-10-29,1
PREVIOUS_DAY_LEVELS#1,TRAIN,2025-10-31,4
PREVIOUS_DAY_LEVELS#1,TRAIN,2025-11-03,3
PREVIOUS_DAY_LEVELS#1,TRAIN,2025-11-04,1
PREVIOUS_DAY_LEVELS#1,TRAIN,2025-11-05,1
PREVIOUS_DAY_LEVELS#1,TRAIN,2025-11-07,1
PREVIOUS_DAY_LEVELS#1,TRAIN,2025-11-11,1
PREVIOUS_DAY_LEVELS#1,TRAIN,2025-11-13,1
PREVIOUS_DAY_LEVELS#1,TRAIN,2025-11-17,1
PREVIOUS_DAY_LEVELS#1,TRAIN,2025-11-20,4
PREVIOUS_DAY_LEVELS#1,TRAIN,2025-11-24,1
PREVIOUS_DAY_LEVELS#1,TRAIN,2025-11-25,2
PREVIOUS_DAY_LEVELS#1,TRAIN,2025-11-26,3
PREVIOUS_DAY_LEVELS#1,TRAIN,2025-11-27,3
PREVIOUS_DAY_LEVELS#1,TRAIN,2025-11-28,3
PREVIOUS_DAY_LEVELS#1,VALIDATION,2025-12-03,1
PREVIOUS_DAY_LEVELS#1,VALIDATION,2025-12-04,1
PREVIOUS_DAY_LEVELS#1,VALIDATION,2025-12-09,1
PREVIOUS_DAY_LEVELS#1,VALIDATION,2025-12-10,1
PREVIOUS_DAY_LEVELS#1,VALIDATION,2025-12-12,2
PREVIOUS_DAY_LEVELS#1,VALIDATION,2025-12-15,1
PREVIOUS_DAY_LEVELS#1,VALIDATION,2025-12-16,1
PREVIOUS_DAY_LEVELS#1,VALIDATION,2025-12-17,1
PREVIOUS_DAY_LEVELS#1,VALIDATION,2025-12-19,1
PREVIOUS_DAY_LEVELS#1,VALIDATION,2025-12-22,1
PREVIOUS_DAY_LEVELS#1,VALIDATION,2025-12-23,1
PREVIOUS_DAY_LEVELS#1,VALIDATION,2025-12-29,2
PREVIOUS_DAY_LEVELS#1,VALIDATION,2025-12-30,2
PREVIOUS_DAY_LEVELS#1,VALIDATION,2026-01-02,1
PREVIOUS_DAY_LEVELS#1,VALIDATION,2026-01-05,1
PREVIOUS_DAY_LEVELS#1,VALIDATION,2026-01-06,4
PREVIOUS_DAY_LEVELS#1,VALIDATION,2026-01-08,2
PREVIOUS_DAY_LEVELS#1,VALIDATION,2026-01-09,1
PREVIOUS_DAY_LEVELS#1,VALIDATION,2026-01-12,1
PREVIOUS_DAY_LEVELS#1,VALIDATION,2026-01-13,1
PREVIOUS_DAY_LEVELS#1,VALIDATION,2026-01-14,2
PREVIOUS_DAY_LEVELS#1,VALIDATION,2026-01-21,2
PREVIOUS_DAY_LEVELS#1,VALIDATION,2026-01-22,2
PREVIOUS_DAY_LEVELS#1,VALIDATION,2026-01-26,1
PREVIOUS_DAY_LEVELS#1,VALIDATION,2026-01-29,1
PREVIOUS_DAY_LEVELS#1,VALIDATION,2026-02-02,1
PREVIOUS_DAY_LEVELS#1,VALIDATION,2026-02-03,2
PREVIOUS_DAY_LEVELS#1,VALIDATION,2026-02-04,1
PREVIOUS_DAY_LEVELS#1,VALIDATION,2026-02-05,1
PREVIOUS_DAY_LEVELS#1,VALIDATION,2026-02-06,1
PREVIOUS_DAY_LEVELS#1,VALIDATION,2026-02-09,1
PREVIOUS_DAY_LEVELS#1,VALIDATION,2026-02-10,1
PREVIOUS_DAY_LEVELS#1,VALIDATION,2026-02-11,4
PREVIOUS_DAY_LEVELS#1,VALIDATION,2026-02-12,1
PREVIOUS_DAY_LEVELS#1,VALIDATION,2026-02-13,3
PREVIOUS_DAY_LEVELS#1,VALIDATION,2026-02-16,1
PREVIOUS_DAY_LEVELS#1,VALIDATION,2026-02-17,5
PREVIOUS_DAY_LEVELS#1,VALIDATION,2026-02-24,4
PREVIOUS_DAY_LEVELS#1,VALIDATION,2026-02-25,2
PREVIOUS_DAY_LEVELS#1,VALIDATION,2026-03-05,2
PREVIOUS_DAY_LEVELS#1,VALIDATION,2026-03-10,4
PREVIOUS_DAY_LEVELS#1,VALIDATION,2026-03-12,3
PREVIOUS_DAY_LEVELS#1,VALIDATION,2026-03-13,1
PREVIOUS_DAY_LEVELS#1,VALIDATION,2026-03-17,1
PREVIOUS_DAY_LEVELS#1,VALIDATION,2026-03-18,1
PREVIOUS_DAY_LEVELS#1,VALIDATION,2026-03-20,1
PREVIOUS_DAY_LEVELS#1,VALIDATION,2026-03-25,1
PREVIOUS_DAY_LEVELS#1,VALIDATION,2026-04-01,1
PREVIOUS_DAY_LEVELS#1,VALIDATION,2026-04-07,1
PREVIOUS_DAY_LEVELS#1,VALIDATION,2026-04-09,4
PREVIOUS_DAY_LEVELS#1,VALIDATION,2026-04-10,1
PREVIOUS_DAY_LEVELS#1,VALIDATION,2026-04-13,1
PREVIOUS_DAY_LEVELS#1,VALIDATION,2026-04-14,1
PREVIOUS_DAY_LEVELS#1,VALIDATION,2026-04-15,5
PREVIOUS_DAY_LEVELS#1,VALIDATION,2026-04-16,1
PREVIOUS_DAY_LEVELS#1,VALIDATION,2026-04-21,1
PREVIOUS_DAY_LEVELS#1,VALIDATION,2026-04-23,5
PREVIOUS_DAY_LEVELS#1,VALIDATION,2026-04-24,1
PREVIOUS_DAY_LEVELS#1,VALIDATION,2026-04-27,1
PREVIOUS_DAY_LEVELS#1,VALIDATION,2026-04-28,3
PREVIOUS_DAY_LEVELS#1,VALIDATION,2026-04-29,2
PREVIOUS_DAY_LEVELS#1,VALIDATION,2026-04-30,2
RANGE_MEAN_REVERSION#0,TRAIN,2025-02-05,1
RANGE_MEAN_REVERSION#0,TRAIN,2025-02-11,2
RANGE_MEAN_REVERSION#0,TRAIN,2025-02-12,1
RANGE_MEAN_REVERSION#0,TRAIN,2025-02-13,1
RANGE_MEAN_REVERSION#0,TRAIN,2025-02-14,1
RANGE_MEAN_REVERSION#0,TRAIN,2025-02-18,3
RANGE_MEAN_REVERSION#0,TRAIN,2025-02-19,1
RANGE_MEAN_REVERSION#0,TRAIN,2025-02-20,4
RANGE_MEAN_REVERSION#0,TRAIN,2025-02-21,1
RANGE_MEAN_REVERSION#0,TRAIN,2025-02-24,1
RANGE_MEAN_REVERSION#0,TRAIN,2025-02-25,4
RANGE_MEAN_REVERSION#0,TRAIN,2025-02-26,2
RANGE_MEAN_REVERSION#0,TRAIN,2025-02-27,4
RANGE_MEAN_REVERSION#0,TRAIN,2025-02-28,2
RANGE_MEAN_REVERSION#0,TRAIN,2025-03-05,1
RANGE_MEAN_REVERSION#0,TRAIN,2025-03-06,6
RANGE_MEAN_REVERSION#0,TRAIN,2025-03-07,2
RANGE_MEAN_REVERSION#0,TRAIN,2025-03-11,1
RANGE_MEAN_REVERSION#0,TRAIN,2025-03-12,2
RANGE_MEAN_REVERSION#0,TRAIN,2025-03-13,2
RANGE_MEAN_REVERSION#0,TRAIN,2025-03-14,1
RANGE_MEAN_REVERSION#0,TRAIN,2025-03-18,1
RANGE_MEAN_REVERSION#0,TRAIN,2025-03-19,2
RANGE_MEAN_REVERSION#0,TRAIN,2025-03-20,1
RANGE_MEAN_REVERSION#0,TRAIN,2025-03-24,4
RANGE_MEAN_REVERSION#0,TRAIN,2025-03-25,2
RANGE_MEAN_REVERSION#0,TRAIN,2025-03-26,1
RANGE_MEAN_REVERSION#0,TRAIN,2025-03-27,1
RANGE_MEAN_REVERSION#0,TRAIN,2025-03-31,3
RANGE_MEAN_REVERSION#0,TRAIN,2025-04-02,1
RANGE_MEAN_REVERSION#0,TRAIN,2025-04-03,1
RANGE_MEAN_REVERSION#0,TRAIN,2025-04-08,3
RANGE_MEAN_REVERSION#0,TRAIN,2025-04-09,2
RANGE_MEAN_REVERSION#0,TRAIN,2025-04-10,4
RANGE_MEAN_REVERSION#0,TRAIN,2025-04-14,1
RANGE_MEAN_REVERSION#0,TRAIN,2025-04-15,1
RANGE_MEAN_REVERSION#0,TRAIN,2025-04-16,1
RANGE_MEAN_REVERSION#0,TRAIN,2025-04-17,3
RANGE_MEAN_REVERSION#0,TRAIN,2025-04-22,3
RANGE_MEAN_REVERSION#0,TRAIN,2025-04-23,1
RANGE_MEAN_REVERSION#0,TRAIN,2025-04-24,3
RANGE_MEAN_REVERSION#0,TRAIN,2025-04-28,1
RANGE_MEAN_REVERSION#0,TRAIN,2025-04-29,1
RANGE_MEAN_REVERSION#0,TRAIN,2025-04-30,2
RANGE_MEAN_REVERSION#0,TRAIN,2025-05-05,3
RANGE_MEAN_REVERSION#0,TRAIN,2025-05-06,3
RANGE_MEAN_REVERSION#0,TRAIN,2025-05-09,2
RANGE_MEAN_REVERSION#0,TRAIN,2025-05-13,1
RANGE_MEAN_REVERSION#0,TRAIN,2025-05-14,4
RANGE_MEAN_REVERSION#0,TRAIN,2025-05-15,3
RANGE_MEAN_REVERSION#0,TRAIN,2025-05-16,3
RANGE_MEAN_REVERSION#0,TRAIN,2025-05-19,1
RANGE_MEAN_REVERSION#0,TRAIN,2025-05-20,3
RANGE_MEAN_REVERSION#0,TRAIN,2025-05-21,2
RANGE_MEAN_REVERSION#0,TRAIN,2025-05-22,4
RANGE_MEAN_REVERSION#0,TRAIN,2025-05-26,2
RANGE_MEAN_REVERSION#0,TRAIN,2025-05-27,1
RANGE_MEAN_REVERSION#0,TRAIN,2025-05-28,3
RANGE_MEAN_REVERSION#0,TRAIN,2025-05-30,1
RANGE_MEAN_REVERSION#0,TRAIN,2025-06-02,1
RANGE_MEAN_REVERSION#0,TRAIN,2025-06-03,3
RANGE_MEAN_REVERSION#0,TRAIN,2025-06-04,4
RANGE_MEAN_REVERSION#0,TRAIN,2025-06-05,1
RANGE_MEAN_REVERSION#0,TRAIN,2025-06-06,2
RANGE_MEAN_REVERSION#0,TRAIN,2025-06-10,3
RANGE_MEAN_REVERSION#0,TRAIN,2025-06-12,4
RANGE_MEAN_REVERSION#0,TRAIN,2025-06-13,1
RANGE_MEAN_REVERSION#0,TRAIN,2025-06-16,2
RANGE_MEAN_REVERSION#0,TRAIN,2025-06-17,2
RANGE_MEAN_REVERSION#0,TRAIN,2025-06-18,4
RANGE_MEAN_REVERSION#0,TRAIN,2025-06-19,1
RANGE_MEAN_REVERSION#0,TRAIN,2025-06-23,2
RANGE_MEAN_REVERSION#0,TRAIN,2025-06-24,1
RANGE_MEAN_REVERSION#0,TRAIN,2025-06-26,4
RANGE_MEAN_REVERSION#0,TRAIN,2025-07-02,1
RANGE_MEAN_REVERSION#0,TRAIN,2025-07-03,2
RANGE_MEAN_REVERSION#0,TRAIN,2025-07-10,6
RANGE_MEAN_REVERSION#0,TRAIN,2025-07-14,3
RANGE_MEAN_REVERSION#0,TRAIN,2025-07-15,2
RANGE_MEAN_REVERSION#0,TRAIN,2025-07-16,1
RANGE_MEAN_REVERSION#0,TRAIN,2025-07-17,1
RANGE_MEAN_REVERSION#0,TRAIN,2025-07-21,3
RANGE_MEAN_REVERSION#0,TRAIN,2025-07-23,2
RANGE_MEAN_REVERSION#0,TRAIN,2025-07-24,3
RANGE_MEAN_REVERSION#0,TRAIN,2025-07-25,1
RANGE_MEAN_REVERSION#0,TRAIN,2025-07-28,2
RANGE_MEAN_REVERSION#0,TRAIN,2025-07-30,1
RANGE_MEAN_REVERSION#0,TRAIN,2025-07-31,1
RANGE_MEAN_REVERSION#0,TRAIN,2025-08-04,2
RANGE_MEAN_REVERSION#0,TRAIN,2025-08-05,2
RANGE_MEAN_REVERSION#0,TRAIN,2025-08-06,4
RANGE_MEAN_REVERSION#0,TRAIN,2025-08-07,2
RANGE_MEAN_REVERSION#0,TRAIN,2025-08-08,2
RANGE_MEAN_REVERSION#0,TRAIN,2025-08-11,1
RANGE_MEAN_REVERSION#0,TRAIN,2025-08-12,2
RANGE_MEAN_REVERSION#0,TRAIN,2025-08-15,3
RANGE_MEAN_REVERSION#0,TRAIN,2025-08-19,3
RANGE_MEAN_REVERSION#0,TRAIN,2025-08-20,3
RANGE_MEAN_REVERSION#0,TRAIN,2025-08-21,1
RANGE_MEAN_REVERSION#0,TRAIN,2025-08-22,3
RANGE_MEAN_REVERSION#0,TRAIN,2025-08-25,3
RANGE_MEAN_REVERSION#0,TRAIN,2025-08-26,2
RANGE_MEAN_REVERSION#0,TRAIN,2025-08-27,1
RANGE_MEAN_REVERSION#0,TRAIN,2025-08-28,4
RANGE_MEAN_REVERSION#0,TRAIN,2025-08-29,5
RANGE_MEAN_REVERSION#0,TRAIN,2025-09-01,2
RANGE_MEAN_REVERSION#0,TRAIN,2025-09-03,3
RANGE_MEAN_REVERSION#0,TRAIN,2025-09-08,3
RANGE_MEAN_REVERSION#0,TRAIN,2025-09-09,4
RANGE_MEAN_REVERSION#0,TRAIN,2025-09-10,2
RANGE_MEAN_REVERSION#0,TRAIN,2025-09-11,4
RANGE_MEAN_REVERSION#0,TRAIN,2025-09-12,4
RANGE_MEAN_REVERSION#0,TRAIN,2025-09-16,2
RANGE_MEAN_REVERSION#0,TRAIN,2025-09-17,5
RANGE_MEAN_REVERSION#0,TRAIN,2025-09-18,1
RANGE_MEAN_REVERSION#0,TRAIN,2025-09-19,3
RANGE_MEAN_REVERSION#0,TRAIN,2025-09-22,2
RANGE_MEAN_REVERSION#0,TRAIN,2025-09-23,4
RANGE_MEAN_REVERSION#0,TRAIN,2025-09-24,1
RANGE_MEAN_REVERSION#0,TRAIN,2025-09-25,1
RANGE_MEAN_REVERSION#0,TRAIN,2025-09-29,3
RANGE_MEAN_REVERSION#0,TRAIN,2025-09-30,2
RANGE_MEAN_REVERSION#0,TRAIN,2025-10-01,1
RANGE_MEAN_REVERSION#0,TRAIN,2025-10-06,2
RANGE_MEAN_REVERSION#0,TRAIN,2025-10-07,3
RANGE_MEAN_REVERSION#0,TRAIN,2025-10-08,1
RANGE_MEAN_REVERSION#0,TRAIN,2025-10-09,1
RANGE_MEAN_REVERSION#0,TRAIN,2025-10-10,1
RANGE_MEAN_REVERSION#0,TRAIN,2025-10-13,4
RANGE_MEAN_REVERSION#0,TRAIN,2025-10-14,5
RANGE_MEAN_REVERSION#0,TRAIN,2025-10-15,6
RANGE_MEAN_REVERSION#0,TRAIN,2025-10-16,3
RANGE_MEAN_REVERSION#0,TRAIN,2025-10-17,2
RANGE_MEAN_REVERSION#0,TRAIN,2025-10-21,1
RANGE_MEAN_REVERSION#0,TRAIN,2025-10-22,2
RANGE_MEAN_REVERSION#0,TRAIN,2025-10-23,3
RANGE_MEAN_REVERSION#0,TRAIN,2025-10-27,2
RANGE_MEAN_REVERSION#0,TRAIN,2025-10-28,1
RANGE_MEAN_REVERSION#0,TRAIN,2025-10-29,1
RANGE_MEAN_REVERSION#0,TRAIN,2025-10-31,3
RANGE_MEAN_REVERSION#0,TRAIN,2025-11-03,2
RANGE_MEAN_REVERSION#0,TRAIN,2025-11-04,2
RANGE_MEAN_REVERSION#0,TRAIN,2025-11-05,3
RANGE_MEAN_REVERSION#0,TRAIN,2025-11-06,1
RANGE_MEAN_REVERSION#0,TRAIN,2025-11-07,4
RANGE_MEAN_REVERSION#0,TRAIN,2025-11-11,4
RANGE_MEAN_REVERSION#0,TRAIN,2025-11-14,3
RANGE_MEAN_REVERSION#0,TRAIN,2025-11-18,2
RANGE_MEAN_REVERSION#0,TRAIN,2025-11-19,1
RANGE_MEAN_REVERSION#0,TRAIN,2025-11-20,2
RANGE_MEAN_REVERSION#0,TRAIN,2025-11-21,2
RANGE_MEAN_REVERSION#0,TRAIN,2025-11-24,5
RANGE_MEAN_REVERSION#0,TRAIN,2025-11-25,2
RANGE_MEAN_REVERSION#0,TRAIN,2025-11-26,1
RANGE_MEAN_REVERSION#0,TRAIN,2025-11-27,1
RANGE_MEAN_REVERSION#0,TRAIN,2025-11-28,3
RANGE_MEAN_REVERSION#0,VALIDATION,2025-12-01,1
RANGE_MEAN_REVERSION#0,VALIDATION,2025-12-03,2
RANGE_MEAN_REVERSION#0,VALIDATION,2025-12-08,3
RANGE_MEAN_REVERSION#0,VALIDATION,2025-12-10,6
RANGE_MEAN_REVERSION#0,VALIDATION,2025-12-11,2
RANGE_MEAN_REVERSION#0,VALIDATION,2025-12-12,3
RANGE_MEAN_REVERSION#0,VALIDATION,2025-12-16,5
RANGE_MEAN_REVERSION#0,VALIDATION,2025-12-17,4
RANGE_MEAN_REVERSION#0,VALIDATION,2025-12-22,5
RANGE_MEAN_REVERSION#0,VALIDATION,2025-12-23,2
RANGE_MEAN_REVERSION#0,VALIDATION,2025-12-29,3
RANGE_MEAN_REVERSION#0,VALIDATION,2025-12-30,2
RANGE_MEAN_REVERSION#0,VALIDATION,2026-01-02,3
RANGE_MEAN_REVERSION#0,VALIDATION,2026-01-05,2
RANGE_MEAN_REVERSION#0,VALIDATION,2026-01-06,3
RANGE_MEAN_REVERSION#0,VALIDATION,2026-01-07,1
RANGE_MEAN_REVERSION#0,VALIDATION,2026-01-08,3
RANGE_MEAN_REVERSION#0,VALIDATION,2026-01-12,1
RANGE_MEAN_REVERSION#0,VALIDATION,2026-01-14,2
RANGE_MEAN_REVERSION#0,VALIDATION,2026-01-15,1
RANGE_MEAN_REVERSION#0,VALIDATION,2026-01-16,3
RANGE_MEAN_REVERSION#0,VALIDATION,2026-01-19,3
RANGE_MEAN_REVERSION#0,VALIDATION,2026-01-21,2
RANGE_MEAN_REVERSION#0,VALIDATION,2026-01-22,4
RANGE_MEAN_REVERSION#0,VALIDATION,2026-01-23,3
RANGE_MEAN_REVERSION#0,VALIDATION,2026-01-26,2
RANGE_MEAN_REVERSION#0,VALIDATION,2026-01-28,1
RANGE_MEAN_REVERSION#0,VALIDATION,2026-01-29,1
RANGE_MEAN_REVERSION#0,VALIDATION,2026-01-30,3
RANGE_MEAN_REVERSION#0,VALIDATION,2026-02-02,2
RANGE_MEAN_REVERSION#0,VALIDATION,2026-02-03,2
RANGE_MEAN_REVERSION#0,VALIDATION,2026-02-04,2
RANGE_MEAN_REVERSION#0,VALIDATION,2026-02-05,6
RANGE_MEAN_REVERSION#0,VALIDATION,2026-02-06,3
RANGE_MEAN_REVERSION#0,VALIDATION,2026-02-09,4
RANGE_MEAN_REVERSION#0,VALIDATION,2026-02-10,2
RANGE_MEAN_REVERSION#0,VALIDATION,2026-02-11,1
RANGE_MEAN_REVERSION#0,VALIDATION,2026-02-12,1
RANGE_MEAN_REVERSION#0,VALIDATION,2026-02-13,1
RANGE_MEAN_REVERSION#0,VALIDATION,2026-02-16,2
RANGE_MEAN_REVERSION#0,VALIDATION,2026-02-17,3
RANGE_MEAN_REVERSION#0,VALIDATION,2026-02-18,1
RANGE_MEAN_REVERSION#0,VALIDATION,2026-02-19,1
RANGE_MEAN_REVERSION#0,VALIDATION,2026-02-24,1
RANGE_MEAN_REVERSION#0,VALIDATION,2026-02-27,4
RANGE_MEAN_REVERSION#0,VALIDATION,2026-03-02,2
RANGE_MEAN_REVERSION#0,VALIDATION,2026-03-03,1
RANGE_MEAN_REVERSION#0,VALIDATION,2026-03-04,1
RANGE_MEAN_REVERSION#0,VALIDATION,2026-03-05,2
RANGE_MEAN_REVERSION#0,VALIDATION,2026-03-06,1
RANGE_MEAN_REVERSION#0,VALIDATION,2026-03-10,5
RANGE_MEAN_REVERSION#0,VALIDATION,2026-03-11,1
RANGE_MEAN_REVERSION#0,VALIDATION,2026-03-12,3
RANGE_MEAN_REVERSION#0,VALIDATION,2026-03-13,6
RANGE_MEAN_REVERSION#0,VALIDATION,2026-03-16,6
RANGE_MEAN_REVERSION#0,VALIDATION,2026-03-17,2
RANGE_MEAN_REVERSION#0,VALIDATION,2026-03-19,4
RANGE_MEAN_REVERSION#0,VALIDATION,2026-03-24,6
RANGE_MEAN_REVERSION#0,VALIDATION,2026-03-26,3
RANGE_MEAN_REVERSION#0,VALIDATION,2026-03-27,1
RANGE_MEAN_REVERSION#0,VALIDATION,2026-03-30,1
RANGE_MEAN_REVERSION#0,VALIDATION,2026-03-31,4
RANGE_MEAN_REVERSION#0,VALIDATION,2026-04-02,4
RANGE_MEAN_REVERSION#0,VALIDATION,2026-04-07,3
RANGE_MEAN_REVERSION#0,VALIDATION,2026-04-08,2
RANGE_MEAN_REVERSION#0,VALIDATION,2026-04-09,6
RANGE_MEAN_REVERSION#0,VALIDATION,2026-04-10,6
RANGE_MEAN_REVERSION#0,VALIDATION,2026-04-15,2
RANGE_MEAN_REVERSION#0,VALIDATION,2026-04-16,2
RANGE_MEAN_REVERSION#0,VALIDATION,2026-04-17,1
RANGE_MEAN_REVERSION#0,VALIDATION,2026-04-21,2
RANGE_MEAN_REVERSION#0,VALIDATION,2026-04-22,2
RANGE_MEAN_REVERSION#0,VALIDATION,2026-04-23,1
RANGE_MEAN_REVERSION#0,VALIDATION,2026-04-24,2
RANGE_MEAN_REVERSION#0,VALIDATION,2026-04-27,2
RANGE_MEAN_REVERSION#0,VALIDATION,2026-04-30,2
RANGE_MEAN_REVERSION#1,TRAIN,2025-02-05,1
RANGE_MEAN_REVERSION#1,TRAIN,2025-02-11,2
RANGE_MEAN_REVERSION#1,TRAIN,2025-02-12,1
RANGE_MEAN_REVERSION#1,TRAIN,2025-02-13,1
RANGE_MEAN_REVERSION#1,TRAIN,2025-02-14,1
RANGE_MEAN_REVERSION#1,TRAIN,2025-02-18,3
RANGE_MEAN_REVERSION#1,TRAIN,2025-02-19,1
RANGE_MEAN_REVERSION#1,TRAIN,2025-02-20,4
RANGE_MEAN_REVERSION#1,TRAIN,2025-02-21,1
RANGE_MEAN_REVERSION#1,TRAIN,2025-02-24,1
RANGE_MEAN_REVERSION#1,TRAIN,2025-02-25,4
RANGE_MEAN_REVERSION#1,TRAIN,2025-02-26,2
RANGE_MEAN_REVERSION#1,TRAIN,2025-02-27,4
RANGE_MEAN_REVERSION#1,TRAIN,2025-02-28,2
RANGE_MEAN_REVERSION#1,TRAIN,2025-03-05,1
RANGE_MEAN_REVERSION#1,TRAIN,2025-03-06,6
RANGE_MEAN_REVERSION#1,TRAIN,2025-03-07,2
RANGE_MEAN_REVERSION#1,TRAIN,2025-03-11,1
RANGE_MEAN_REVERSION#1,TRAIN,2025-03-12,2
RANGE_MEAN_REVERSION#1,TRAIN,2025-03-13,2
RANGE_MEAN_REVERSION#1,TRAIN,2025-03-14,1
RANGE_MEAN_REVERSION#1,TRAIN,2025-03-18,1
RANGE_MEAN_REVERSION#1,TRAIN,2025-03-19,2
RANGE_MEAN_REVERSION#1,TRAIN,2025-03-20,1
RANGE_MEAN_REVERSION#1,TRAIN,2025-03-24,4
RANGE_MEAN_REVERSION#1,TRAIN,2025-03-25,2
RANGE_MEAN_REVERSION#1,TRAIN,2025-03-26,1
RANGE_MEAN_REVERSION#1,TRAIN,2025-03-27,1
RANGE_MEAN_REVERSION#1,TRAIN,2025-03-31,3
RANGE_MEAN_REVERSION#1,TRAIN,2025-04-02,1
RANGE_MEAN_REVERSION#1,TRAIN,2025-04-03,1
RANGE_MEAN_REVERSION#1,TRAIN,2025-04-08,3
RANGE_MEAN_REVERSION#1,TRAIN,2025-04-09,2
RANGE_MEAN_REVERSION#1,TRAIN,2025-04-10,4
RANGE_MEAN_REVERSION#1,TRAIN,2025-04-14,1
RANGE_MEAN_REVERSION#1,TRAIN,2025-04-15,1
RANGE_MEAN_REVERSION#1,TRAIN,2025-04-16,1
RANGE_MEAN_REVERSION#1,TRAIN,2025-04-17,3
RANGE_MEAN_REVERSION#1,TRAIN,2025-04-22,3
RANGE_MEAN_REVERSION#1,TRAIN,2025-04-23,1
RANGE_MEAN_REVERSION#1,TRAIN,2025-04-24,3
RANGE_MEAN_REVERSION#1,TRAIN,2025-04-28,1
RANGE_MEAN_REVERSION#1,TRAIN,2025-04-29,1
RANGE_MEAN_REVERSION#1,TRAIN,2025-04-30,2
RANGE_MEAN_REVERSION#1,TRAIN,2025-05-05,3
RANGE_MEAN_REVERSION#1,TRAIN,2025-05-06,3
RANGE_MEAN_REVERSION#1,TRAIN,2025-05-09,2
RANGE_MEAN_REVERSION#1,TRAIN,2025-05-13,1
RANGE_MEAN_REVERSION#1,TRAIN,2025-05-14,4
RANGE_MEAN_REVERSION#1,TRAIN,2025-05-15,3
RANGE_MEAN_REVERSION#1,TRAIN,2025-05-16,3
RANGE_MEAN_REVERSION#1,TRAIN,2025-05-19,1
RANGE_MEAN_REVERSION#1,TRAIN,2025-05-20,3
RANGE_MEAN_REVERSION#1,TRAIN,2025-05-21,2
RANGE_MEAN_REVERSION#1,TRAIN,2025-05-22,4
RANGE_MEAN_REVERSION#1,TRAIN,2025-05-26,2
RANGE_MEAN_REVERSION#1,TRAIN,2025-05-27,1
RANGE_MEAN_REVERSION#1,TRAIN,2025-05-28,3
RANGE_MEAN_REVERSION#1,TRAIN,2025-05-30,1
RANGE_MEAN_REVERSION#1,TRAIN,2025-06-02,1
RANGE_MEAN_REVERSION#1,TRAIN,2025-06-03,3
RANGE_MEAN_REVERSION#1,TRAIN,2025-06-04,4
RANGE_MEAN_REVERSION#1,TRAIN,2025-06-05,1
RANGE_MEAN_REVERSION#1,TRAIN,2025-06-06,2
RANGE_MEAN_REVERSION#1,TRAIN,2025-06-10,3
RANGE_MEAN_REVERSION#1,TRAIN,2025-06-12,4
RANGE_MEAN_REVERSION#1,TRAIN,2025-06-13,1
RANGE_MEAN_REVERSION#1,TRAIN,2025-06-16,2
RANGE_MEAN_REVERSION#1,TRAIN,2025-06-17,2
RANGE_MEAN_REVERSION#1,TRAIN,2025-06-18,4
RANGE_MEAN_REVERSION#1,TRAIN,2025-06-19,1
RANGE_MEAN_REVERSION#1,TRAIN,2025-06-23,2
RANGE_MEAN_REVERSION#1,TRAIN,2025-06-24,1
RANGE_MEAN_REVERSION#1,TRAIN,2025-06-26,4
RANGE_MEAN_REVERSION#1,TRAIN,2025-07-02,1
RANGE_MEAN_REVERSION#1,TRAIN,2025-07-03,2
RANGE_MEAN_REVERSION#1,TRAIN,2025-07-10,6
RANGE_MEAN_REVERSION#1,TRAIN,2025-07-14,3
RANGE_MEAN_REVERSION#1,TRAIN,2025-07-15,2
RANGE_MEAN_REVERSION#1,TRAIN,2025-07-16,1
RANGE_MEAN_REVERSION#1,TRAIN,2025-07-17,1
RANGE_MEAN_REVERSION#1,TRAIN,2025-07-21,3
RANGE_MEAN_REVERSION#1,TRAIN,2025-07-23,2
RANGE_MEAN_REVERSION#1,TRAIN,2025-07-24,3
RANGE_MEAN_REVERSION#1,TRAIN,2025-07-25,1
RANGE_MEAN_REVERSION#1,TRAIN,2025-07-28,2
RANGE_MEAN_REVERSION#1,TRAIN,2025-07-30,1
RANGE_MEAN_REVERSION#1,TRAIN,2025-07-31,1
RANGE_MEAN_REVERSION#1,TRAIN,2025-08-04,2
RANGE_MEAN_REVERSION#1,TRAIN,2025-08-05,2
RANGE_MEAN_REVERSION#1,TRAIN,2025-08-06,4
RANGE_MEAN_REVERSION#1,TRAIN,2025-08-07,2
RANGE_MEAN_REVERSION#1,TRAIN,2025-08-08,2
RANGE_MEAN_REVERSION#1,TRAIN,2025-08-11,1
RANGE_MEAN_REVERSION#1,TRAIN,2025-08-12,2
RANGE_MEAN_REVERSION#1,TRAIN,2025-08-15,3
RANGE_MEAN_REVERSION#1,TRAIN,2025-08-19,3
RANGE_MEAN_REVERSION#1,TRAIN,2025-08-20,3
RANGE_MEAN_REVERSION#1,TRAIN,2025-08-21,1
RANGE_MEAN_REVERSION#1,TRAIN,2025-08-22,3
RANGE_MEAN_REVERSION#1,TRAIN,2025-08-25,3
RANGE_MEAN_REVERSION#1,TRAIN,2025-08-26,2
RANGE_MEAN_REVERSION#1,TRAIN,2025-08-27,1
RANGE_MEAN_REVERSION#1,TRAIN,2025-08-28,4
RANGE_MEAN_REVERSION#1,TRAIN,2025-08-29,5
RANGE_MEAN_REVERSION#1,TRAIN,2025-09-01,2
RANGE_MEAN_REVERSION#1,TRAIN,2025-09-03,3
RANGE_MEAN_REVERSION#1,TRAIN,2025-09-08,3
RANGE_MEAN_REVERSION#1,TRAIN,2025-09-09,4
RANGE_MEAN_REVERSION#1,TRAIN,2025-09-10,2
RANGE_MEAN_REVERSION#1,TRAIN,2025-09-11,4
RANGE_MEAN_REVERSION#1,TRAIN,2025-09-12,4
RANGE_MEAN_REVERSION#1,TRAIN,2025-09-16,2
RANGE_MEAN_REVERSION#1,TRAIN,2025-09-17,5
RANGE_MEAN_REVERSION#1,TRAIN,2025-09-18,1
RANGE_MEAN_REVERSION#1,TRAIN,2025-09-19,3
RANGE_MEAN_REVERSION#1,TRAIN,2025-09-22,2
RANGE_MEAN_REVERSION#1,TRAIN,2025-09-23,4
RANGE_MEAN_REVERSION#1,TRAIN,2025-09-24,1
RANGE_MEAN_REVERSION#1,TRAIN,2025-09-25,1
RANGE_MEAN_REVERSION#1,TRAIN,2025-09-29,3
RANGE_MEAN_REVERSION#1,TRAIN,2025-09-30,2
RANGE_MEAN_REVERSION#1,TRAIN,2025-10-01,1
RANGE_MEAN_REVERSION#1,TRAIN,2025-10-06,2
RANGE_MEAN_REVERSION#1,TRAIN,2025-10-07,3
RANGE_MEAN_REVERSION#1,TRAIN,2025-10-08,1
RANGE_MEAN_REVERSION#1,TRAIN,2025-10-09,1
RANGE_MEAN_REVERSION#1,TRAIN,2025-10-10,1
RANGE_MEAN_REVERSION#1,TRAIN,2025-10-13,4
RANGE_MEAN_REVERSION#1,TRAIN,2025-10-14,5
RANGE_MEAN_REVERSION#1,TRAIN,2025-10-15,6
RANGE_MEAN_REVERSION#1,TRAIN,2025-10-16,3
RANGE_MEAN_REVERSION#1,TRAIN,2025-10-17,2
RANGE_MEAN_REVERSION#1,TRAIN,2025-10-21,1
RANGE_MEAN_REVERSION#1,TRAIN,2025-10-22,2
RANGE_MEAN_REVERSION#1,TRAIN,2025-10-23,3
RANGE_MEAN_REVERSION#1,TRAIN,2025-10-27,2
RANGE_MEAN_REVERSION#1,TRAIN,2025-10-28,1
RANGE_MEAN_REVERSION#1,TRAIN,2025-10-29,1
RANGE_MEAN_REVERSION#1,TRAIN,2025-10-31,3
RANGE_MEAN_REVERSION#1,TRAIN,2025-11-03,2
RANGE_MEAN_REVERSION#1,TRAIN,2025-11-04,2
RANGE_MEAN_REVERSION#1,TRAIN,2025-11-05,3
RANGE_MEAN_REVERSION#1,TRAIN,2025-11-06,1
RANGE_MEAN_REVERSION#1,TRAIN,2025-11-07,4
RANGE_MEAN_REVERSION#1,TRAIN,2025-11-11,4
RANGE_MEAN_REVERSION#1,TRAIN,2025-11-14,3
RANGE_MEAN_REVERSION#1,TRAIN,2025-11-18,2
RANGE_MEAN_REVERSION#1,TRAIN,2025-11-19,1
RANGE_MEAN_REVERSION#1,TRAIN,2025-11-20,2
RANGE_MEAN_REVERSION#1,TRAIN,2025-11-21,2
RANGE_MEAN_REVERSION#1,TRAIN,2025-11-24,5
RANGE_MEAN_REVERSION#1,TRAIN,2025-11-25,2
RANGE_MEAN_REVERSION#1,TRAIN,2025-11-26,1
RANGE_MEAN_REVERSION#1,TRAIN,2025-11-27,1
RANGE_MEAN_REVERSION#1,TRAIN,2025-11-28,3
RANGE_MEAN_REVERSION#1,VALIDATION,2025-12-01,1
RANGE_MEAN_REVERSION#1,VALIDATION,2025-12-03,2
RANGE_MEAN_REVERSION#1,VALIDATION,2025-12-08,3
RANGE_MEAN_REVERSION#1,VALIDATION,2025-12-10,6
RANGE_MEAN_REVERSION#1,VALIDATION,2025-12-11,2
RANGE_MEAN_REVERSION#1,VALIDATION,2025-12-12,3
RANGE_MEAN_REVERSION#1,VALIDATION,2025-12-16,5
RANGE_MEAN_REVERSION#1,VALIDATION,2025-12-17,4
RANGE_MEAN_REVERSION#1,VALIDATION,2025-12-22,5
RANGE_MEAN_REVERSION#1,VALIDATION,2025-12-23,2
RANGE_MEAN_REVERSION#1,VALIDATION,2025-12-29,3
RANGE_MEAN_REVERSION#1,VALIDATION,2025-12-30,2
RANGE_MEAN_REVERSION#1,VALIDATION,2026-01-02,3
RANGE_MEAN_REVERSION#1,VALIDATION,2026-01-05,2
RANGE_MEAN_REVERSION#1,VALIDATION,2026-01-06,3
RANGE_MEAN_REVERSION#1,VALIDATION,2026-01-07,1
RANGE_MEAN_REVERSION#1,VALIDATION,2026-01-08,3
RANGE_MEAN_REVERSION#1,VALIDATION,2026-01-12,1
RANGE_MEAN_REVERSION#1,VALIDATION,2026-01-14,2
RANGE_MEAN_REVERSION#1,VALIDATION,2026-01-15,1
RANGE_MEAN_REVERSION#1,VALIDATION,2026-01-16,3
RANGE_MEAN_REVERSION#1,VALIDATION,2026-01-19,3
RANGE_MEAN_REVERSION#1,VALIDATION,2026-01-21,2
RANGE_MEAN_REVERSION#1,VALIDATION,2026-01-22,4
RANGE_MEAN_REVERSION#1,VALIDATION,2026-01-23,3
RANGE_MEAN_REVERSION#1,VALIDATION,2026-01-26,2
RANGE_MEAN_REVERSION#1,VALIDATION,2026-01-28,1
RANGE_MEAN_REVERSION#1,VALIDATION,2026-01-29,1
RANGE_MEAN_REVERSION#1,VALIDATION,2026-01-30,3
RANGE_MEAN_REVERSION#1,VALIDATION,2026-02-02,2
RANGE_MEAN_REVERSION#1,VALIDATION,2026-02-03,2
RANGE_MEAN_REVERSION#1,VALIDATION,2026-02-04,2
RANGE_MEAN_REVERSION#1,VALIDATION,2026-02-05,6
RANGE_MEAN_REVERSION#1,VALIDATION,2026-02-06,3
RANGE_MEAN_REVERSION#1,VALIDATION,2026-02-09,4
RANGE_MEAN_REVERSION#1,VALIDATION,2026-02-10,2
RANGE_MEAN_REVERSION#1,VALIDATION,2026-02-11,1
RANGE_MEAN_REVERSION#1,VALIDATION,2026-02-12,1
RANGE_MEAN_REVERSION#1,VALIDATION,2026-02-13,1
RANGE_MEAN_REVERSION#1,VALIDATION,2026-02-16,2
RANGE_MEAN_REVERSION#1,VALIDATION,2026-02-17,3
RANGE_MEAN_REVERSION#1,VALIDATION,2026-02-18,1
RANGE_MEAN_REVERSION#1,VALIDATION,2026-02-19,1
RANGE_MEAN_REVERSION#1,VALIDATION,2026-02-24,1
RANGE_MEAN_REVERSION#1,VALIDATION,2026-02-27,4
RANGE_MEAN_REVERSION#1,VALIDATION,2026-03-02,2
RANGE_MEAN_REVERSION#1,VALIDATION,2026-03-03,1
RANGE_MEAN_REVERSION#1,VALIDATION,2026-03-04,1
RANGE_MEAN_REVERSION#1,VALIDATION,2026-03-05,2
RANGE_MEAN_REVERSION#1,VALIDATION,2026-03-06,1
RANGE_MEAN_REVERSION#1,VALIDATION,2026-03-10,5
RANGE_MEAN_REVERSION#1,VALIDATION,2026-03-11,1
RANGE_MEAN_REVERSION#1,VALIDATION,2026-03-12,3
RANGE_MEAN_REVERSION#1,VALIDATION,2026-03-13,6
RANGE_MEAN_REVERSION#1,VALIDATION,2026-03-16,6
RANGE_MEAN_REVERSION#1,VALIDATION,2026-03-17,2
RANGE_MEAN_REVERSION#1,VALIDATION,2026-03-19,4
RANGE_MEAN_REVERSION#1,VALIDATION,2026-03-24,6
RANGE_MEAN_REVERSION#1,VALIDATION,2026-03-26,3
RANGE_MEAN_REVERSION#1,VALIDATION,2026-03-27,1
RANGE_MEAN_REVERSION#1,VALIDATION,2026-03-30,1
RANGE_MEAN_REVERSION#1,VALIDATION,2026-03-31,4
RANGE_MEAN_REVERSION#1,VALIDATION,2026-04-02,4
RANGE_MEAN_REVERSION#1,VALIDATION,2026-04-07,3
RANGE_MEAN_REVERSION#1,VALIDATION,2026-04-08,2
RANGE_MEAN_REVERSION#1,VALIDATION,2026-04-09,6
RANGE_MEAN_REVERSION#1,VALIDATION,2026-04-10,6
RANGE_MEAN_REVERSION#1,VALIDATION,2026-04-15,2
RANGE_MEAN_REVERSION#1,VALIDATION,2026-04-16,2
RANGE_MEAN_REVERSION#1,VALIDATION,2026-04-17,1
RANGE_MEAN_REVERSION#1,VALIDATION,2026-04-21,2
RANGE_MEAN_REVERSION#1,VALIDATION,2026-04-22,2
RANGE_MEAN_REVERSION#1,VALIDATION,2026-04-23,1
RANGE_MEAN_REVERSION#1,VALIDATION,2026-04-24,2
RANGE_MEAN_REVERSION#1,VALIDATION,2026-04-27,2
RANGE_MEAN_REVERSION#1,VALIDATION,2026-04-30,2
RANGE_MEAN_REVERSION#2,TRAIN,2025-02-05,1
RANGE_MEAN_REVERSION#2,TRAIN,2025-02-11,2
RANGE_MEAN_REVERSION#2,TRAIN,2025-02-12,1
RANGE_MEAN_REVERSION#2,TRAIN,2025-02-13,1
RANGE_MEAN_REVERSION#2,TRAIN,2025-02-14,1
RANGE_MEAN_REVERSION#2,TRAIN,2025-02-18,1
RANGE_MEAN_REVERSION#2,TRAIN,2025-02-19,1
RANGE_MEAN_REVERSION#2,TRAIN,2025-02-20,4
RANGE_MEAN_REVERSION#2,TRAIN,2025-02-21,1
RANGE_MEAN_REVERSION#2,TRAIN,2025-02-24,1
RANGE_MEAN_REVERSION#2,TRAIN,2025-02-25,4
RANGE_MEAN_REVERSION#2,TRAIN,2025-02-26,1
RANGE_MEAN_REVERSION#2,TRAIN,2025-02-27,4
RANGE_MEAN_REVERSION#2,TRAIN,2025-02-28,2
RANGE_MEAN_REVERSION#2,TRAIN,2025-03-05,1
RANGE_MEAN_REVERSION#2,TRAIN,2025-03-06,6
RANGE_MEAN_REVERSION#2,TRAIN,2025-03-07,2
RANGE_MEAN_REVERSION#2,TRAIN,2025-03-11,1
RANGE_MEAN_REVERSION#2,TRAIN,2025-03-12,2
RANGE_MEAN_REVERSION#2,TRAIN,2025-03-13,1
RANGE_MEAN_REVERSION#2,TRAIN,2025-03-14,1
RANGE_MEAN_REVERSION#2,TRAIN,2025-03-18,1
RANGE_MEAN_REVERSION#2,TRAIN,2025-03-19,1
RANGE_MEAN_REVERSION#2,TRAIN,2025-03-20,1
RANGE_MEAN_REVERSION#2,TRAIN,2025-03-24,3
RANGE_MEAN_REVERSION#2,TRAIN,2025-03-25,1
RANGE_MEAN_REVERSION#2,TRAIN,2025-03-26,1
RANGE_MEAN_REVERSION#2,TRAIN,2025-03-27,1
RANGE_MEAN_REVERSION#2,TRAIN,2025-03-31,1
RANGE_MEAN_REVERSION#2,TRAIN,2025-04-02,1
RANGE_MEAN_REVERSION#2,TRAIN,2025-04-08,3
RANGE_MEAN_REVERSION#2,TRAIN,2025-04-09,2
RANGE_MEAN_REVERSION#2,TRAIN,2025-04-10,3
RANGE_MEAN_REVERSION#2,TRAIN,2025-04-14,1
RANGE_MEAN_REVERSION#2,TRAIN,2025-04-15,1
RANGE_MEAN_REVERSION#2,TRAIN,2025-04-16,1
RANGE_MEAN_REVERSION#2,TRAIN,2025-04-17,3
RANGE_MEAN_REVERSION#2,TRAIN,2025-04-22,1
RANGE_MEAN_REVERSION#2,TRAIN,2025-04-23,1
RANGE_MEAN_REVERSION#2,TRAIN,2025-04-24,3
RANGE_MEAN_REVERSION#2,TRAIN,2025-04-28,1
RANGE_MEAN_REVERSION#2,TRAIN,2025-04-29,1
RANGE_MEAN_REVERSION#2,TRAIN,2025-04-30,2
RANGE_MEAN_REVERSION#2,TRAIN,2025-05-05,3
RANGE_MEAN_REVERSION#2,TRAIN,2025-05-06,2
RANGE_MEAN_REVERSION#2,TRAIN,2025-05-09,2
RANGE_MEAN_REVERSION#2,TRAIN,2025-05-13,1
RANGE_MEAN_REVERSION#2,TRAIN,2025-05-14,3
RANGE_MEAN_REVERSION#2,TRAIN,2025-05-15,3
RANGE_MEAN_REVERSION#2,TRAIN,2025-05-16,3
RANGE_MEAN_REVERSION#2,TRAIN,2025-05-19,1
RANGE_MEAN_REVERSION#2,TRAIN,2025-05-20,1
RANGE_MEAN_REVERSION#2,TRAIN,2025-05-21,2
RANGE_MEAN_REVERSION#2,TRAIN,2025-05-22,4
RANGE_MEAN_REVERSION#2,TRAIN,2025-05-26,1
RANGE_MEAN_REVERSION#2,TRAIN,2025-05-27,1
RANGE_MEAN_REVERSION#2,TRAIN,2025-05-28,2
RANGE_MEAN_REVERSION#2,TRAIN,2025-05-30,1
RANGE_MEAN_REVERSION#2,TRAIN,2025-06-02,1
RANGE_MEAN_REVERSION#2,TRAIN,2025-06-03,1
RANGE_MEAN_REVERSION#2,TRAIN,2025-06-04,4
RANGE_MEAN_REVERSION#2,TRAIN,2025-06-05,1
RANGE_MEAN_REVERSION#2,TRAIN,2025-06-06,2
RANGE_MEAN_REVERSION#2,TRAIN,2025-06-10,1
RANGE_MEAN_REVERSION#2,TRAIN,2025-06-12,4
RANGE_MEAN_REVERSION#2,TRAIN,2025-06-13,1
RANGE_MEAN_REVERSION#2,TRAIN,2025-06-16,1
RANGE_MEAN_REVERSION#2,TRAIN,2025-06-17,2
RANGE_MEAN_REVERSION#2,TRAIN,2025-06-18,4
RANGE_MEAN_REVERSION#2,TRAIN,2025-06-19,1
RANGE_MEAN_REVERSION#2,TRAIN,2025-06-23,2
RANGE_MEAN_REVERSION#2,TRAIN,2025-06-24,1
RANGE_MEAN_REVERSION#2,TRAIN,2025-06-26,4
RANGE_MEAN_REVERSION#2,TRAIN,2025-07-02,1
RANGE_MEAN_REVERSION#2,TRAIN,2025-07-03,2
RANGE_MEAN_REVERSION#2,TRAIN,2025-07-10,6
RANGE_MEAN_REVERSION#2,TRAIN,2025-07-14,3
RANGE_MEAN_REVERSION#2,TRAIN,2025-07-15,2
RANGE_MEAN_REVERSION#2,TRAIN,2025-07-16,1
RANGE_MEAN_REVERSION#2,TRAIN,2025-07-17,1
RANGE_MEAN_REVERSION#2,TRAIN,2025-07-21,3
RANGE_MEAN_REVERSION#2,TRAIN,2025-07-23,2
RANGE_MEAN_REVERSION#2,TRAIN,2025-07-24,2
RANGE_MEAN_REVERSION#2,TRAIN,2025-07-25,1
RANGE_MEAN_REVERSION#2,TRAIN,2025-07-28,2
RANGE_MEAN_REVERSION#2,TRAIN,2025-07-30,1
RANGE_MEAN_REVERSION#2,TRAIN,2025-08-04,1
RANGE_MEAN_REVERSION#2,TRAIN,2025-08-05,2
RANGE_MEAN_REVERSION#2,TRAIN,2025-08-06,3
RANGE_MEAN_REVERSION#2,TRAIN,2025-08-07,1
RANGE_MEAN_REVERSION#2,TRAIN,2025-08-08,1
RANGE_MEAN_REVERSION#2,TRAIN,2025-08-11,1
RANGE_MEAN_REVERSION#2,TRAIN,2025-08-12,2
RANGE_MEAN_REVERSION#2,TRAIN,2025-08-15,3
RANGE_MEAN_REVERSION#2,TRAIN,2025-08-19,2
RANGE_MEAN_REVERSION#2,TRAIN,2025-08-20,2
RANGE_MEAN_REVERSION#2,TRAIN,2025-08-22,2
RANGE_MEAN_REVERSION#2,TRAIN,2025-08-25,3
RANGE_MEAN_REVERSION#2,TRAIN,2025-08-26,2
RANGE_MEAN_REVERSION#2,TRAIN,2025-08-27,1
RANGE_MEAN_REVERSION#2,TRAIN,2025-08-28,4
RANGE_MEAN_REVERSION#2,TRAIN,2025-08-29,3
RANGE_MEAN_REVERSION#2,TRAIN,2025-09-01,2
RANGE_MEAN_REVERSION#2,TRAIN,2025-09-03,2
RANGE_MEAN_REVERSION#2,TRAIN,2025-09-08,2
RANGE_MEAN_REVERSION#2,TRAIN,2025-09-09,4
RANGE_MEAN_REVERSION#2,TRAIN,2025-09-10,2
RANGE_MEAN_REVERSION#2,TRAIN,2025-09-11,4
RANGE_MEAN_REVERSION#2,TRAIN,2025-09-12,3
RANGE_MEAN_REVERSION#2,TRAIN,2025-09-16,2
RANGE_MEAN_REVERSION#2,TRAIN,2025-09-17,4
RANGE_MEAN_REVERSION#2,TRAIN,2025-09-18,1
RANGE_MEAN_REVERSION#2,TRAIN,2025-09-19,2
RANGE_MEAN_REVERSION#2,TRAIN,2025-09-22,2
RANGE_MEAN_REVERSION#2,TRAIN,2025-09-23,4
RANGE_MEAN_REVERSION#2,TRAIN,2025-09-24,1
RANGE_MEAN_REVERSION#2,TRAIN,2025-09-25,1
RANGE_MEAN_REVERSION#2,TRAIN,2025-09-29,3
RANGE_MEAN_REVERSION#2,TRAIN,2025-09-30,1
RANGE_MEAN_REVERSION#2,TRAIN,2025-10-01,1
RANGE_MEAN_REVERSION#2,TRAIN,2025-10-06,1
RANGE_MEAN_REVERSION#2,TRAIN,2025-10-07,3
RANGE_MEAN_REVERSION#2,TRAIN,2025-10-09,1
RANGE_MEAN_REVERSION#2,TRAIN,2025-10-10,1
RANGE_MEAN_REVERSION#2,TRAIN,2025-10-13,3
RANGE_MEAN_REVERSION#2,TRAIN,2025-10-14,4
RANGE_MEAN_REVERSION#2,TRAIN,2025-10-15,3
RANGE_MEAN_REVERSION#2,TRAIN,2025-10-16,2
RANGE_MEAN_REVERSION#2,TRAIN,2025-10-17,1
RANGE_MEAN_REVERSION#2,TRAIN,2025-10-21,1
RANGE_MEAN_REVERSION#2,TRAIN,2025-10-22,1
RANGE_MEAN_REVERSION#2,TRAIN,2025-10-23,3
RANGE_MEAN_REVERSION#2,TRAIN,2025-10-27,1
RANGE_MEAN_REVERSION#2,TRAIN,2025-10-28,1
RANGE_MEAN_REVERSION#2,TRAIN,2025-10-29,1
RANGE_MEAN_REVERSION#2,TRAIN,2025-10-31,2
RANGE_MEAN_REVERSION#2,TRAIN,2025-11-03,1
RANGE_MEAN_REVERSION#2,TRAIN,2025-11-04,1
RANGE_MEAN_REVERSION#2,TRAIN,2025-11-05,3
RANGE_MEAN_REVERSION#2,TRAIN,2025-11-06,1
RANGE_MEAN_REVERSION#2,TRAIN,2025-11-07,4
RANGE_MEAN_REVERSION#2,TRAIN,2025-11-11,3
RANGE_MEAN_REVERSION#2,TRAIN,2025-11-14,3
RANGE_MEAN_REVERSION#2,TRAIN,2025-11-18,2
RANGE_MEAN_REVERSION#2,TRAIN,2025-11-19,1
RANGE_MEAN_REVERSION#2,TRAIN,2025-11-20,2
RANGE_MEAN_REVERSION#2,TRAIN,2025-11-21,2
RANGE_MEAN_REVERSION#2,TRAIN,2025-11-24,4
RANGE_MEAN_REVERSION#2,TRAIN,2025-11-25,2
RANGE_MEAN_REVERSION#2,TRAIN,2025-11-26,1
RANGE_MEAN_REVERSION#2,TRAIN,2025-11-27,1
RANGE_MEAN_REVERSION#2,TRAIN,2025-11-28,1
RANGE_MEAN_REVERSION#2,VALIDATION,2025-12-01,1
RANGE_MEAN_REVERSION#2,VALIDATION,2025-12-03,1
RANGE_MEAN_REVERSION#2,VALIDATION,2025-12-08,3
RANGE_MEAN_REVERSION#2,VALIDATION,2025-12-10,4
RANGE_MEAN_REVERSION#2,VALIDATION,2025-12-11,1
RANGE_MEAN_REVERSION#2,VALIDATION,2025-12-12,2
RANGE_MEAN_REVERSION#2,VALIDATION,2025-12-16,5
RANGE_MEAN_REVERSION#2,VALIDATION,2025-12-17,3
RANGE_MEAN_REVERSION#2,VALIDATION,2025-12-22,4
RANGE_MEAN_REVERSION#2,VALIDATION,2025-12-23,2
RANGE_MEAN_REVERSION#2,VALIDATION,2025-12-29,3
RANGE_MEAN_REVERSION#2,VALIDATION,2025-12-30,2
RANGE_MEAN_REVERSION#2,VALIDATION,2026-01-02,3
RANGE_MEAN_REVERSION#2,VALIDATION,2026-01-05,1
RANGE_MEAN_REVERSION#2,VALIDATION,2026-01-06,2
RANGE_MEAN_REVERSION#2,VALIDATION,2026-01-07,1
RANGE_MEAN_REVERSION#2,VALIDATION,2026-01-08,2
RANGE_MEAN_REVERSION#2,VALIDATION,2026-01-12,1
RANGE_MEAN_REVERSION#2,VALIDATION,2026-01-14,2
RANGE_MEAN_REVERSION#2,VALIDATION,2026-01-15,1
RANGE_MEAN_REVERSION#2,VALIDATION,2026-01-16,3
RANGE_MEAN_REVERSION#2,VALIDATION,2026-01-19,3
RANGE_MEAN_REVERSION#2,VALIDATION,2026-01-21,1
RANGE_MEAN_REVERSION#2,VALIDATION,2026-01-22,4
RANGE_MEAN_REVERSION#2,VALIDATION,2026-01-23,2
RANGE_MEAN_REVERSION#2,VALIDATION,2026-01-26,2
RANGE_MEAN_REVERSION#2,VALIDATION,2026-01-29,1
RANGE_MEAN_REVERSION#2,VALIDATION,2026-01-30,1
RANGE_MEAN_REVERSION#2,VALIDATION,2026-02-02,1
RANGE_MEAN_REVERSION#2,VALIDATION,2026-02-03,2
RANGE_MEAN_REVERSION#2,VALIDATION,2026-02-04,2
RANGE_MEAN_REVERSION#2,VALIDATION,2026-02-05,4
RANGE_MEAN_REVERSION#2,VALIDATION,2026-02-06,3
RANGE_MEAN_REVERSION#2,VALIDATION,2026-02-09,2
RANGE_MEAN_REVERSION#2,VALIDATION,2026-02-10,2
RANGE_MEAN_REVERSION#2,VALIDATION,2026-02-11,1
RANGE_MEAN_REVERSION#2,VALIDATION,2026-02-12,1
RANGE_MEAN_REVERSION#2,VALIDATION,2026-02-13,1
RANGE_MEAN_REVERSION#2,VALIDATION,2026-02-16,2
RANGE_MEAN_REVERSION#2,VALIDATION,2026-02-17,3
RANGE_MEAN_REVERSION#2,VALIDATION,2026-02-18,1
RANGE_MEAN_REVERSION#2,VALIDATION,2026-02-19,1
RANGE_MEAN_REVERSION#2,VALIDATION,2026-02-24,1
RANGE_MEAN_REVERSION#2,VALIDATION,2026-02-27,2
RANGE_MEAN_REVERSION#2,VALIDATION,2026-03-02,1
RANGE_MEAN_REVERSION#2,VALIDATION,2026-03-03,1
RANGE_MEAN_REVERSION#2,VALIDATION,2026-03-04,1
RANGE_MEAN_REVERSION#2,VALIDATION,2026-03-05,2
RANGE_MEAN_REVERSION#2,VALIDATION,2026-03-06,1
RANGE_MEAN_REVERSION#2,VALIDATION,2026-03-10,4
RANGE_MEAN_REVERSION#2,VALIDATION,2026-03-11,1
RANGE_MEAN_REVERSION#2,VALIDATION,2026-03-12,2
RANGE_MEAN_REVERSION#2,VALIDATION,2026-03-13,5
RANGE_MEAN_REVERSION#2,VALIDATION,2026-03-16,5
RANGE_MEAN_REVERSION#2,VALIDATION,2026-03-17,2
RANGE_MEAN_REVERSION#2,VALIDATION,2026-03-19,3
RANGE_MEAN_REVERSION#2,VALIDATION,2026-03-24,4
RANGE_MEAN_REVERSION#2,VALIDATION,2026-03-26,2
RANGE_MEAN_REVERSION#2,VALIDATION,2026-03-27,1
RANGE_MEAN_REVERSION#2,VALIDATION,2026-03-31,4
RANGE_MEAN_REVERSION#2,VALIDATION,2026-04-02,4
RANGE_MEAN_REVERSION#2,VALIDATION,2026-04-07,1
RANGE_MEAN_REVERSION#2,VALIDATION,2026-04-08,1
RANGE_MEAN_REVERSION#2,VALIDATION,2026-04-09,6
RANGE_MEAN_REVERSION#2,VALIDATION,2026-04-10,5
RANGE_MEAN_REVERSION#2,VALIDATION,2026-04-15,1
RANGE_MEAN_REVERSION#2,VALIDATION,2026-04-16,2
RANGE_MEAN_REVERSION#2,VALIDATION,2026-04-17,1
RANGE_MEAN_REVERSION#2,VALIDATION,2026-04-21,2
RANGE_MEAN_REVERSION#2,VALIDATION,2026-04-22,2
RANGE_MEAN_REVERSION#2,VALIDATION,2026-04-23,1
RANGE_MEAN_REVERSION#2,VALIDATION,2026-04-24,2
RANGE_MEAN_REVERSION#2,VALIDATION,2026-04-27,2
RANGE_MEAN_REVERSION#2,VALIDATION,2026-04-30,1
SESSION_SWEEP_REVERSAL#0,TRAIN,2025-02-07,1
SESSION_SWEEP_REVERSAL#0,TRAIN,2025-02-12,1
SESSION_SWEEP_REVERSAL#0,TRAIN,2025-02-14,1
SESSION_SWEEP_REVERSAL#0,TRAIN,2025-03-10,1
SESSION_SWEEP_REVERSAL#0,TRAIN,2025-03-12,1
SESSION_SWEEP_REVERSAL#0,TRAIN,2025-03-13,1
SESSION_SWEEP_REVERSAL#0,TRAIN,2025-03-17,1
SESSION_SWEEP_REVERSAL#0,TRAIN,2025-03-25,1
SESSION_SWEEP_REVERSAL#0,TRAIN,2025-03-26,1
SESSION_SWEEP_REVERSAL#0,TRAIN,2025-03-28,1
SESSION_SWEEP_REVERSAL#0,TRAIN,2025-04-14,1
SESSION_SWEEP_REVERSAL#0,TRAIN,2025-05-07,1
SESSION_SWEEP_REVERSAL#0,TRAIN,2025-05-13,1
SESSION_SWEEP_REVERSAL#0,TRAIN,2025-05-22,1
SESSION_SWEEP_REVERSAL#0,TRAIN,2025-05-23,1
SESSION_SWEEP_REVERSAL#0,TRAIN,2025-05-30,1
SESSION_SWEEP_REVERSAL#0,TRAIN,2025-06-06,1
SESSION_SWEEP_REVERSAL#0,TRAIN,2025-06-09,2
SESSION_SWEEP_REVERSAL#0,TRAIN,2025-06-10,1
SESSION_SWEEP_REVERSAL#0,TRAIN,2025-06-25,1
SESSION_SWEEP_REVERSAL#0,TRAIN,2025-06-30,1
SESSION_SWEEP_REVERSAL#0,TRAIN,2025-07-01,1
SESSION_SWEEP_REVERSAL#0,TRAIN,2025-07-07,1
SESSION_SWEEP_REVERSAL#0,TRAIN,2025-07-08,1
SESSION_SWEEP_REVERSAL#0,TRAIN,2025-07-09,1
SESSION_SWEEP_REVERSAL#0,TRAIN,2025-07-15,1
SESSION_SWEEP_REVERSAL#0,TRAIN,2025-07-16,1
SESSION_SWEEP_REVERSAL#0,TRAIN,2025-07-24,1
SESSION_SWEEP_REVERSAL#0,TRAIN,2025-07-31,1
SESSION_SWEEP_REVERSAL#0,TRAIN,2025-08-07,1
SESSION_SWEEP_REVERSAL#0,TRAIN,2025-08-21,1
SESSION_SWEEP_REVERSAL#0,TRAIN,2025-09-04,1
SESSION_SWEEP_REVERSAL#0,TRAIN,2025-09-10,1
SESSION_SWEEP_REVERSAL#0,TRAIN,2025-09-11,1
SESSION_SWEEP_REVERSAL#0,TRAIN,2025-09-16,1
SESSION_SWEEP_REVERSAL#0,TRAIN,2025-09-17,1
SESSION_SWEEP_REVERSAL#0,TRAIN,2025-09-24,1
SESSION_SWEEP_REVERSAL#0,TRAIN,2025-10-03,1
SESSION_SWEEP_REVERSAL#0,TRAIN,2025-10-06,1
SESSION_SWEEP_REVERSAL#0,TRAIN,2025-10-07,2
SESSION_SWEEP_REVERSAL#0,TRAIN,2025-10-10,1
SESSION_SWEEP_REVERSAL#0,TRAIN,2025-10-15,1
SESSION_SWEEP_REVERSAL#0,TRAIN,2025-10-16,1
SESSION_SWEEP_REVERSAL#0,TRAIN,2025-10-22,1
SESSION_SWEEP_REVERSAL#0,TRAIN,2025-10-28,1
SESSION_SWEEP_REVERSAL#0,TRAIN,2025-10-31,1
SESSION_SWEEP_REVERSAL#0,TRAIN,2025-11-03,1
SESSION_SWEEP_REVERSAL#0,TRAIN,2025-11-05,1
SESSION_SWEEP_REVERSAL#0,TRAIN,2025-11-26,1
SESSION_SWEEP_REVERSAL#0,VALIDATION,2025-12-08,4
SESSION_SWEEP_REVERSAL#0,VALIDATION,2025-12-10,1
SESSION_SWEEP_REVERSAL#0,VALIDATION,2025-12-12,3
SESSION_SWEEP_REVERSAL#0,VALIDATION,2025-12-18,1
SESSION_SWEEP_REVERSAL#0,VALIDATION,2025-12-23,1
SESSION_SWEEP_REVERSAL#0,VALIDATION,2026-01-07,1
SESSION_SWEEP_REVERSAL#0,VALIDATION,2026-01-13,1
SESSION_SWEEP_REVERSAL#0,VALIDATION,2026-01-29,1
SESSION_SWEEP_REVERSAL#0,VALIDATION,2026-02-13,1
SESSION_SWEEP_REVERSAL#0,VALIDATION,2026-02-23,1
SESSION_SWEEP_REVERSAL#0,VALIDATION,2026-02-26,1
SESSION_SWEEP_REVERSAL#0,VALIDATION,2026-02-27,1
SESSION_SWEEP_REVERSAL#0,VALIDATION,2026-03-05,1
SESSION_SWEEP_REVERSAL#0,VALIDATION,2026-03-16,1
SESSION_SWEEP_REVERSAL#0,VALIDATION,2026-03-19,1
SESSION_SWEEP_REVERSAL#0,VALIDATION,2026-04-27,1
SESSION_SWEEP_REVERSAL#1,TRAIN,2025-02-07,1
SESSION_SWEEP_REVERSAL#1,TRAIN,2025-02-12,1
SESSION_SWEEP_REVERSAL#1,TRAIN,2025-03-10,1
SESSION_SWEEP_REVERSAL#1,TRAIN,2025-03-12,1
SESSION_SWEEP_REVERSAL#1,TRAIN,2025-03-17,1
SESSION_SWEEP_REVERSAL#1,TRAIN,2025-03-25,1
SESSION_SWEEP_REVERSAL#1,TRAIN,2025-05-22,1
SESSION_SWEEP_REVERSAL#1,TRAIN,2025-05-23,1
SESSION_SWEEP_REVERSAL#1,TRAIN,2025-06-09,1
SESSION_SWEEP_REVERSAL#1,TRAIN,2025-06-10,1
SESSION_SWEEP_REVERSAL#1,TRAIN,2025-06-25,1
SESSION_SWEEP_REVERSAL#1,TRAIN,2025-07-01,1
SESSION_SWEEP_REVERSAL#1,TRAIN,2025-07-09,1
SESSION_SWEEP_REVERSAL#1,TRAIN,2025-07-15,1
SESSION_SWEEP_REVERSAL#1,TRAIN,2025-07-24,1
SESSION_SWEEP_REVERSAL#1,TRAIN,2025-07-31,1
SESSION_SWEEP_REVERSAL#1,TRAIN,2025-08-07,1
SESSION_SWEEP_REVERSAL#1,TRAIN,2025-09-17,1
SESSION_SWEEP_REVERSAL#1,TRAIN,2025-09-24,1
SESSION_SWEEP_REVERSAL#1,TRAIN,2025-10-06,1
SESSION_SWEEP_REVERSAL#1,TRAIN,2025-10-10,1
SESSION_SWEEP_REVERSAL#1,TRAIN,2025-10-15,1
SESSION_SWEEP_REVERSAL#1,TRAIN,2025-10-22,1
SESSION_SWEEP_REVERSAL#1,TRAIN,2025-10-28,1
SESSION_SWEEP_REVERSAL#1,VALIDATION,2025-12-08,2
SESSION_SWEEP_REVERSAL#1,VALIDATION,2025-12-10,1
SESSION_SWEEP_REVERSAL#1,VALIDATION,2025-12-12,1
SESSION_SWEEP_REVERSAL#1,VALIDATION,2025-12-18,1
SESSION_SWEEP_REVERSAL#1,VALIDATION,2025-12-23,1
SESSION_SWEEP_REVERSAL#1,VALIDATION,2026-01-13,1
SESSION_SWEEP_REVERSAL#1,VALIDATION,2026-01-29,1
SESSION_SWEEP_REVERSAL#1,VALIDATION,2026-02-13,1
SESSION_SWEEP_REVERSAL#1,VALIDATION,2026-02-23,1
SESSION_SWEEP_REVERSAL#1,VALIDATION,2026-02-27,1
SESSION_SWEEP_REVERSAL#1,VALIDATION,2026-03-16,1
SESSION_SWEEP_REVERSAL#1,VALIDATION,2026-03-19,1
SESSION_TWAP_REFERENCE#0,TRAIN,2025-03-24,1
SESSION_TWAP_REFERENCE#1,TRAIN,2025-03-24,1
