variant_id,strategy_id,partition,h1_regime_dimension,h1_regime_value,m15_context,trades,expectancy_r
COMPRESSION_EXPANSION#0,COMPRESSION_EXPANSION,TRAIN,DIRECTION,DOWN,TREND_CONTINUATION,6,-0.7022926886113906
COMPRESSION_EXPANSION#0,COMPRESSION_EXPANSION,TRAIN,DIRECTION,DOWN,PULLBACK,2,-0.39241383804387087
COMPRESSION_EXPANSION#0,COMPRESSION_EXPANSION,TRAIN,DIRECTION,DOWN,CONSOLIDATION,4,0.9997312401258152
COMPRESSION_EXPANSION#0,COMPRESSION_EXPANSION,TRAIN,DIRECTION,DOWN,COMPRESSION,2,1.1130203538917882
COMPRESSION_EXPANSION#0,COMPRESSION_EXPANSION,TRAIN,DIRECTION,DOWN,RANGE_EXTREME,8,-0.3372124275751206
COMPRESSION_EXPANSION#0,COMPRESSION_EXPANSION,TRAIN,DIRECTION,DOWN,BREAKOUT_SETUP,1,-1.007807986008089
COMPRESSION_EXPANSION#0,COMPRESSION_EXPANSION,TRAIN,DIRECTION,DOWN,RETEST,1,0.8165115808192613
COMPRESSION_EXPANSION#0,COMPRESSION_EXPANSION,TRAIN,DIRECTION,DOWN,MOMENTUM_CONTINUATION,5,-0.6411896291320509
COMPRESSION_EXPANSION#0,COMPRESSION_EXPANSION,TRAIN,DIRECTION,DOWN,REVERSAL_CONTEXT,5,-0.11910249189940605
COMPRESSION_EXPANSION#0,COMPRESSION_EXPANSION,TRAIN,DIRECTION,NEUTRAL,TREND_CONTINUATION,9,-0.21757077416939186
COMPRESSION_EXPANSION#0,COMPRESSION_EXPANSION,TRAIN,DIRECTION,NEUTRAL,PULLBACK,3,0.5893835873754477
COMPRESSION_EXPANSION#0,COMPRESSION_EXPANSION,TRAIN,DIRECTION,NEUTRAL,CONSOLIDATION,6,-0.22974295126883107
COMPRESSION_EXPANSION#0,COMPRESSION_EXPANSION,TRAIN,DIRECTION,NEUTRAL,COMPRESSION,7,0.10400615902391351
COMPRESSION_EXPANSION#0,COMPRESSION_EXPANSION,TRAIN,DIRECTION,NEUTRAL,RANGE_EXTREME,9,-0.060065748772010874
COMPRESSION_EXPANSION#0,COMPRESSION_EXPANSION,TRAIN,DIRECTION,NEUTRAL,RETEST,2,0.49620631572557994
COMPRESSION_EXPANSION#0,COMPRESSION_EXPANSION,TRAIN,DIRECTION,NEUTRAL,FAILED_BREAKOUT,2,0.08331151531491743
COMPRESSION_EXPANSION#0,COMPRESSION_EXPANSION,TRAIN,DIRECTION,NEUTRAL,MOMENTUM_CONTINUATION,4,0.7706056236447637
COMPRESSION_EXPANSION#0,COMPRESSION_EXPANSION,TRAIN,DIRECTION,NEUTRAL,REVERSAL_CONTEXT,6,0.09699190221157576
COMPRESSION_EXPANSION#0,COMPRESSION_EXPANSION,TRAIN,DIRECTION,UP,TREND_CONTINUATION,13,-0.16909167332707817
COMPRESSION_EXPANSION#0,COMPRESSION_EXPANSION,TRAIN,DIRECTION,UP,PULLBACK,7,0.08550429933321271
COMPRESSION_EXPANSION#0,COMPRESSION_EXPANSION,TRAIN,DIRECTION,UP,CONSOLIDATION,7,0.3675050148923852
COMPRESSION_EXPANSION#0,COMPRESSION_EXPANSION,TRAIN,DIRECTION,UP,COMPRESSION,17,0.38466207269557606
COMPRESSION_EXPANSION#0,COMPRESSION_EXPANSION,TRAIN,DIRECTION,UP,RANGE_EXTREME,14,0.18681238046957988
COMPRESSION_EXPANSION#0,COMPRESSION_EXPANSION,TRAIN,DIRECTION,UP,BREAKOUT_SETUP,3,0.7754878021946429
COMPRESSION_EXPANSION#0,COMPRESSION_EXPANSION,TRAIN,DIRECTION,UP,RETEST,4,0.6126794763671457
COMPRESSION_EXPANSION#0,COMPRESSION_EXPANSION,TRAIN,DIRECTION,UP,FAILED_BREAKOUT,3,-0.004247126023229668
COMPRESSION_EXPANSION#0,COMPRESSION_EXPANSION,TRAIN,DIRECTION,UP,MOMENTUM_CONTINUATION,7,-0.24720401126850813
COMPRESSION_EXPANSION#0,COMPRESSION_EXPANSION,TRAIN,DIRECTION,UP,REVERSAL_CONTEXT,13,-0.09818196712741876
COMPRESSION_EXPANSION#0,COMPRESSION_EXPANSION,TRAIN,TREND_STRENGTH,RANGE_LIKE,TREND_CONTINUATION,9,-0.16900219543031433
COMPRESSION_EXPANSION#0,COMPRESSION_EXPANSION,TRAIN,TREND_STRENGTH,RANGE_LIKE,PULLBACK,4,0.6345346384120587
COMPRESSION_EXPANSION#0,COMPRESSION_EXPANSION,TRAIN,TREND_STRENGTH,RANGE_LIKE,CONSOLIDATION,7,-0.4079925340789109
COMPRESSION_EXPANSION#0,COMPRESSION_EXPANSION,TRAIN,TREND_STRENGTH,RANGE_LIKE,COMPRESSION,9,0.26160738155657004
COMPRESSION_EXPANSION#0,COMPRESSION_EXPANSION,TRAIN,TREND_STRENGTH,RANGE_LIKE,RANGE_EXTREME,12,-0.15444866616899225
COMPRESSION_EXPANSION#0,COMPRESSION_EXPANSION,TRAIN,TREND_STRENGTH,RANGE_LIKE,BREAKOUT_SETUP,1,-1.007807986008089
COMPRESSION_EXPANSION#0,COMPRESSION_EXPANSION,TRAIN,TREND_STRENGTH,RANGE_LIKE,RETEST,3,0.14196646594975584
COMPRESSION_EXPANSION#0,COMPRESSION_EXPANSION,TRAIN,TREND_STRENGTH,RANGE_LIKE,FAILED_BREAKOUT,1,-1.0075873685488401
COMPRESSION_EXPANSION#0,COMPRESSION_EXPANSION,TRAIN,TREND_STRENGTH,RANGE_LIKE,MOMENTUM_CONTINUATION,5,0.5028409247332313
COMPRESSION_EXPANSION#0,COMPRESSION_EXPANSION,TRAIN,TREND_STRENGTH,RANGE_LIKE,REVERSAL_CONTEXT,6,-0.27277122465949194
COMPRESSION_EXPANSION#0,COMPRESSION_EXPANSION,TRAIN,TREND_STRENGTH,WEAK,TREND_CONTINUATION,8,-0.8462041153735919
COMPRESSION_EXPANSION#0,COMPRESSION_EXPANSION,TRAIN,TREND_STRENGTH,WEAK,PULLBACK,7,0.007201447097805299
COMPRESSION_EXPANSION#0,COMPRESSION_EXPANSION,TRAIN,TREND_STRENGTH,WEAK,CONSOLIDATION,7,1.118452832640117
COMPRESSION_EXPANSION#0,COMPRESSION_EXPANSION,TRAIN,TREND_STRENGTH,WEAK,COMPRESSION,10,0.49845564978583656
COMPRESSION_EXPANSION#0,COMPRESSION_EXPANSION,TRAIN,TREND_STRENGTH,WEAK,RANGE_EXTREME,8,-0.24810661231240042
COMPRESSION_EXPANSION#0,COMPRESSION_EXPANSION,TRAIN,TREND_STRENGTH,WEAK,BREAKOUT_SETUP,1,-1.0043401270789207
COMPRESSION_EXPANSION#0,COMPRESSION_EXPANSION,TRAIN,TREND_STRENGTH,WEAK,FAILED_BREAKOUT,2,0.084082261535384
COMPRESSION_EXPANSION#0,COMPRESSION_EXPANSION,TRAIN,TREND_STRENGTH,WEAK,MOMENTUM_CONTINUATION,4,-0.6860970609001114
COMPRESSION_EXPANSION#0,COMPRESSION_EXPANSION,TRAIN,TREND_STRENGTH,WEAK,REVERSAL_CONTEXT,12,-0.084853652749376
COMPRESSION_EXPANSION#0,COMPRESSION_EXPANSION,TRAIN,TREND_STRENGTH,TRENDING,TREND_CONTINUATION,11,-0.0072211064166657095
COMPRESSION_EXPANSION#0,COMPRESSION_EXPANSION,TRAIN,TREND_STRENGTH,TRENDING,PULLBACK,1,-1.006695501961782
COMPRESSION_EXPANSION#0,COMPRESSION_EXPANSION,TRAIN,TREND_STRENGTH,TRENDING,CONSOLIDATION,3,0.07326008906950883
COMPRESSION_EXPANSION#0,COMPRESSION_EXPANSION,TRAIN,TREND_STRENGTH,TRENDING,COMPRESSION,7,0.3077594464154669
COMPRESSION_EXPANSION#0,COMPRESSION_EXPANSION,TRAIN,TREND_STRENGTH,TRENDING,RANGE_EXTREME,11,0.29230173268656057
COMPRESSION_EXPANSION#0,COMPRESSION_EXPANSION,TRAIN,TREND_STRENGTH,TRENDING,BREAKOUT_SETUP,2,1.6654017668314247
COMPRESSION_EXPANSION#0,COMPRESSION_EXPANSION,TRAIN,TREND_STRENGTH,TRENDING,RETEST,4,0.9584356799724341
COMPRESSION_EXPANSION#0,COMPRESSION_EXPANSION,TRAIN,TREND_STRENGTH,TRENDING,FAILED_BREAKOUT,2,0.496652249019109
COMPRESSION_EXPANSION#0,COMPRESSION_EXPANSION,TRAIN,TREND_STRENGTH,TRENDING,MOMENTUM_CONTINUATION,7,-0.23196715857520975
COMPRESSION_EXPANSION#0,COMPRESSION_EXPANSION,TRAIN,TREND_STRENGTH,TRENDING,REVERSAL_CONTEXT,6,0.22749076034424043
COMPRESSION_EXPANSION#0,COMPRESSION_EXPANSION,TRAIN,VOLATILITY,LOW,TREND_CONTINUATION,19,-0.33186603694853634
COMPRESSION_EXPANSION#0,COMPRESSION_EXPANSION,TRAIN,VOLATILITY,LOW,PULLBACK,9,0.3747474148407487
COMPRESSION_EXPANSION#0,COMPRESSION_EXPANSION,TRAIN,VOLATILITY,LOW,CONSOLIDATION,14,0.3438506693490841
COMPRESSION_EXPANSION#0,COMPRESSION_EXPANSION,TRAIN,VOLATILITY,LOW,COMPRESSION,17,0.4243899951616199
COMPRESSION_EXPANSION#0,COMPRESSION_EXPANSION,TRAIN,VOLATILITY,LOW,RANGE_EXTREME,22,0.09737870670810422
COMPRESSION_EXPANSION#0,COMPRESSION_EXPANSION,TRAIN,VOLATILITY,LOW,BREAKOUT_SETUP,3,0.7754878021946429
COMPRESSION_EXPANSION#0,COMPRESSION_EXPANSION,TRAIN,VOLATILITY,LOW,RETEST,6,0.5454490197612776
COMPRESSION_EXPANSION#0,COMPRESSION_EXPANSION,TRAIN,VOLATILITY,LOW,FAILED_BREAKOUT,4,0.2899818821670132
COMPRESSION_EXPANSION#0,COMPRESSION_EXPANSION,TRAIN,VOLATILITY,LOW,MOMENTUM_CONTINUATION,11,-0.05271586805104166
COMPRESSION_EXPANSION#0,COMPRESSION_EXPANSION,TRAIN,VOLATILITY,LOW,REVERSAL_CONTEXT,19,0.05698505547738593
COMPRESSION_EXPANSION#0,COMPRESSION_EXPANSION,TRAIN,VOLATILITY,NORMAL,TREND_CONTINUATION,6,-0.7375024738163538
COMPRESSION_EXPANSION#0,COMPRESSION_EXPANSION,TRAIN,VOLATILITY,NORMAL,PULLBACK,2,-0.39241383804387087
COMPRESSION_EXPANSION#0,COMPRESSION_EXPANSION,TRAIN,VOLATILITY,NORMAL,CONSOLIDATION,2,0.05792969220430699
COMPRESSION_EXPANSION#0,COMPRESSION_EXPANSION,TRAIN,VOLATILITY,NORMAL,COMPRESSION,7,0.3371739429572958
COMPRESSION_EXPANSION#0,COMPRESSION_EXPANSION,TRAIN,VOLATILITY,NORMAL,RANGE_EXTREME,4,-1.0053551474471067
COMPRESSION_EXPANSION#0,COMPRESSION_EXPANSION,TRAIN,VOLATILITY,NORMAL,BREAKOUT_SETUP,1,-1.007807986008089
COMPRESSION_EXPANSION#0,COMPRESSION_EXPANSION,TRAIN,VOLATILITY,NORMAL,MOMENTUM_CONTINUATION,3,-0.5448212912915755
COMPRESSION_EXPANSION#0,COMPRESSION_EXPANSION,TRAIN,VOLATILITY,NORMAL,REVERSAL_CONTEXT,3,-0.517632960563349
COMPRESSION_EXPANSION#0,COMPRESSION_EXPANSION,TRAIN,VOLATILITY,HIGH,TREND_CONTINUATION,3,0.7867948974918092
COMPRESSION_EXPANSION#0,COMPRESSION_EXPANSION,TRAIN,VOLATILITY,HIGH,PULLBACK,1,-1.006045876107907
COMPRESSION_EXPANSION#0,COMPRESSION_EXPANSION,TRAIN,VOLATILITY,HIGH,CONSOLIDATION,1,0.2632336018411778
COMPRESSION_EXPANSION#0,COMPRESSION_EXPANSION,TRAIN,VOLATILITY,HIGH,COMPRESSION,2,-0.040754230836421323
COMPRESSION_EXPANSION#0,COMPRESSION_EXPANSION,TRAIN,VOLATILITY,HIGH,RANGE_EXTREME,5,0.25123424184703796
COMPRESSION_EXPANSION#0,COMPRESSION_EXPANSION,TRAIN,VOLATILITY,HIGH,RETEST,1,0.986947999171338
COMPRESSION_EXPANSION#0,COMPRESSION_EXPANSION,TRAIN,VOLATILITY,HIGH,FAILED_BREAKOUT,1,-1.006045876107907
COMPRESSION_EXPANSION#0,COMPRESSION_EXPANSION,TRAIN,VOLATILITY,HIGH,MOMENTUM_CONTINUATION,2,0.1801923462377138
COMPRESSION_EXPANSION#0,COMPRESSION_EXPANSION,TRAIN,VOLATILITY,HIGH,REVERSAL_CONTEXT,2,-0.4098718956321533
COMPRESSION_EXPANSION#0,COMPRESSION_EXPANSION,TRAIN,VOL_STATE,COMPRESSION,TREND_CONTINUATION,16,-0.2803880265089468
COMPRESSION_EXPANSION#0,COMPRESSION_EXPANSION,TRAIN,VOL_STATE,COMPRESSION,PULLBACK,6,-0.11681003906562519
COMPRESSION_EXPANSION#0,COMPRESSION_EXPANSION,TRAIN,VOL_STATE,COMPRESSION,CONSOLIDATION,6,0.1775895184398574
COMPRESSION_EXPANSION#0,COMPRESSION_EXPANSION,TRAIN,VOL_STATE,COMPRESSION,COMPRESSION,10,0.4278709139028227
COMPRESSION_EXPANSION#0,COMPRESSION_EXPANSION,TRAIN,VOL_STATE,COMPRESSION,RANGE_EXTREME,14,-0.1728166125484654
COMPRESSION_EXPANSION#0,COMPRESSION_EXPANSION,TRAIN,VOL_STATE,COMPRESSION,BREAKOUT_SETUP,1,-1.007807986008089
COMPRESSION_EXPANSION#0,COMPRESSION_EXPANSION,TRAIN,VOL_STATE,COMPRESSION,RETEST,2,0.21021738278472285
COMPRESSION_EXPANSION#0,COMPRESSION_EXPANSION,TRAIN,VOL_STATE,COMPRESSION,FAILED_BREAKOUT,2,0.084082261535384
COMPRESSION_EXPANSION#0,COMPRESSION_EXPANSION,TRAIN,VOL_STATE,COMPRESSION,MOMENTUM_CONTINUATION,9,-0.07511642677807624
COMPRESSION_EXPANSION#0,COMPRESSION_EXPANSION,TRAIN,VOL_STATE,COMPRESSION,REVERSAL_CONTEXT,12,-0.03899446760298373
COMPRESSION_EXPANSION#0,COMPRESSION_EXPANSION,TRAIN,VOL_STATE,EXPANSION,TREND_CONTINUATION,12,-0.3236563690251449
COMPRESSION_EXPANSION#0,COMPRESSION_EXPANSION,TRAIN,VOL_STATE,EXPANSION,PULLBACK,6,0.3804522359608069
COMPRESSION_EXPANSION#0,COMPRESSION_EXPANSION,TRAIN,VOL_STATE,EXPANSION,CONSOLIDATION,11,0.37522411331798416
COMPRESSION_EXPANSION#0,COMPRESSION_EXPANSION,TRAIN,VOL_STATE,EXPANSION,COMPRESSION,16,0.325914369859221
COMPRESSION_EXPANSION#0,COMPRESSION_EXPANSION,TRAIN,VOL_STATE,EXPANSION,RANGE_EXTREME,17,0.10567733780609241
COMPRESSION_EXPANSION#0,COMPRESSION_EXPANSION,TRAIN,VOL_STATE,EXPANSION,BREAKOUT_SETUP,3,0.7754878021946429
COMPRESSION_EXPANSION#0,COMPRESSION_EXPANSION,TRAIN,VOL_STATE,EXPANSION,RETEST,5,0.7678414704339115
COMPRESSION_EXPANSION#0,COMPRESSION_EXPANSION,TRAIN,VOL_STATE,EXPANSION,FAILED_BREAKOUT,3,-0.004760956836874053
COMPRESSION_EXPANSION#0,COMPRESSION_EXPANSION,TRAIN,VOL_STATE,EXPANSION,MOMENTUM_CONTINUATION,7,-0.16827226985115304
COMPRESSION_EXPANSION#0,COMPRESSION_EXPANSION,TRAIN,VOL_STATE,EXPANSION,REVERSAL_CONTEXT,12,-0.068499417304018
COMPRESSION_EXPANSION#0,COMPRESSION_EXPANSION,VALIDATION,DIRECTION,DOWN,TREND_CONTINUATION,1,-1.0050520870171467
COMPRESSION_EXPANSION#0,COMPRESSION_EXPANSION,VALIDATION,DIRECTION,DOWN,RANGE_EXTREME,1,-1.0050520870171467
COMPRESSION_EXPANSION#0,COMPRESSION_EXPANSION,VALIDATION,DIRECTION,DOWN,MOMENTUM_CONTINUATION,1,-1.0050520870171467
COMPRESSION_EXPANSION#0,COMPRESSION_EXPANSION,VALIDATION,DIRECTION,NEUTRAL,TREND_CONTINUATION,6,0.8081275474443376
COMPRESSION_EXPANSION#0,COMPRESSION_EXPANSION,VALIDATION,DIRECTION,NEUTRAL,PULLBACK,2,0.5508354573775249
COMPRESSION_EXPANSION#0,COMPRESSION_EXPANSION,VALIDATION,DIRECTION,NEUTRAL,CONSOLIDATION,3,-0.8178132640556809
COMPRESSION_EXPANSION#0,COMPRESSION_EXPANSION,VALIDATION,DIRECTION,NEUTRAL,COMPRESSION,6,0.2580038380431506
COMPRESSION_EXPANSION#0,COMPRESSION_EXPANSION,VALIDATION,DIRECTION,NEUTRAL,RANGE_EXTREME,7,-0.12043501293170102
COMPRESSION_EXPANSION#0,COMPRESSION_EXPANSION,VALIDATION,DIRECTION,NEUTRAL,RETEST,1,0.9946907791694322
COMPRESSION_EXPANSION#0,COMPRESSION_EXPANSION,VALIDATION,DIRECTION,NEUTRAL,MOMENTUM_CONTINUATION,3,-0.15052336301761082
COMPRESSION_EXPANSION#0,COMPRESSION_EXPANSION,VALIDATION,DIRECTION,NEUTRAL,REVERSAL_CONTEXT,1,-0.3766388732311958
COMPRESSION_EXPANSION#0,COMPRESSION_EXPANSION,VALIDATION,DIRECTION,UP,TREND_CONTINUATION,5,0.6778067784098104
COMPRESSION_EXPANSION#0,COMPRESSION_EXPANSION,VALIDATION,DIRECTION,UP,PULLBACK,2,-1.009725797065471
COMPRESSION_EXPANSION#0,COMPRESSION_EXPANSION,VALIDATION,DIRECTION,UP,CONSOLIDATION,2,0.17173082399490247
COMPRESSION_EXPANSION#0,COMPRESSION_EXPANSION,VALIDATION,DIRECTION,UP,COMPRESSION,3,-0.2508297101174053
COMPRESSION_EXPANSION#0,COMPRESSION_EXPANSION,VALIDATION,DIRECTION,UP,RANGE_EXTREME,7,0.1975021867052616
COMPRESSION_EXPANSION#0,COMPRESSION_EXPANSION,VALIDATION,DIRECTION,UP,RETEST,1,2.0
COMPRESSION_EXPANSION#0,COMPRESSION_EXPANSION,VALIDATION,DIRECTION,UP,FAILED_BREAKOUT,2,1.1733610436643438
COMPRESSION_EXPANSION#0,COMPRESSION_EXPANSION,VALIDATION,DIRECTION,UP,MOMENTUM_CONTINUATION,3,0.4118832231521022
COMPRESSION_EXPANSION#0,COMPRESSION_EXPANSION,VALIDATION,DIRECTION,UP,REVERSAL_CONTEXT,6,0.22060283188603202
COMPRESSION_EXPANSION#0,COMPRESSION_EXPANSION,VALIDATION,TREND_STRENGTH,RANGE_LIKE,TREND_CONTINUATION,5,-0.03077455288877946
COMPRESSION_EXPANSION#0,COMPRESSION_EXPANSION,VALIDATION,TREND_STRENGTH,RANGE_LIKE,PULLBACK,2,0.5508354573775249
COMPRESSION_EXPANSION#0,COMPRESSION_EXPANSION,VALIDATION,TREND_STRENGTH,RANGE_LIKE,CONSOLIDATION,3,-0.8178132640556809
COMPRESSION_EXPANSION#0,COMPRESSION_EXPANSION,VALIDATION,TREND_STRENGTH,RANGE_LIKE,COMPRESSION,5,-0.09039539434821928
COMPRESSION_EXPANSION#0,COMPRESSION_EXPANSION,VALIDATION,TREND_STRENGTH,RANGE_LIKE,RANGE_EXTREME,7,-0.54938330566169
COMPRESSION_EXPANSION#0,COMPRESSION_EXPANSION,VALIDATION,TREND_STRENGTH,RANGE_LIKE,RETEST,1,0.9946907791694322
COMPRESSION_EXPANSION#0,COMPRESSION_EXPANSION,VALIDATION,TREND_STRENGTH,RANGE_LIKE,MOMENTUM_CONTINUATION,4,-0.3635520345406887
COMPRESSION_EXPANSION#0,COMPRESSION_EXPANSION,VALIDATION,TREND_STRENGTH,RANGE_LIKE,REVERSAL_CONTEXT,1,-0.3766388732311958
COMPRESSION_EXPANSION#0,COMPRESSION_EXPANSION,VALIDATION,TREND_STRENGTH,WEAK,TREND_CONTINUATION,4,1.2487369782457134
COMPRESSION_EXPANSION#0,COMPRESSION_EXPANSION,VALIDATION,TREND_STRENGTH,WEAK,PULLBACK,1,-1.0106965599863087
COMPRESSION_EXPANSION#0,COMPRESSION_EXPANSION,VALIDATION,TREND_STRENGTH,WEAK,COMPRESSION,2,0.49447635881573115
COMPRESSION_EXPANSION#0,COMPRESSION_EXPANSION,VALIDATION,TREND_STRENGTH,WEAK,RANGE_EXTREME,3,0.9983159709942845
COMPRESSION_EXPANSION#0,COMPRESSION_EXPANSION,VALIDATION,TREND_STRENGTH,WEAK,RETEST,1,2.0
COMPRESSION_EXPANSION#0,COMPRESSION_EXPANSION,VALIDATION,TREND_STRENGTH,WEAK,FAILED_BREAKOUT,1,2.0
COMPRESSION_EXPANSION#0,COMPRESSION_EXPANSION,VALIDATION,TREND_STRENGTH,WEAK,MOMENTUM_CONTINUATION,2,0.49747395649142667
COMPRESSION_EXPANSION#0,COMPRESSION_EXPANSION,VALIDATION,TREND_STRENGTH,WEAK,REVERSAL_CONTEXT,3,0.9964344800045638
COMPRESSION_EXPANSION#0,COMPRESSION_EXPANSION,VALIDATION,TREND_STRENGTH,TRENDING,TREND_CONTINUATION,3,0.7972239803863249
COMPRESSION_EXPANSION#0,COMPRESSION_EXPANSION,VALIDATION,TREND_STRENGTH,TRENDING,PULLBACK,1,-1.008755034144633
COMPRESSION_EXPANSION#0,COMPRESSION_EXPANSION,VALIDATION,TREND_STRENGTH,TRENDING,CONSOLIDATION,2,0.17173082399490247
COMPRESSION_EXPANSION#0,COMPRESSION_EXPANSION,VALIDATION,TREND_STRENGTH,TRENDING,COMPRESSION,2,0.12927907600816085
COMPRESSION_EXPANSION#0,COMPRESSION_EXPANSION,VALIDATION,TREND_STRENGTH,TRENDING,RANGE_EXTREME,5,0.07703067120935071
COMPRESSION_EXPANSION#0,COMPRESSION_EXPANSION,VALIDATION,TREND_STRENGTH,TRENDING,FAILED_BREAKOUT,1,0.34672208732868764
COMPRESSION_EXPANSION#0,COMPRESSION_EXPANSION,VALIDATION,TREND_STRENGTH,TRENDING,MOMENTUM_CONTINUATION,1,0.23828771856622902
COMPRESSION_EXPANSION#0,COMPRESSION_EXPANSION,VALIDATION,TREND_STRENGTH,TRENDING,REVERSAL_CONTEXT,3,-0.5552288162324996
COMPRESSION_EXPANSION#0,COMPRESSION_EXPANSION,VALIDATION,VOLATILITY,LOW,TREND_CONTINUATION,10,0.9243178065651779
COMPRESSION_EXPANSION#0,COMPRESSION_EXPANSION,VALIDATION,VOLATILITY,LOW,PULLBACK,3,-0.9725935597919638
COMPRESSION_EXPANSION#0,COMPRESSION_EXPANSION,VALIDATION,VOLATILITY,LOW,CONSOLIDATION,5,-0.4219956288354475
COMPRESSION_EXPANSION#0,COMPRESSION_EXPANSION,VALIDATION,VOLATILITY,LOW,COMPRESSION,8,0.22511409835542362
COMPRESSION_EXPANSION#0,COMPRESSION_EXPANSION,VALIDATION,VOLATILITY,LOW,RANGE_EXTREME,11,0.2659219527694886
COMPRESSION_EXPANSION#0,COMPRESSION_EXPANSION,VALIDATION,VOLATILITY,LOW,RETEST,2,1.4973453895847162
COMPRESSION_EXPANSION#0,COMPRESSION_EXPANSION,VALIDATION,VOLATILITY,LOW,FAILED_BREAKOUT,2,1.1733610436643438
COMPRESSION_EXPANSION#0,COMPRESSION_EXPANSION,VALIDATION,VOLATILITY,LOW,MOMENTUM_CONTINUATION,5,0.3578916938680351
COMPRESSION_EXPANSION#0,COMPRESSION_EXPANSION,VALIDATION,VOLATILITY,LOW,REVERSAL_CONTEXT,5,0.4654540986395491
COMPRESSION_EXPANSION#0,COMPRESSION_EXPANSION,VALIDATION,VOLATILITY,NORMAL,PULLBACK,1,2.0
COMPRESSION_EXPANSION#0,COMPRESSION_EXPANSION,VALIDATION,VOLATILITY,HIGH,TREND_CONTINUATION,2,-1.005215487976924
COMPRESSION_EXPANSION#0,COMPRESSION_EXPANSION,VALIDATION,VOLATILITY,HIGH,COMPRESSION,1,-1.0053788889367012
COMPRESSION_EXPANSION#0,COMPRESSION_EXPANSION,VALIDATION,VOLATILITY,HIGH,RANGE_EXTREME,4,-0.8476808377666494
COMPRESSION_EXPANSION#0,COMPRESSION_EXPANSION,VALIDATION,VOLATILITY,HIGH,MOMENTUM_CONTINUATION,2,-1.005215487976924
COMPRESSION_EXPANSION#0,COMPRESSION_EXPANSION,VALIDATION,VOLATILITY,HIGH,REVERSAL_CONTEXT,2,-0.6901461875563747
COMPRESSION_EXPANSION#0,COMPRESSION_EXPANSION,VALIDATION,VOL_STATE,COMPRESSION,TREND_CONTINUATION,6,0.4978218291560383
COMPRESSION_EXPANSION#0,COMPRESSION_EXPANSION,VALIDATION,VOL_STATE,COMPRESSION,PULLBACK,1,2.0
COMPRESSION_EXPANSION#0,COMPRESSION_EXPANSION,VALIDATION,VOL_STATE,COMPRESSION,CONSOLIDATION,2,-0.4510582003412859
COMPRESSION_EXPANSION#0,COMPRESSION_EXPANSION,VALIDATION,VOL_STATE,COMPRESSION,COMPRESSION,2,-0.45010247975656265
COMPRESSION_EXPANSION#0,COMPRESSION_EXPANSION,VALIDATION,VOL_STATE,COMPRESSION,RANGE_EXTREME,7,-0.05619448573950276
COMPRESSION_EXPANSION#0,COMPRESSION_EXPANSION,VALIDATION,VOL_STATE,COMPRESSION,RETEST,1,2.0
COMPRESSION_EXPANSION#0,COMPRESSION_EXPANSION,VALIDATION,VOL_STATE,COMPRESSION,FAILED_BREAKOUT,1,2.0
COMPRESSION_EXPANSION#0,COMPRESSION_EXPANSION,VALIDATION,VOL_STATE,COMPRESSION,MOMENTUM_CONTINUATION,4,-0.25326725626594254
COMPRESSION_EXPANSION#0,COMPRESSION_EXPANSION,VALIDATION,VOL_STATE,COMPRESSION,REVERSAL_CONTEXT,3,0.2065692082957502
COMPRESSION_EXPANSION#0,COMPRESSION_EXPANSION,VALIDATION,VOL_STATE,EXPANSION,TREND_CONTINUATION,6,0.7076360191269502
COMPRESSION_EXPANSION#0,COMPRESSION_EXPANSION,VALIDATION,VOL_STATE,EXPANSION,PULLBACK,3,-0.9725935597919638
COMPRESSION_EXPANSION#0,COMPRESSION_EXPANSION,VALIDATION,VOL_STATE,EXPANSION,CONSOLIDATION,3,-0.40262058116488864
COMPRESSION_EXPANSION#0,COMPRESSION_EXPANSION,VALIDATION,VOL_STATE,EXPANSION,COMPRESSION,7,0.24224840820283042
COMPRESSION_EXPANSION#0,COMPRESSION_EXPANSION,VALIDATION,VOL_STATE,EXPANSION,RANGE_EXTREME,8,-0.00902755880321289
COMPRESSION_EXPANSION#0,COMPRESSION_EXPANSION,VALIDATION,VOL_STATE,EXPANSION,RETEST,1,0.9946907791694322
COMPRESSION_EXPANSION#0,COMPRESSION_EXPANSION,VALIDATION,VOL_STATE,EXPANSION,FAILED_BREAKOUT,1,0.34672208732868764
COMPRESSION_EXPANSION#0,COMPRESSION_EXPANSION,VALIDATION,VOL_STATE,EXPANSION,MOMENTUM_CONTINUATION,3,0.2640321728166993
COMPRESSION_EXPANSION#0,COMPRESSION_EXPANSION,VALIDATION,VOL_STATE,EXPANSION,REVERSAL_CONTEXT,4,0.08181762329943643
COMPRESSION_EXPANSION#1,COMPRESSION_EXPANSION,TRAIN,DIRECTION,DOWN,TREND_CONTINUATION,6,-0.46791149287594874
COMPRESSION_EXPANSION#1,COMPRESSION_EXPANSION,TRAIN,DIRECTION,DOWN,CONSOLIDATION,2,-0.05134613485409556
COMPRESSION_EXPANSION#1,COMPRESSION_EXPANSION,TRAIN,DIRECTION,DOWN,RANGE_EXTREME,8,-0.17412868454997066
COMPRESSION_EXPANSION#1,COMPRESSION_EXPANSION,TRAIN,DIRECTION,DOWN,BREAKOUT_SETUP,1,-1.007807986008089
COMPRESSION_EXPANSION#1,COMPRESSION_EXPANSION,TRAIN,DIRECTION,DOWN,RETEST,1,0.8165115808192613
COMPRESSION_EXPANSION#1,COMPRESSION_EXPANSION,TRAIN,DIRECTION,DOWN,MOMENTUM_CONTINUATION,5,-0.3599321942495207
COMPRESSION_EXPANSION#1,COMPRESSION_EXPANSION,TRAIN,DIRECTION,DOWN,REVERSAL_CONTEXT,2,-0.8894697947368116
COMPRESSION_EXPANSION#1,COMPRESSION_EXPANSION,TRAIN,DIRECTION,NEUTRAL,TREND_CONTINUATION,8,-0.8702848007411141
COMPRESSION_EXPANSION#1,COMPRESSION_EXPANSION,TRAIN,DIRECTION,NEUTRAL,PULLBACK,2,0.1600127631400028
COMPRESSION_EXPANSION#1,COMPRESSION_EXPANSION,TRAIN,DIRECTION,NEUTRAL,CONSOLIDATION,5,-0.5105336213583322
COMPRESSION_EXPANSION#1,COMPRESSION_EXPANSION,TRAIN,DIRECTION,NEUTRAL,COMPRESSION,4,-0.09383623305981746
COMPRESSION_EXPANSION#1,COMPRESSION_EXPANSION,TRAIN,DIRECTION,NEUTRAL,RANGE_EXTREME,6,-0.5892381149763045
COMPRESSION_EXPANSION#1,COMPRESSION_EXPANSION,TRAIN,DIRECTION,NEUTRAL,RETEST,1,-1.0075873685488401
COMPRESSION_EXPANSION#1,COMPRESSION_EXPANSION,TRAIN,DIRECTION,NEUTRAL,FAILED_BREAKOUT,2,-1.0058644034766133
COMPRESSION_EXPANSION#1,COMPRESSION_EXPANSION,TRAIN,DIRECTION,NEUTRAL,MOMENTUM_CONTINUATION,2,-0.4587887527104728
COMPRESSION_EXPANSION#1,COMPRESSION_EXPANSION,TRAIN,DIRECTION,NEUTRAL,REVERSAL_CONTEXT,5,-0.6089051320319889
COMPRESSION_EXPANSION#1,COMPRESSION_EXPANSION,TRAIN,DIRECTION,UP,TREND_CONTINUATION,7,-0.22896188326837222
COMPRESSION_EXPANSION#1,COMPRESSION_EXPANSION,TRAIN,DIRECTION,UP,PULLBACK,6,0.10791526030337621
COMPRESSION_EXPANSION#1,COMPRESSION_EXPANSION,TRAIN,DIRECTION,UP,CONSOLIDATION,3,-0.8595724196164168
COMPRESSION_EXPANSION#1,COMPRESSION_EXPANSION,TRAIN,DIRECTION,UP,COMPRESSION,7,0.802198241685862
COMPRESSION_EXPANSION#1,COMPRESSION_EXPANSION,TRAIN,DIRECTION,UP,RANGE_EXTREME,8,-0.33612253366108735
COMPRESSION_EXPANSION#1,COMPRESSION_EXPANSION,TRAIN,DIRECTION,UP,BREAKOUT_SETUP,1,-1.0043401270789207
COMPRESSION_EXPANSION#1,COMPRESSION_EXPANSION,TRAIN,DIRECTION,UP,RETEST,3,0.8068115885231485
COMPRESSION_EXPANSION#1,COMPRESSION_EXPANSION,TRAIN,DIRECTION,UP,FAILED_BREAKOUT,3,0.21885854629751222
COMPRESSION_EXPANSION#1,COMPRESSION_EXPANSION,TRAIN,DIRECTION,UP,MOMENTUM_CONTINUATION,3,-0.4670777371219486
COMPRESSION_EXPANSION#1,COMPRESSION_EXPANSION,TRAIN,DIRECTION,UP,REVERSAL_CONTEXT,11,-0.019958631125791215
COMPRESSION_EXPANSION#1,COMPRESSION_EXPANSION,TRAIN,TREND_STRENGTH,RANGE_LIKE,TREND_CONTINUATION,8,-0.815645149659652
COMPRESSION_EXPANSION#1,COMPRESSION_EXPANSION,TRAIN,TREND_STRENGTH,RANGE_LIKE,PULLBACK,4,0.18832111466405405
COMPRESSION_EXPANSION#1,COMPRESSION_EXPANSION,TRAIN,TREND_STRENGTH,RANGE_LIKE,CONSOLIDATION,6,-0.519863556732259
COMPRESSION_EXPANSION#1,COMPRESSION_EXPANSION,TRAIN,TREND_STRENGTH,RANGE_LIKE,COMPRESSION,6,0.20851306476707768
COMPRESSION_EXPANSION#1,COMPRESSION_EXPANSION,TRAIN,TREND_STRENGTH,RANGE_LIKE,RANGE_EXTREME,8,-0.6389318183473518
COMPRESSION_EXPANSION#1,COMPRESSION_EXPANSION,TRAIN,TREND_STRENGTH,RANGE_LIKE,BREAKOUT_SETUP,1,-1.007807986008089
COMPRESSION_EXPANSION#1,COMPRESSION_EXPANSION,TRAIN,TREND_STRENGTH,RANGE_LIKE,RETEST,2,-0.7870503010753662
COMPRESSION_EXPANSION#1,COMPRESSION_EXPANSION,TRAIN,TREND_STRENGTH,RANGE_LIKE,FAILED_BREAKOUT,3,-0.7828192220329694
COMPRESSION_EXPANSION#1,COMPRESSION_EXPANSION,TRAIN,TREND_STRENGTH,RANGE_LIKE,MOMENTUM_CONTINUATION,3,-0.49526512544461454
COMPRESSION_EXPANSION#1,COMPRESSION_EXPANSION,TRAIN,TREND_STRENGTH,RANGE_LIKE,REVERSAL_CONTEXT,6,-0.7686541610328262
COMPRESSION_EXPANSION#1,COMPRESSION_EXPANSION,TRAIN,TREND_STRENGTH,WEAK,TREND_CONTINUATION,7,-0.7211372521734564
COMPRESSION_EXPANSION#1,COMPRESSION_EXPANSION,TRAIN,TREND_STRENGTH,WEAK,PULLBACK,3,0.40697604380194274
COMPRESSION_EXPANSION#1,COMPRESSION_EXPANSION,TRAIN,TREND_STRENGTH,WEAK,CONSOLIDATION,2,-0.16733828108203797
COMPRESSION_EXPANSION#1,COMPRESSION_EXPANSION,TRAIN,TREND_STRENGTH,WEAK,COMPRESSION,2,0.49782993646053963
COMPRESSION_EXPANSION#1,COMPRESSION_EXPANSION,TRAIN,TREND_STRENGTH,WEAK,RANGE_EXTREME,7,-0.4813563231150838
COMPRESSION_EXPANSION#1,COMPRESSION_EXPANSION,TRAIN,TREND_STRENGTH,WEAK,BREAKOUT_SETUP,1,-1.0043401270789207
COMPRESSION_EXPANSION#1,COMPRESSION_EXPANSION,TRAIN,TREND_STRENGTH,WEAK,MOMENTUM_CONTINUATION,3,-0.5374688383435539
COMPRESSION_EXPANSION#1,COMPRESSION_EXPANSION,TRAIN,TREND_STRENGTH,WEAK,REVERSAL_CONTEXT,6,-0.2993382979809594
COMPRESSION_EXPANSION#1,COMPRESSION_EXPANSION,TRAIN,TREND_STRENGTH,TRENDING,TREND_CONTINUATION,6,0.033440236071366515
COMPRESSION_EXPANSION#1,COMPRESSION_EXPANSION,TRAIN,TREND_STRENGTH,TRENDING,PULLBACK,1,-1.006695501961782
COMPRESSION_EXPANSION#1,COMPRESSION_EXPANSION,TRAIN,TREND_STRENGTH,TRENDING,CONSOLIDATION,2,-0.8901098663957367
COMPRESSION_EXPANSION#1,COMPRESSION_EXPANSION,TRAIN,TREND_STRENGTH,TRENDING,COMPRESSION,3,0.9977681660127393
COMPRESSION_EXPANSION#1,COMPRESSION_EXPANSION,TRAIN,TREND_STRENGTH,TRENDING,RANGE_EXTREME,7,0.12335862471972993
COMPRESSION_EXPANSION#1,COMPRESSION_EXPANSION,TRAIN,TREND_STRENGTH,TRENDING,RETEST,3,1.2678198599968664
COMPRESSION_EXPANSION#1,COMPRESSION_EXPANSION,TRAIN,TREND_STRENGTH,TRENDING,FAILED_BREAKOUT,2,0.496652249019109
COMPRESSION_EXPANSION#1,COMPRESSION_EXPANSION,TRAIN,TREND_STRENGTH,TRENDING,MOMENTUM_CONTINUATION,4,-0.2550674491674724
COMPRESSION_EXPANSION#1,COMPRESSION_EXPANSION,TRAIN,TREND_STRENGTH,TRENDING,REVERSAL_CONTEXT,6,0.22749076034424043
COMPRESSION_EXPANSION#1,COMPRESSION_EXPANSION,TRAIN,VOLATILITY,LOW,TREND_CONTINUATION,14,-0.6185335170905993
COMPRESSION_EXPANSION#1,COMPRESSION_EXPANSION,TRAIN,VOLATILITY,LOW,PULLBACK,7,0.18632084960656342
COMPRESSION_EXPANSION#1,COMPRESSION_EXPANSION,TRAIN,VOLATILITY,LOW,CONSOLIDATION,9,-0.4957686953892164
COMPRESSION_EXPANSION#1,COMPRESSION_EXPANSION,TRAIN,VOLATILITY,LOW,COMPRESSION,9,0.7331213377697683
COMPRESSION_EXPANSION#1,COMPRESSION_EXPANSION,TRAIN,VOLATILITY,LOW,RANGE_EXTREME,15,-0.287737922038131
COMPRESSION_EXPANSION#1,COMPRESSION_EXPANSION,TRAIN,VOLATILITY,LOW,BREAKOUT_SETUP,1,-1.0043401270789207
COMPRESSION_EXPANSION#1,COMPRESSION_EXPANSION,TRAIN,VOLATILITY,LOW,RETEST,4,0.3106027446671323
COMPRESSION_EXPANSION#1,COMPRESSION_EXPANSION,TRAIN,VOLATILITY,LOW,FAILED_BREAKOUT,4,-0.25460607722875217
COMPRESSION_EXPANSION#1,COMPRESSION_EXPANSION,TRAIN,VOLATILITY,LOW,MOMENTUM_CONTINUATION,7,-0.31371590718042436
COMPRESSION_EXPANSION#1,COMPRESSION_EXPANSION,TRAIN,VOLATILITY,LOW,REVERSAL_CONTEXT,15,-0.1951561162265311
COMPRESSION_EXPANSION#1,COMPRESSION_EXPANSION,TRAIN,VOLATILITY,NORMAL,TREND_CONTINUATION,5,-0.9601018753380675
COMPRESSION_EXPANSION#1,COMPRESSION_EXPANSION,TRAIN,VOLATILITY,NORMAL,CONSOLIDATION,1,-0.7721593768461554
COMPRESSION_EXPANSION#1,COMPRESSION_EXPANSION,TRAIN,VOLATILITY,NORMAL,COMPRESSION,1,-1.003654196113397
COMPRESSION_EXPANSION#1,COMPRESSION_EXPANSION,TRAIN,VOLATILITY,NORMAL,RANGE_EXTREME,4,-1.0053551474471067
COMPRESSION_EXPANSION#1,COMPRESSION_EXPANSION,TRAIN,VOLATILITY,NORMAL,BREAKOUT_SETUP,1,-1.007807986008089
COMPRESSION_EXPANSION#1,COMPRESSION_EXPANSION,TRAIN,VOLATILITY,NORMAL,MOMENTUM_CONTINUATION,2,-1.0049792038334706
COMPRESSION_EXPANSION#1,COMPRESSION_EXPANSION,TRAIN,VOLATILITY,NORMAL,REVERSAL_CONTEXT,2,-0.8894697947368116
COMPRESSION_EXPANSION#1,COMPRESSION_EXPANSION,TRAIN,VOLATILITY,HIGH,TREND_CONTINUATION,2,1.0437490349477583
COMPRESSION_EXPANSION#1,COMPRESSION_EXPANSION,TRAIN,VOLATILITY,HIGH,PULLBACK,1,-0.3367288591456813
COMPRESSION_EXPANSION#1,COMPRESSION_EXPANSION,TRAIN,VOLATILITY,HIGH,COMPRESSION,1,-0.3543950842527536
COMPRESSION_EXPANSION#1,COMPRESSION_EXPANSION,TRAIN,VOLATILITY,HIGH,RANGE_EXTREME,3,0.24001699493803366
COMPRESSION_EXPANSION#1,COMPRESSION_EXPANSION,TRAIN,VOLATILITY,HIGH,RETEST,1,0.986947999171338
COMPRESSION_EXPANSION#1,COMPRESSION_EXPANSION,TRAIN,VOLATILITY,HIGH,FAILED_BREAKOUT,1,-0.3367288591456813
COMPRESSION_EXPANSION#1,COMPRESSION_EXPANSION,TRAIN,VOLATILITY,HIGH,MOMENTUM_CONTINUATION,1,0.08749806989551662
COMPRESSION_EXPANSION#1,COMPRESSION_EXPANSION,TRAIN,VOLATILITY,HIGH,REVERSAL_CONTEXT,1,-0.3367288591456813
COMPRESSION_EXPANSION#1,COMPRESSION_EXPANSION,TRAIN,VOL_STATE,COMPRESSION,TREND_CONTINUATION,14,-0.5813379299228328
COMPRESSION_EXPANSION#1,COMPRESSION_EXPANSION,TRAIN,VOL_STATE,COMPRESSION,PULLBACK,4,0.18832111466405405
COMPRESSION_EXPANSION#1,COMPRESSION_EXPANSION,TRAIN,VOL_STATE,COMPRESSION,CONSOLIDATION,3,-0.4199752172118259
COMPRESSION_EXPANSION#1,COMPRESSION_EXPANSION,TRAIN,VOL_STATE,COMPRESSION,COMPRESSION,3,0.21398357321128314
COMPRESSION_EXPANSION#1,COMPRESSION_EXPANSION,TRAIN,VOL_STATE,COMPRESSION,RANGE_EXTREME,11,-0.45050480000905496
COMPRESSION_EXPANSION#1,COMPRESSION_EXPANSION,TRAIN,VOL_STATE,COMPRESSION,BREAKOUT_SETUP,1,-1.007807986008089
COMPRESSION_EXPANSION#1,COMPRESSION_EXPANSION,TRAIN,VOL_STATE,COMPRESSION,RETEST,2,0.21021738278472285
COMPRESSION_EXPANSION#1,COMPRESSION_EXPANSION,TRAIN,VOL_STATE,COMPRESSION,FAILED_BREAKOUT,2,-0.670435148775034
COMPRESSION_EXPANSION#1,COMPRESSION_EXPANSION,TRAIN,VOL_STATE,COMPRESSION,MOMENTUM_CONTINUATION,6,-0.5540714995624686
COMPRESSION_EXPANSION#1,COMPRESSION_EXPANSION,TRAIN,VOL_STATE,COMPRESSION,REVERSAL_CONTEXT,10,-0.23893112244838174
COMPRESSION_EXPANSION#1,COMPRESSION_EXPANSION,TRAIN,VOL_STATE,EXPANSION,TREND_CONTINUATION,7,-0.46196421816336447
COMPRESSION_EXPANSION#1,COMPRESSION_EXPANSION,TRAIN,VOL_STATE,EXPANSION,PULLBACK,4,0.05355815736101155
COMPRESSION_EXPANSION#1,COMPRESSION_EXPANSION,TRAIN,VOL_STATE,EXPANSION,CONSOLIDATION,7,-0.5677359976733751
COMPRESSION_EXPANSION#1,COMPRESSION_EXPANSION,TRAIN,VOL_STATE,EXPANSION,COMPRESSION,8,0.5747615049909893
COMPRESSION_EXPANSION#1,COMPRESSION_EXPANSION,TRAIN,VOL_STATE,EXPANSION,RANGE_EXTREME,11,-0.2419896032224261
COMPRESSION_EXPANSION#1,COMPRESSION_EXPANSION,TRAIN,VOL_STATE,EXPANSION,BREAKOUT_SETUP,1,-1.0043401270789207
COMPRESSION_EXPANSION#1,COMPRESSION_EXPANSION,TRAIN,VOL_STATE,EXPANSION,RETEST,3,0.6029747374234737
COMPRESSION_EXPANSION#1,COMPRESSION_EXPANSION,TRAIN,VOL_STATE,EXPANSION,FAILED_BREAKOUT,3,-0.004760956836874053
COMPRESSION_EXPANSION#1,COMPRESSION_EXPANSION,TRAIN,VOL_STATE,EXPANSION,MOMENTUM_CONTINUATION,4,-0.1985106726648959
COMPRESSION_EXPANSION#1,COMPRESSION_EXPANSION,TRAIN,VOL_STATE,EXPANSION,REVERSAL_CONTEXT,8,-0.33171237094168177
COMPRESSION_EXPANSION#1,COMPRESSION_EXPANSION,VALIDATION,DIRECTION,DOWN,TREND_CONTINUATION,1,-1.0050520870171467
COMPRESSION_EXPANSION#1,COMPRESSION_EXPANSION,VALIDATION,DIRECTION,DOWN,RANGE_EXTREME,1,-1.0050520870171467
COMPRESSION_EXPANSION#1,COMPRESSION_EXPANSION,VALIDATION,DIRECTION,DOWN,MOMENTUM_CONTINUATION,1,-1.0050520870171467
COMPRESSION_EXPANSION#1,COMPRESSION_EXPANSION,VALIDATION,DIRECTION,NEUTRAL,TREND_CONTINUATION,4,0.8214297447296486
COMPRESSION_EXPANSION#1,COMPRESSION_EXPANSION,VALIDATION,DIRECTION,NEUTRAL,PULLBACK,1,-0.89832908524495
COMPRESSION_EXPANSION#1,COMPRESSION_EXPANSION,VALIDATION,DIRECTION,NEUTRAL,CONSOLIDATION,1,-1.0072903301061478
COMPRESSION_EXPANSION#1,COMPRESSION_EXPANSION,VALIDATION,DIRECTION,NEUTRAL,COMPRESSION,2,1.0056848678687964
COMPRESSION_EXPANSION#1,COMPRESSION_EXPANSION,VALIDATION,DIRECTION,NEUTRAL,RANGE_EXTREME,3,-0.3413950134209369
COMPRESSION_EXPANSION#1,COMPRESSION_EXPANSION,VALIDATION,DIRECTION,NEUTRAL,RETEST,1,0.9946907791694322
COMPRESSION_EXPANSION#1,COMPRESSION_EXPANSION,VALIDATION,DIRECTION,NEUTRAL,MOMENTUM_CONTINUATION,2,-0.007308197400131666
COMPRESSION_EXPANSION#1,COMPRESSION_EXPANSION,VALIDATION,DIRECTION,UP,TREND_CONTINUATION,4,0.7876865433707059
COMPRESSION_EXPANSION#1,COMPRESSION_EXPANSION,VALIDATION,DIRECTION,UP,PULLBACK,1,-1.0054294711695082
COMPRESSION_EXPANSION#1,COMPRESSION_EXPANSION,VALIDATION,DIRECTION,UP,COMPRESSION,2,-0.42883152988789597
COMPRESSION_EXPANSION#1,COMPRESSION_EXPANSION,VALIDATION,DIRECTION,UP,RANGE_EXTREME,6,0.19070459806176707
COMPRESSION_EXPANSION#1,COMPRESSION_EXPANSION,VALIDATION,DIRECTION,UP,RETEST,1,2.0
COMPRESSION_EXPANSION#1,COMPRESSION_EXPANSION,VALIDATION,DIRECTION,UP,FAILED_BREAKOUT,1,2.0
COMPRESSION_EXPANSION#1,COMPRESSION_EXPANSION,VALIDATION,DIRECTION,UP,MOMENTUM_CONTINUATION,2,0.49868097544503887
COMPRESSION_EXPANSION#1,COMPRESSION_EXPANSION,VALIDATION,DIRECTION,UP,REVERSAL_CONTEXT,3,0.9987821660394821
COMPRESSION_EXPANSION#1,COMPRESSION_EXPANSION,VALIDATION,TREND_STRENGTH,RANGE_LIKE,TREND_CONTINUATION,4,0.07077023245216796
COMPRESSION_EXPANSION#1,COMPRESSION_EXPANSION,VALIDATION,TREND_STRENGTH,RANGE_LIKE,PULLBACK,1,-0.89832908524495
COMPRESSION_EXPANSION#1,COMPRESSION_EXPANSION,VALIDATION,TREND_STRENGTH,RANGE_LIKE,CONSOLIDATION,1,-1.0072903301061478
COMPRESSION_EXPANSION#1,COMPRESSION_EXPANSION,VALIDATION,TREND_STRENGTH,RANGE_LIKE,COMPRESSION,2,1.0056848678687964
COMPRESSION_EXPANSION#1,COMPRESSION_EXPANSION,VALIDATION,TREND_STRENGTH,RANGE_LIKE,RANGE_EXTREME,4,-0.5067057723431831
COMPRESSION_EXPANSION#1,COMPRESSION_EXPANSION,VALIDATION,TREND_STRENGTH,RANGE_LIKE,RETEST,1,0.9946907791694322
COMPRESSION_EXPANSION#1,COMPRESSION_EXPANSION,VALIDATION,TREND_STRENGTH,RANGE_LIKE,MOMENTUM_CONTINUATION,3,-0.3390848146367285
COMPRESSION_EXPANSION#1,COMPRESSION_EXPANSION,VALIDATION,TREND_STRENGTH,WEAK,TREND_CONTINUATION,3,0.9983159709942845
COMPRESSION_EXPANSION#1,COMPRESSION_EXPANSION,VALIDATION,TREND_STRENGTH,WEAK,COMPRESSION,1,-1.0110472823685377
COMPRESSION_EXPANSION#1,COMPRESSION_EXPANSION,VALIDATION,TREND_STRENGTH,WEAK,RANGE_EXTREME,2,0.49747395649142667
COMPRESSION_EXPANSION#1,COMPRESSION_EXPANSION,VALIDATION,TREND_STRENGTH,WEAK,RETEST,1,2.0
COMPRESSION_EXPANSION#1,COMPRESSION_EXPANSION,VALIDATION,TREND_STRENGTH,WEAK,FAILED_BREAKOUT,1,2.0
COMPRESSION_EXPANSION#1,COMPRESSION_EXPANSION,VALIDATION,TREND_STRENGTH,WEAK,MOMENTUM_CONTINUATION,2,0.49747395649142667
COMPRESSION_EXPANSION#1,COMPRESSION_EXPANSION,VALIDATION,TREND_STRENGTH,WEAK,REVERSAL_CONTEXT,2,2.0
COMPRESSION_EXPANSION#1,COMPRESSION_EXPANSION,VALIDATION,TREND_STRENGTH,TRENDING,TREND_CONTINUATION,2,1.076692111296373
COMPRESSION_EXPANSION#1,COMPRESSION_EXPANSION,VALIDATION,TREND_STRENGTH,TRENDING,PULLBACK,1,-1.0054294711695082
COMPRESSION_EXPANSION#1,COMPRESSION_EXPANSION,VALIDATION,TREND_STRENGTH,TRENDING,COMPRESSION,1,0.1533842225927458
COMPRESSION_EXPANSION#1,COMPRESSION_EXPANSION,VALIDATION,TREND_STRENGTH,TRENDING,RANGE_EXTREME,4,0.03671640937013111
COMPRESSION_EXPANSION#1,COMPRESSION_EXPANSION,VALIDATION,TREND_STRENGTH,TRENDING,REVERSAL_CONTEXT,1,-1.0036535018815536
COMPRESSION_EXPANSION#1,COMPRESSION_EXPANSION,VALIDATION,VOLATILITY,LOW,TREND_CONTINUATION,8,0.8045581440501772
COMPRESSION_EXPANSION#1,COMPRESSION_EXPANSION,VALIDATION,VOLATILITY,LOW,PULLBACK,2,-0.9518792782072292
COMPRESSION_EXPANSION#1,COMPRESSION_EXPANSION,VALIDATION,VOLATILITY,LOW,CONSOLIDATION,1,-1.0072903301061478
COMPRESSION_EXPANSION#1,COMPRESSION_EXPANSION,VALIDATION,VOLATILITY,LOW,COMPRESSION,4,0.2884266689904503
COMPRESSION_EXPANSION#1,COMPRESSION_EXPANSION,VALIDATION,VOLATILITY,LOW,RANGE_EXTREME,8,0.14046200624866814
COMPRESSION_EXPANSION#1,COMPRESSION_EXPANSION,VALIDATION,VOLATILITY,LOW,RETEST,2,1.4973453895847162
COMPRESSION_EXPANSION#1,COMPRESSION_EXPANSION,VALIDATION,VOLATILITY,LOW,FAILED_BREAKOUT,1,2.0
COMPRESSION_EXPANSION#1,COMPRESSION_EXPANSION,VALIDATION,VOLATILITY,LOW,MOMENTUM_CONTINUATION,4,0.2456863890224536
COMPRESSION_EXPANSION#1,COMPRESSION_EXPANSION,VALIDATION,VOLATILITY,LOW,REVERSAL_CONTEXT,2,2.0
COMPRESSION_EXPANSION#1,COMPRESSION_EXPANSION,VALIDATION,VOLATILITY,HIGH,TREND_CONTINUATION,1,-1.0050520870171467
COMPRESSION_EXPANSION#1,COMPRESSION_EXPANSION,VALIDATION,VOLATILITY,HIGH,RANGE_EXTREME,2,-1.0043527944493502
COMPRESSION_EXPANSION#1,COMPRESSION_EXPANSION,VALIDATION,VOLATILITY,HIGH,MOMENTUM_CONTINUATION,1,-1.0050520870171467
COMPRESSION_EXPANSION#1,COMPRESSION_EXPANSION,VALIDATION,VOLATILITY,HIGH,REVERSAL_CONTEXT,1,-1.0036535018815536
COMPRESSION_EXPANSION#1,COMPRESSION_EXPANSION,VALIDATION,VOL_STATE,COMPRESSION,TREND_CONTINUATION,5,0.7984619727745862
COMPRESSION_EXPANSION#1,COMPRESSION_EXPANSION,VALIDATION,VOL_STATE,COMPRESSION,CONSOLIDATION,1,-1.0072903301061478
COMPRESSION_EXPANSION#1,COMPRESSION_EXPANSION,VALIDATION,VOL_STATE,COMPRESSION,RANGE_EXTREME,5,0.1977312723982755
COMPRESSION_EXPANSION#1,COMPRESSION_EXPANSION,VALIDATION,VOL_STATE,COMPRESSION,RETEST,1,2.0
COMPRESSION_EXPANSION#1,COMPRESSION_EXPANSION,VALIDATION,VOL_STATE,COMPRESSION,FAILED_BREAKOUT,1,2.0
COMPRESSION_EXPANSION#1,COMPRESSION_EXPANSION,VALIDATION,VOL_STATE,COMPRESSION,MOMENTUM_CONTINUATION,3,-0.002563378709022975
COMPRESSION_EXPANSION#1,COMPRESSION_EXPANSION,VALIDATION,VOL_STATE,COMPRESSION,REVERSAL_CONTEXT,2,0.4981732490592232
COMPRESSION_EXPANSION#1,COMPRESSION_EXPANSION,VALIDATION,VOL_STATE,EXPANSION,TREND_CONTINUATION,4,0.35977580037783496
COMPRESSION_EXPANSION#1,COMPRESSION_EXPANSION,VALIDATION,VOL_STATE,EXPANSION,PULLBACK,2,-0.9518792782072292
COMPRESSION_EXPANSION#1,COMPRESSION_EXPANSION,VALIDATION,VOL_STATE,EXPANSION,COMPRESSION,4,0.2884266689904503
COMPRESSION_EXPANSION#1,COMPRESSION_EXPANSION,VALIDATION,VOL_STATE,EXPANSION,RANGE_EXTREME,5,-0.37473318018014656
COMPRESSION_EXPANSION#1,COMPRESSION_EXPANSION,VALIDATION,VOL_STATE,EXPANSION,RETEST,1,0.9946907791694322
COMPRESSION_EXPANSION#1,COMPRESSION_EXPANSION,VALIDATION,VOL_STATE,EXPANSION,MOMENTUM_CONTINUATION,2,-0.007308197400131666
COMPRESSION_EXPANSION#1,COMPRESSION_EXPANSION,VALIDATION,VOL_STATE,EXPANSION,REVERSAL_CONTEXT,1,2.0
FAILED_BREAKOUT_REVERSAL#0,FAILED_BREAKOUT_REVERSAL,TRAIN,DIRECTION,DOWN,TREND_CONTINUATION,8,0.2157425366477106
FAILED_BREAKOUT_REVERSAL#0,FAILED_BREAKOUT_REVERSAL,TRAIN,DIRECTION,DOWN,PULLBACK,3,-1.0057262660703066
FAILED_BREAKOUT_REVERSAL#0,FAILED_BREAKOUT_REVERSAL,TRAIN,DIRECTION,DOWN,CONSOLIDATION,2,-1.0044432979179196
FAILED_BREAKOUT_REVERSAL#0,FAILED_BREAKOUT_REVERSAL,TRAIN,DIRECTION,DOWN,COMPRESSION,1,0.899416811905133
FAILED_BREAKOUT_REVERSAL#0,FAILED_BREAKOUT_REVERSAL,TRAIN,DIRECTION,DOWN,RANGE_EXTREME,9,-0.21778490335053746
FAILED_BREAKOUT_REVERSAL#0,FAILED_BREAKOUT_REVERSAL,TRAIN,DIRECTION,DOWN,BREAKOUT_SETUP,1,-1.0037212625499579
FAILED_BREAKOUT_REVERSAL#0,FAILED_BREAKOUT_REVERSAL,TRAIN,DIRECTION,DOWN,RETEST,2,-0.48735472244828637
FAILED_BREAKOUT_REVERSAL#0,FAILED_BREAKOUT_REVERSAL,TRAIN,DIRECTION,DOWN,MOMENTUM_CONTINUATION,5,0.18387378175106076
FAILED_BREAKOUT_REVERSAL#0,FAILED_BREAKOUT_REVERSAL,TRAIN,DIRECTION,DOWN,REVERSAL_CONTEXT,2,0.49660109037020905
FAILED_BREAKOUT_REVERSAL#0,FAILED_BREAKOUT_REVERSAL,TRAIN,DIRECTION,NEUTRAL,TREND_CONTINUATION,27,0.052894397678528556
FAILED_BREAKOUT_REVERSAL#0,FAILED_BREAKOUT_REVERSAL,TRAIN,DIRECTION,NEUTRAL,PULLBACK,6,-0.008442113189927566
FAILED_BREAKOUT_REVERSAL#0,FAILED_BREAKOUT_REVERSAL,TRAIN,DIRECTION,NEUTRAL,CONSOLIDATION,3,-0.7381890721879366
FAILED_BREAKOUT_REVERSAL#0,FAILED_BREAKOUT_REVERSAL,TRAIN,DIRECTION,NEUTRAL,COMPRESSION,5,-0.405961928623651
FAILED_BREAKOUT_REVERSAL#0,FAILED_BREAKOUT_REVERSAL,TRAIN,DIRECTION,NEUTRAL,RANGE_EXTREME,29,-0.20822202314549465
FAILED_BREAKOUT_REVERSAL#0,FAILED_BREAKOUT_REVERSAL,TRAIN,DIRECTION,NEUTRAL,BREAKOUT_SETUP,2,-0.5688606662050791
FAILED_BREAKOUT_REVERSAL#0,FAILED_BREAKOUT_REVERSAL,TRAIN,DIRECTION,NEUTRAL,RETEST,9,-0.8942083405743083
FAILED_BREAKOUT_REVERSAL#0,FAILED_BREAKOUT_REVERSAL,TRAIN,DIRECTION,NEUTRAL,FAILED_BREAKOUT,2,0.4941969777860312
FAILED_BREAKOUT_REVERSAL#0,FAILED_BREAKOUT_REVERSAL,TRAIN,DIRECTION,NEUTRAL,MOMENTUM_CONTINUATION,24,-0.06534373682281354
FAILED_BREAKOUT_REVERSAL#0,FAILED_BREAKOUT_REVERSAL,TRAIN,DIRECTION,NEUTRAL,REVERSAL_CONTEXT,9,0.08390220003898256
FAILED_BREAKOUT_REVERSAL#0,FAILED_BREAKOUT_REVERSAL,TRAIN,DIRECTION,UP,TREND_CONTINUATION,18,0.06731709670271267
FAILED_BREAKOUT_REVERSAL#0,FAILED_BREAKOUT_REVERSAL,TRAIN,DIRECTION,UP,PULLBACK,3,-0.008232906859121739
FAILED_BREAKOUT_REVERSAL#0,FAILED_BREAKOUT_REVERSAL,TRAIN,DIRECTION,UP,CONSOLIDATION,3,-0.6439823003552697
FAILED_BREAKOUT_REVERSAL#0,FAILED_BREAKOUT_REVERSAL,TRAIN,DIRECTION,UP,COMPRESSION,3,-0.5207406540702592
FAILED_BREAKOUT_REVERSAL#0,FAILED_BREAKOUT_REVERSAL,TRAIN,DIRECTION,UP,RANGE_EXTREME,18,-0.1256597017359088
FAILED_BREAKOUT_REVERSAL#0,FAILED_BREAKOUT_REVERSAL,TRAIN,DIRECTION,UP,BREAKOUT_SETUP,3,-0.797413029786882
FAILED_BREAKOUT_REVERSAL#0,FAILED_BREAKOUT_REVERSAL,TRAIN,DIRECTION,UP,RETEST,2,-0.6925185539345985
FAILED_BREAKOUT_REVERSAL#0,FAILED_BREAKOUT_REVERSAL,TRAIN,DIRECTION,UP,FAILED_BREAKOUT,3,-0.07298457794137214
FAILED_BREAKOUT_REVERSAL#0,FAILED_BREAKOUT_REVERSAL,TRAIN,DIRECTION,UP,MOMENTUM_CONTINUATION,10,-0.3204648408514629
FAILED_BREAKOUT_REVERSAL#0,FAILED_BREAKOUT_REVERSAL,TRAIN,DIRECTION,UP,REVERSAL_CONTEXT,9,0.12779385277527558
FAILED_BREAKOUT_REVERSAL#0,FAILED_BREAKOUT_REVERSAL,TRAIN,TREND_STRENGTH,RANGE_LIKE,TREND_CONTINUATION,53,0.08237352398397706
FAILED_BREAKOUT_REVERSAL#0,FAILED_BREAKOUT_REVERSAL,TRAIN,TREND_STRENGTH,RANGE_LIKE,PULLBACK,12,-0.2577108498273209
FAILED_BREAKOUT_REVERSAL#0,FAILED_BREAKOUT_REVERSAL,TRAIN,TREND_STRENGTH,RANGE_LIKE,CONSOLIDATION,8,-0.7694250891831822
FAILED_BREAKOUT_REVERSAL#0,FAILED_BREAKOUT_REVERSAL,TRAIN,TREND_STRENGTH,RANGE_LIKE,COMPRESSION,9,-0.2991794214915443
FAILED_BREAKOUT_REVERSAL#0,FAILED_BREAKOUT_REVERSAL,TRAIN,TREND_STRENGTH,RANGE_LIKE,RANGE_EXTREME,56,-0.1832210255825097
FAILED_BREAKOUT_REVERSAL#0,FAILED_BREAKOUT_REVERSAL,TRAIN,TREND_STRENGTH,RANGE_LIKE,BREAKOUT_SETUP,6,-0.7556136140534603
FAILED_BREAKOUT_REVERSAL#0,FAILED_BREAKOUT_REVERSAL,TRAIN,TREND_STRENGTH,RANGE_LIKE,RETEST,13,-0.8005862783026573
FAILED_BREAKOUT_REVERSAL#0,FAILED_BREAKOUT_REVERSAL,TRAIN,TREND_STRENGTH,RANGE_LIKE,FAILED_BREAKOUT,5,0.1538880443495892
FAILED_BREAKOUT_REVERSAL#0,FAILED_BREAKOUT_REVERSAL,TRAIN,TREND_STRENGTH,RANGE_LIKE,MOMENTUM_CONTINUATION,39,-0.09880844060273973
FAILED_BREAKOUT_REVERSAL#0,FAILED_BREAKOUT_REVERSAL,TRAIN,TREND_STRENGTH,RANGE_LIKE,REVERSAL_CONTEXT,20,0.14492333280343705
FAILED_BREAKOUT_REVERSAL#0,FAILED_BREAKOUT_REVERSAL,TRAIN,VOLATILITY,LOW,TREND_CONTINUATION,10,0.3365264707406201
FAILED_BREAKOUT_REVERSAL#0,FAILED_BREAKOUT_REVERSAL,TRAIN,VOLATILITY,LOW,PULLBACK,2,0.49132305983617985
FAILED_BREAKOUT_REVERSAL#0,FAILED_BREAKOUT_REVERSAL,TRAIN,VOLATILITY,LOW,CONSOLIDATION,1,-1.012077294685991
FAILED_BREAKOUT_REVERSAL#0,FAILED_BREAKOUT_REVERSAL,TRAIN,VOLATILITY,LOW,RANGE_EXTREME,13,0.025740252939876508
FAILED_BREAKOUT_REVERSAL#0,FAILED_BREAKOUT_REVERSAL,TRAIN,VOLATILITY,LOW,BREAKOUT_SETUP,1,-1.0034933521508569
FAILED_BREAKOUT_REVERSAL#0,FAILED_BREAKOUT_REVERSAL,TRAIN,VOLATILITY,LOW,RETEST,3,-1.0125569306068156
FAILED_BREAKOUT_REVERSAL#0,FAILED_BREAKOUT_REVERSAL,TRAIN,VOLATILITY,LOW,MOMENTUM_CONTINUATION,9,0.15169607860068907
FAILED_BREAKOUT_REVERSAL#0,FAILED_BREAKOUT_REVERSAL,TRAIN,VOLATILITY,LOW,REVERSAL_CONTEXT,4,0.49451742799365817
FAILED_BREAKOUT_REVERSAL#0,FAILED_BREAKOUT_REVERSAL,TRAIN,VOLATILITY,NORMAL,TREND_CONTINUATION,21,0.19712042866903104
FAILED_BREAKOUT_REVERSAL#0,FAILED_BREAKOUT_REVERSAL,TRAIN,VOLATILITY,NORMAL,PULLBACK,4,-0.2597814355826897
FAILED_BREAKOUT_REVERSAL#0,FAILED_BREAKOUT_REVERSAL,TRAIN,VOLATILITY,NORMAL,CONSOLIDATION,4,-0.686434009246437
FAILED_BREAKOUT_REVERSAL#0,FAILED_BREAKOUT_REVERSAL,TRAIN,VOLATILITY,NORMAL,COMPRESSION,7,-0.3688591105126478
FAILED_BREAKOUT_REVERSAL#0,FAILED_BREAKOUT_REVERSAL,TRAIN,VOLATILITY,NORMAL,RANGE_EXTREME,20,-0.22800473069108956
FAILED_BREAKOUT_REVERSAL#0,FAILED_BREAKOUT_REVERSAL,TRAIN,VOLATILITY,NORMAL,BREAKOUT_SETUP,3,-0.7983095253740347
FAILED_BREAKOUT_REVERSAL#0,FAILED_BREAKOUT_REVERSAL,TRAIN,VOLATILITY,NORMAL,RETEST,5,-0.8833824521455546
FAILED_BREAKOUT_REVERSAL#0,FAILED_BREAKOUT_REVERSAL,TRAIN,VOLATILITY,NORMAL,FAILED_BREAKOUT,4,0.08140575626817259
FAILED_BREAKOUT_REVERSAL#0,FAILED_BREAKOUT_REVERSAL,TRAIN,VOLATILITY,NORMAL,MOMENTUM_CONTINUATION,12,0.10197593040963004
FAILED_BREAKOUT_REVERSAL#0,FAILED_BREAKOUT_REVERSAL,TRAIN,VOLATILITY,NORMAL,REVERSAL_CONTEXT,8,-0.3014805098250062
FAILED_BREAKOUT_REVERSAL#0,FAILED_BREAKOUT_REVERSAL,TRAIN,VOLATILITY,HIGH,TREND_CONTINUATION,22,-0.14268167901386677
FAILED_BREAKOUT_REVERSAL#0,FAILED_BREAKOUT_REVERSAL,TRAIN,VOLATILITY,HIGH,PULLBACK,6,-0.5060084292115752
FAILED_BREAKOUT_REVERSAL#0,FAILED_BREAKOUT_REVERSAL,TRAIN,VOLATILITY,HIGH,CONSOLIDATION,3,-0.7991957939312396
FAILED_BREAKOUT_REVERSAL#0,FAILED_BREAKOUT_REVERSAL,TRAIN,VOLATILITY,HIGH,COMPRESSION,2,-0.05530050991768248
FAILED_BREAKOUT_REVERSAL#0,FAILED_BREAKOUT_REVERSAL,TRAIN,VOLATILITY,HIGH,RANGE_EXTREME,23,-0.2623872220442237
FAILED_BREAKOUT_REVERSAL#0,FAILED_BREAKOUT_REVERSAL,TRAIN,VOLATILITY,HIGH,BREAKOUT_SETUP,2,-0.5676298780239006
FAILED_BREAKOUT_REVERSAL#0,FAILED_BREAKOUT_REVERSAL,TRAIN,VOLATILITY,HIGH,RETEST,5,-0.5906077130772649
FAILED_BREAKOUT_REVERSAL#0,FAILED_BREAKOUT_REVERSAL,TRAIN,VOLATILITY,HIGH,FAILED_BREAKOUT,1,0.44381719667525565
FAILED_BREAKOUT_REVERSAL#0,FAILED_BREAKOUT_REVERSAL,TRAIN,VOLATILITY,HIGH,MOMENTUM_CONTINUATION,18,-0.3579169475460341
FAILED_BREAKOUT_REVERSAL#0,FAILED_BREAKOUT_REVERSAL,TRAIN,VOLATILITY,HIGH,REVERSAL_CONTEXT,8,0.4165301278367697
FAILED_BREAKOUT_REVERSAL#0,FAILED_BREAKOUT_REVERSAL,TRAIN,VOL_STATE,COMPRESSION,TREND_CONTINUATION,7,-0.1500497874666066
FAILED_BREAKOUT_REVERSAL#0,FAILED_BREAKOUT_REVERSAL,TRAIN,VOL_STATE,COMPRESSION,CONSOLIDATION,1,-1.012077294685991
FAILED_BREAKOUT_REVERSAL#0,FAILED_BREAKOUT_REVERSAL,TRAIN,VOL_STATE,COMPRESSION,RANGE_EXTREME,11,-0.46206441389615693
FAILED_BREAKOUT_REVERSAL#0,FAILED_BREAKOUT_REVERSAL,TRAIN,VOL_STATE,COMPRESSION,RETEST,3,-1.0101786591787096
FAILED_BREAKOUT_REVERSAL#0,FAILED_BREAKOUT_REVERSAL,TRAIN,VOL_STATE,COMPRESSION,MOMENTUM_CONTINUATION,6,-0.007791155555673705
FAILED_BREAKOUT_REVERSAL#0,FAILED_BREAKOUT_REVERSAL,TRAIN,VOL_STATE,COMPRESSION,REVERSAL_CONTEXT,2,-1.0109651440126837
FAILED_BREAKOUT_REVERSAL#0,FAILED_BREAKOUT_REVERSAL,TRAIN,VOL_STATE,EXPANSION,TREND_CONTINUATION,46,0.11774228876993541
FAILED_BREAKOUT_REVERSAL#0,FAILED_BREAKOUT_REVERSAL,TRAIN,VOL_STATE,EXPANSION,PULLBACK,12,-0.2577108498273209
FAILED_BREAKOUT_REVERSAL#0,FAILED_BREAKOUT_REVERSAL,TRAIN,VOL_STATE,EXPANSION,CONSOLIDATION,7,-0.7347604883970668
FAILED_BREAKOUT_REVERSAL#0,FAILED_BREAKOUT_REVERSAL,TRAIN,VOL_STATE,EXPANSION,COMPRESSION,9,-0.2991794214915443
FAILED_BREAKOUT_REVERSAL#0,FAILED_BREAKOUT_REVERSAL,TRAIN,VOL_STATE,EXPANSION,RANGE_EXTREME,45,-0.1150593084391737
FAILED_BREAKOUT_REVERSAL#0,FAILED_BREAKOUT_REVERSAL,TRAIN,VOL_STATE,EXPANSION,BREAKOUT_SETUP,6,-0.7556136140534603
FAILED_BREAKOUT_REVERSAL#0,FAILED_BREAKOUT_REVERSAL,TRAIN,VOL_STATE,EXPANSION,RETEST,10,-0.7377085640398416
FAILED_BREAKOUT_REVERSAL#0,FAILED_BREAKOUT_REVERSAL,TRAIN,VOL_STATE,EXPANSION,FAILED_BREAKOUT,5,0.1538880443495892
FAILED_BREAKOUT_REVERSAL#0,FAILED_BREAKOUT_REVERSAL,TRAIN,VOL_STATE,EXPANSION,MOMENTUM_CONTINUATION,33,-0.1153570378840245
FAILED_BREAKOUT_REVERSAL#0,FAILED_BREAKOUT_REVERSAL,TRAIN,VOL_STATE,EXPANSION,REVERSAL_CONTEXT,18,0.27335538578300594
FAILED_BREAKOUT_REVERSAL#0,FAILED_BREAKOUT_REVERSAL,VALIDATION,DIRECTION,DOWN,TREND_CONTINUATION,4,0.4981362139676192
FAILED_BREAKOUT_REVERSAL#0,FAILED_BREAKOUT_REVERSAL,VALIDATION,DIRECTION,DOWN,PULLBACK,1,2.0
FAILED_BREAKOUT_REVERSAL#0,FAILED_BREAKOUT_REVERSAL,VALIDATION,DIRECTION,DOWN,CONSOLIDATION,1,2.0
FAILED_BREAKOUT_REVERSAL#0,FAILED_BREAKOUT_REVERSAL,VALIDATION,DIRECTION,DOWN,COMPRESSION,2,-1.0147466882607055
FAILED_BREAKOUT_REVERSAL#0,FAILED_BREAKOUT_REVERSAL,VALIDATION,DIRECTION,DOWN,RANGE_EXTREME,6,-0.0024741462559787486
FAILED_BREAKOUT_REVERSAL#0,FAILED_BREAKOUT_REVERSAL,VALIDATION,DIRECTION,DOWN,RETEST,2,0.4986983641040059
FAILED_BREAKOUT_REVERSAL#0,FAILED_BREAKOUT_REVERSAL,VALIDATION,DIRECTION,DOWN,MOMENTUM_CONTINUATION,3,0.999132242736004
FAILED_BREAKOUT_REVERSAL#0,FAILED_BREAKOUT_REVERSAL,VALIDATION,DIRECTION,DOWN,REVERSAL_CONTEXT,2,0.7350713594395759
FAILED_BREAKOUT_REVERSAL#0,FAILED_BREAKOUT_REVERSAL,VALIDATION,DIRECTION,NEUTRAL,TREND_CONTINUATION,12,0.04226824183171227
FAILED_BREAKOUT_REVERSAL#0,FAILED_BREAKOUT_REVERSAL,VALIDATION,DIRECTION,NEUTRAL,PULLBACK,2,-0.45061433796602973
FAILED_BREAKOUT_REVERSAL#0,FAILED_BREAKOUT_REVERSAL,VALIDATION,DIRECTION,NEUTRAL,CONSOLIDATION,1,-1.0062101772384584
FAILED_BREAKOUT_REVERSAL#0,FAILED_BREAKOUT_REVERSAL,VALIDATION,DIRECTION,NEUTRAL,COMPRESSION,4,-0.44211706346407287
FAILED_BREAKOUT_REVERSAL#0,FAILED_BREAKOUT_REVERSAL,VALIDATION,DIRECTION,NEUTRAL,RANGE_EXTREME,9,-0.20850996417263612
FAILED_BREAKOUT_REVERSAL#0,FAILED_BREAKOUT_REVERSAL,VALIDATION,DIRECTION,NEUTRAL,RETEST,2,-1.0102408100406648
FAILED_BREAKOUT_REVERSAL#0,FAILED_BREAKOUT_REVERSAL,VALIDATION,DIRECTION,NEUTRAL,FAILED_BREAKOUT,1,2.0
FAILED_BREAKOUT_REVERSAL#0,FAILED_BREAKOUT_REVERSAL,VALIDATION,DIRECTION,NEUTRAL,MOMENTUM_CONTINUATION,9,-0.2661024365979759
FAILED_BREAKOUT_REVERSAL#0,FAILED_BREAKOUT_REVERSAL,VALIDATION,DIRECTION,NEUTRAL,REVERSAL_CONTEXT,3,0.42821971223941446
FAILED_BREAKOUT_REVERSAL#0,FAILED_BREAKOUT_REVERSAL,VALIDATION,DIRECTION,UP,TREND_CONTINUATION,13,0.3350862475589809
FAILED_BREAKOUT_REVERSAL#0,FAILED_BREAKOUT_REVERSAL,VALIDATION,DIRECTION,UP,PULLBACK,1,-1.0184556326590897
FAILED_BREAKOUT_REVERSAL#0,FAILED_BREAKOUT_REVERSAL,VALIDATION,DIRECTION,UP,CONSOLIDATION,2,-0.23053650431255782
FAILED_BREAKOUT_REVERSAL#0,FAILED_BREAKOUT_REVERSAL,VALIDATION,DIRECTION,UP,COMPRESSION,7,-0.3532443023602965
FAILED_BREAKOUT_REVERSAL#0,FAILED_BREAKOUT_REVERSAL,VALIDATION,DIRECTION,UP,RANGE_EXTREME,11,0.42960325149777884
FAILED_BREAKOUT_REVERSAL#0,FAILED_BREAKOUT_REVERSAL,VALIDATION,DIRECTION,UP,RETEST,6,0.3986173687777
FAILED_BREAKOUT_REVERSAL#0,FAILED_BREAKOUT_REVERSAL,VALIDATION,DIRECTION,UP,MOMENTUM_CONTINUATION,9,0.9326119375210852
FAILED_BREAKOUT_REVERSAL#0,FAILED_BREAKOUT_REVERSAL,VALIDATION,TREND_STRENGTH,RANGE_LIKE,TREND_CONTINUATION,29,0.23640982676268193
FAILED_BREAKOUT_REVERSAL#0,FAILED_BREAKOUT_REVERSAL,VALIDATION,TREND_STRENGTH,RANGE_LIKE,PULLBACK,4,0.020078922852212744
FAILED_BREAKOUT_REVERSAL#0,FAILED_BREAKOUT_REVERSAL,VALIDATION,TREND_STRENGTH,RANGE_LIKE,CONSOLIDATION,4,0.13317920353410648
FAILED_BREAKOUT_REVERSAL#0,FAILED_BREAKOUT_REVERSAL,VALIDATION,TREND_STRENGTH,RANGE_LIKE,COMPRESSION,13,-0.48235936514613686
FAILED_BREAKOUT_REVERSAL#0,FAILED_BREAKOUT_REVERSAL,VALIDATION,TREND_STRENGTH,RANGE_LIKE,RANGE_EXTREME,26,0.10900773889946033
FAILED_BREAKOUT_REVERSAL#0,FAILED_BREAKOUT_REVERSAL,VALIDATION,TREND_STRENGTH,RANGE_LIKE,RETEST,10,0.13686193207928818
FAILED_BREAKOUT_REVERSAL#0,FAILED_BREAKOUT_REVERSAL,VALIDATION,TREND_STRENGTH,RANGE_LIKE,FAILED_BREAKOUT,1,2.0
FAILED_BREAKOUT_REVERSAL#0,FAILED_BREAKOUT_REVERSAL,VALIDATION,TREND_STRENGTH,RANGE_LIKE,MOMENTUM_CONTINUATION,21,0.4283801065007617
FAILED_BREAKOUT_REVERSAL#0,FAILED_BREAKOUT_REVERSAL,VALIDATION,TREND_STRENGTH,RANGE_LIKE,REVERSAL_CONTEXT,5,0.550960371119479
FAILED_BREAKOUT_REVERSAL#0,FAILED_BREAKOUT_REVERSAL,VALIDATION,VOLATILITY,LOW,TREND_CONTINUATION,5,-0.4299461064196666
FAILED_BREAKOUT_REVERSAL#0,FAILED_BREAKOUT_REVERSAL,VALIDATION,VOLATILITY,LOW,PULLBACK,1,-1.0184556326590897
FAILED_BREAKOUT_REVERSAL#0,FAILED_BREAKOUT_REVERSAL,VALIDATION,VOLATILITY,LOW,CONSOLIDATION,1,-0.2312217606210335
FAILED_BREAKOUT_REVERSAL#0,FAILED_BREAKOUT_REVERSAL,VALIDATION,VOLATILITY,LOW,COMPRESSION,2,-1.015476561510849
FAILED_BREAKOUT_REVERSAL#0,FAILED_BREAKOUT_REVERSAL,VALIDATION,VOLATILITY,LOW,RANGE_EXTREME,6,-0.02495508868305549
FAILED_BREAKOUT_REVERSAL#0,FAILED_BREAKOUT_REVERSAL,VALIDATION,VOLATILITY,LOW,RETEST,1,-1.0142714428428714
FAILED_BREAKOUT_REVERSAL#0,FAILED_BREAKOUT_REVERSAL,VALIDATION,VOLATILITY,LOW,MOMENTUM_CONTINUATION,5,-0.4299461064196666
FAILED_BREAKOUT_REVERSAL#0,FAILED_BREAKOUT_REVERSAL,VALIDATION,VOLATILITY,NORMAL,TREND_CONTINUATION,15,0.3064452858708078
FAILED_BREAKOUT_REVERSAL#0,FAILED_BREAKOUT_REVERSAL,VALIDATION,VOLATILITY,NORMAL,PULLBACK,1,0.10396505004695812
FAILED_BREAKOUT_REVERSAL#0,FAILED_BREAKOUT_REVERSAL,VALIDATION,VOLATILITY,NORMAL,CONSOLIDATION,3,0.2546461915858198
FAILED_BREAKOUT_REVERSAL#0,FAILED_BREAKOUT_REVERSAL,VALIDATION,VOLATILITY,NORMAL,COMPRESSION,7,-0.6241064380678739
FAILED_BREAKOUT_REVERSAL#0,FAILED_BREAKOUT_REVERSAL,VALIDATION,VOLATILITY,NORMAL,RANGE_EXTREME,15,0.1330120451076822
FAILED_BREAKOUT_REVERSAL#0,FAILED_BREAKOUT_REVERSAL,VALIDATION,VOLATILITY,NORMAL,RETEST,5,0.07835549896983211
FAILED_BREAKOUT_REVERSAL#0,FAILED_BREAKOUT_REVERSAL,VALIDATION,VOLATILITY,NORMAL,MOMENTUM_CONTINUATION,9,0.9318885504860615
FAILED_BREAKOUT_REVERSAL#0,FAILED_BREAKOUT_REVERSAL,VALIDATION,VOLATILITY,NORMAL,REVERSAL_CONTEXT,1,0.289852862697261
FAILED_BREAKOUT_REVERSAL#0,FAILED_BREAKOUT_REVERSAL,VALIDATION,VOLATILITY,HIGH,TREND_CONTINUATION,9,0.4898818022393324
FAILED_BREAKOUT_REVERSAL#0,FAILED_BREAKOUT_REVERSAL,VALIDATION,VOLATILITY,HIGH,PULLBACK,2,0.4974031370104912
FAILED_BREAKOUT_REVERSAL#0,FAILED_BREAKOUT_REVERSAL,VALIDATION,VOLATILITY,HIGH,COMPRESSION,4,0.032256610649259325
FAILED_BREAKOUT_REVERSAL#0,FAILED_BREAKOUT_REVERSAL,VALIDATION,VOLATILITY,HIGH,RANGE_EXTREME,5,0.1977502133738141
FAILED_BREAKOUT_REVERSAL#0,FAILED_BREAKOUT_REVERSAL,VALIDATION,VOLATILITY,HIGH,RETEST,4,0.4977783171966482
FAILED_BREAKOUT_REVERSAL#0,FAILED_BREAKOUT_REVERSAL,VALIDATION,VOLATILITY,HIGH,FAILED_BREAKOUT,1,2.0
FAILED_BREAKOUT_REVERSAL#0,FAILED_BREAKOUT_REVERSAL,VALIDATION,VOLATILITY,HIGH,MOMENTUM_CONTINUATION,7,0.3941022591771109
FAILED_BREAKOUT_REVERSAL#0,FAILED_BREAKOUT_REVERSAL,VALIDATION,VOLATILITY,HIGH,REVERSAL_CONTEXT,4,0.6162372482250336
FAILED_BREAKOUT_REVERSAL#0,FAILED_BREAKOUT_REVERSAL,VALIDATION,VOL_STATE,COMPRESSION,TREND_CONTINUATION,3,-0.3768689740741114
FAILED_BREAKOUT_REVERSAL#0,FAILED_BREAKOUT_REVERSAL,VALIDATION,VOL_STATE,COMPRESSION,RANGE_EXTREME,3,-0.3768689740741114
FAILED_BREAKOUT_REVERSAL#0,FAILED_BREAKOUT_REVERSAL,VALIDATION,VOL_STATE,COMPRESSION,RETEST,1,-1.0063675610967486
FAILED_BREAKOUT_REVERSAL#0,FAILED_BREAKOUT_REVERSAL,VALIDATION,VOL_STATE,COMPRESSION,MOMENTUM_CONTINUATION,3,-0.3768689740741114
FAILED_BREAKOUT_REVERSAL#0,FAILED_BREAKOUT_REVERSAL,VALIDATION,VOL_STATE,EXPANSION,TREND_CONTINUATION,26,0.3071727653207734
FAILED_BREAKOUT_REVERSAL#0,FAILED_BREAKOUT_REVERSAL,VALIDATION,VOL_STATE,EXPANSION,PULLBACK,4,0.020078922852212744
FAILED_BREAKOUT_REVERSAL#0,FAILED_BREAKOUT_REVERSAL,VALIDATION,VOL_STATE,EXPANSION,CONSOLIDATION,4,0.13317920353410648
FAILED_BREAKOUT_REVERSAL#0,FAILED_BREAKOUT_REVERSAL,VALIDATION,VOL_STATE,EXPANSION,COMPRESSION,13,-0.48235936514613686
FAILED_BREAKOUT_REVERSAL#0,FAILED_BREAKOUT_REVERSAL,VALIDATION,VOL_STATE,EXPANSION,RANGE_EXTREME,23,0.17238296233079584
FAILED_BREAKOUT_REVERSAL#0,FAILED_BREAKOUT_REVERSAL,VALIDATION,VOL_STATE,EXPANSION,RETEST,9,0.26388743132107007
FAILED_BREAKOUT_REVERSAL#0,FAILED_BREAKOUT_REVERSAL,VALIDATION,VOL_STATE,EXPANSION,FAILED_BREAKOUT,1,2.0
FAILED_BREAKOUT_REVERSAL#0,FAILED_BREAKOUT_REVERSAL,VALIDATION,VOL_STATE,EXPANSION,MOMENTUM_CONTINUATION,18,0.5625882865965739
FAILED_BREAKOUT_REVERSAL#0,FAILED_BREAKOUT_REVERSAL,VALIDATION,VOL_STATE,EXPANSION,REVERSAL_CONTEXT,5,0.550960371119479
FAILED_BREAKOUT_REVERSAL#1,FAILED_BREAKOUT_REVERSAL,TRAIN,DIRECTION,DOWN,TREND_CONTINUATION,12,-0.04755920286327329
FAILED_BREAKOUT_REVERSAL#1,FAILED_BREAKOUT_REVERSAL,TRAIN,DIRECTION,DOWN,PULLBACK,3,-1.0057262660703066
FAILED_BREAKOUT_REVERSAL#1,FAILED_BREAKOUT_REVERSAL,TRAIN,DIRECTION,DOWN,CONSOLIDATION,2,-1.0044432979179196
FAILED_BREAKOUT_REVERSAL#1,FAILED_BREAKOUT_REVERSAL,TRAIN,DIRECTION,DOWN,COMPRESSION,1,0.8174922317675523
FAILED_BREAKOUT_REVERSAL#1,FAILED_BREAKOUT_REVERSAL,TRAIN,DIRECTION,DOWN,RANGE_EXTREME,12,-0.17617060350404157
FAILED_BREAKOUT_REVERSAL#1,FAILED_BREAKOUT_REVERSAL,TRAIN,DIRECTION,DOWN,RETEST,3,-0.18049518013666285
FAILED_BREAKOUT_REVERSAL#1,FAILED_BREAKOUT_REVERSAL,TRAIN,DIRECTION,DOWN,MOMENTUM_CONTINUATION,8,-0.2745412424396578
FAILED_BREAKOUT_REVERSAL#1,FAILED_BREAKOUT_REVERSAL,TRAIN,DIRECTION,DOWN,REVERSAL_CONTEXT,2,0.49660109037020905
FAILED_BREAKOUT_REVERSAL#1,FAILED_BREAKOUT_REVERSAL,TRAIN,DIRECTION,NEUTRAL,TREND_CONTINUATION,27,-0.0350914445429438
FAILED_BREAKOUT_REVERSAL#1,FAILED_BREAKOUT_REVERSAL,TRAIN,DIRECTION,NEUTRAL,PULLBACK,6,0.12067940614905322
FAILED_BREAKOUT_REVERSAL#1,FAILED_BREAKOUT_REVERSAL,TRAIN,DIRECTION,NEUTRAL,CONSOLIDATION,3,-0.7381890721879366
FAILED_BREAKOUT_REVERSAL#1,FAILED_BREAKOUT_REVERSAL,TRAIN,DIRECTION,NEUTRAL,COMPRESSION,5,-0.3671096151972019
FAILED_BREAKOUT_REVERSAL#1,FAILED_BREAKOUT_REVERSAL,TRAIN,DIRECTION,NEUTRAL,RANGE_EXTREME,29,-0.24561685536269806
FAILED_BREAKOUT_REVERSAL#1,FAILED_BREAKOUT_REVERSAL,TRAIN,DIRECTION,NEUTRAL,BREAKOUT_SETUP,1,-1.0048114396789807
FAILED_BREAKOUT_REVERSAL#1,FAILED_BREAKOUT_REVERSAL,TRAIN,DIRECTION,NEUTRAL,RETEST,9,-0.8938440737242525
FAILED_BREAKOUT_REVERSAL#1,FAILED_BREAKOUT_REVERSAL,TRAIN,DIRECTION,NEUTRAL,FAILED_BREAKOUT,3,0.24840310158762624
FAILED_BREAKOUT_REVERSAL#1,FAILED_BREAKOUT_REVERSAL,TRAIN,DIRECTION,NEUTRAL,MOMENTUM_CONTINUATION,24,-0.0651780846657178
FAILED_BREAKOUT_REVERSAL#1,FAILED_BREAKOUT_REVERSAL,TRAIN,DIRECTION,NEUTRAL,REVERSAL_CONTEXT,10,0.12663457725413269
FAILED_BREAKOUT_REVERSAL#1,FAILED_BREAKOUT_REVERSAL,TRAIN,DIRECTION,UP,TREND_CONTINUATION,17,0.2087174269460244
FAILED_BREAKOUT_REVERSAL#1,FAILED_BREAKOUT_REVERSAL,TRAIN,DIRECTION,UP,PULLBACK,3,-0.008232906859121739
FAILED_BREAKOUT_REVERSAL#1,FAILED_BREAKOUT_REVERSAL,TRAIN,DIRECTION,UP,CONSOLIDATION,4,0.017544861249883914
FAILED_BREAKOUT_REVERSAL#1,FAILED_BREAKOUT_REVERSAL,TRAIN,DIRECTION,UP,COMPRESSION,3,-0.5182790786011666
FAILED_BREAKOUT_REVERSAL#1,FAILED_BREAKOUT_REVERSAL,TRAIN,DIRECTION,UP,RANGE_EXTREME,17,0.19330046228791592
FAILED_BREAKOUT_REVERSAL#1,FAILED_BREAKOUT_REVERSAL,TRAIN,DIRECTION,UP,BREAKOUT_SETUP,1,-1.0072766434299187
FAILED_BREAKOUT_REVERSAL#1,FAILED_BREAKOUT_REVERSAL,TRAIN,DIRECTION,UP,RETEST,1,-1.0050551517051027
FAILED_BREAKOUT_REVERSAL#1,FAILED_BREAKOUT_REVERSAL,TRAIN,DIRECTION,UP,FAILED_BREAKOUT,3,-0.10134960956987342
FAILED_BREAKOUT_REVERSAL#1,FAILED_BREAKOUT_REVERSAL,TRAIN,DIRECTION,UP,MOMENTUM_CONTINUATION,10,-0.10479893936396456
FAILED_BREAKOUT_REVERSAL#1,FAILED_BREAKOUT_REVERSAL,TRAIN,DIRECTION,UP,REVERSAL_CONTEXT,9,0.11835720692726219
FAILED_BREAKOUT_REVERSAL#1,FAILED_BREAKOUT_REVERSAL,TRAIN,TREND_STRENGTH,RANGE_LIKE,TREND_CONTINUATION,56,0.036250300376136635
FAILED_BREAKOUT_REVERSAL#1,FAILED_BREAKOUT_REVERSAL,TRAIN,TREND_STRENGTH,RANGE_LIKE,PULLBACK,12,-0.19315009015783047
FAILED_BREAKOUT_REVERSAL#1,FAILED_BREAKOUT_REVERSAL,TRAIN,TREND_STRENGTH,RANGE_LIKE,CONSOLIDATION,9,-0.46147492971112375
FAILED_BREAKOUT_REVERSAL#1,FAILED_BREAKOUT_REVERSAL,TRAIN,TREND_STRENGTH,RANGE_LIKE,COMPRESSION,9,-0.28587700889132855
FAILED_BREAKOUT_REVERSAL#1,FAILED_BREAKOUT_REVERSAL,TRAIN,TREND_STRENGTH,RANGE_LIKE,RANGE_EXTREME,58,-0.10260048601158916
FAILED_BREAKOUT_REVERSAL#1,FAILED_BREAKOUT_REVERSAL,TRAIN,TREND_STRENGTH,RANGE_LIKE,BREAKOUT_SETUP,2,-1.0060440415544498
FAILED_BREAKOUT_REVERSAL#1,FAILED_BREAKOUT_REVERSAL,TRAIN,TREND_STRENGTH,RANGE_LIKE,RETEST,13,-0.7377797965871818
FAILED_BREAKOUT_REVERSAL#1,FAILED_BREAKOUT_REVERSAL,TRAIN,TREND_STRENGTH,RANGE_LIKE,FAILED_BREAKOUT,6,0.07352674600887642
FAILED_BREAKOUT_REVERSAL#1,FAILED_BREAKOUT_REVERSAL,TRAIN,TREND_STRENGTH,RANGE_LIKE,MOMENTUM_CONTINUATION,42,-0.11449031821747938
FAILED_BREAKOUT_REVERSAL#1,FAILED_BREAKOUT_REVERSAL,TRAIN,TREND_STRENGTH,RANGE_LIKE,REVERSAL_CONTEXT,21,0.15832203883938595
FAILED_BREAKOUT_REVERSAL#1,FAILED_BREAKOUT_REVERSAL,TRAIN,VOLATILITY,LOW,TREND_CONTINUATION,11,0.21467396960903817
FAILED_BREAKOUT_REVERSAL#1,FAILED_BREAKOUT_REVERSAL,TRAIN,VOLATILITY,LOW,PULLBACK,3,0.24539435573755788
FAILED_BREAKOUT_REVERSAL#1,FAILED_BREAKOUT_REVERSAL,TRAIN,VOLATILITY,LOW,CONSOLIDATION,2,0.49396135265700447
FAILED_BREAKOUT_REVERSAL#1,FAILED_BREAKOUT_REVERSAL,TRAIN,VOLATILITY,LOW,RANGE_EXTREME,14,0.2206197301187242
FAILED_BREAKOUT_REVERSAL#1,FAILED_BREAKOUT_REVERSAL,TRAIN,VOLATILITY,LOW,RETEST,3,-1.0125569306068156
FAILED_BREAKOUT_REVERSAL#1,FAILED_BREAKOUT_REVERSAL,TRAIN,VOLATILITY,LOW,FAILED_BREAKOUT,1,-0.24646305245968603
FAILED_BREAKOUT_REVERSAL#1,FAILED_BREAKOUT_REVERSAL,TRAIN,VOLATILITY,LOW,MOMENTUM_CONTINUATION,10,0.03614136656994198
FAILED_BREAKOUT_REVERSAL#1,FAILED_BREAKOUT_REVERSAL,TRAIN,VOLATILITY,LOW,REVERSAL_CONTEXT,5,0.49720345650292297
FAILED_BREAKOUT_REVERSAL#1,FAILED_BREAKOUT_REVERSAL,TRAIN,VOLATILITY,NORMAL,TREND_CONTINUATION,21,0.11943066129519647
FAILED_BREAKOUT_REVERSAL#1,FAILED_BREAKOUT_REVERSAL,TRAIN,VOLATILITY,NORMAL,PULLBACK,3,-0.005977857945729174
FAILED_BREAKOUT_REVERSAL#1,FAILED_BREAKOUT_REVERSAL,TRAIN,VOLATILITY,NORMAL,CONSOLIDATION,4,-0.686434009246437
FAILED_BREAKOUT_REVERSAL#1,FAILED_BREAKOUT_REVERSAL,TRAIN,VOLATILITY,NORMAL,COMPRESSION,7,-0.3400524971498588
FAILED_BREAKOUT_REVERSAL#1,FAILED_BREAKOUT_REVERSAL,TRAIN,VOLATILITY,NORMAL,RANGE_EXTREME,21,-0.22826469834625704
FAILED_BREAKOUT_REVERSAL#1,FAILED_BREAKOUT_REVERSAL,TRAIN,VOLATILITY,NORMAL,BREAKOUT_SETUP,2,-1.0060440415544498
FAILED_BREAKOUT_REVERSAL#1,FAILED_BREAKOUT_REVERSAL,TRAIN,VOLATILITY,NORMAL,RETEST,5,-0.7200855996853184
FAILED_BREAKOUT_REVERSAL#1,FAILED_BREAKOUT_REVERSAL,TRAIN,VOLATILITY,NORMAL,FAILED_BREAKOUT,4,0.06095158295942221
FAILED_BREAKOUT_REVERSAL#1,FAILED_BREAKOUT_REVERSAL,TRAIN,VOLATILITY,NORMAL,MOMENTUM_CONTINUATION,13,0.03764502089662523
FAILED_BREAKOUT_REVERSAL#1,FAILED_BREAKOUT_REVERSAL,TRAIN,VOLATILITY,NORMAL,REVERSAL_CONTEXT,8,-0.3116869361977084
FAILED_BREAKOUT_REVERSAL#1,FAILED_BREAKOUT_REVERSAL,TRAIN,VOLATILITY,HIGH,TREND_CONTINUATION,24,-0.11831003049312051
FAILED_BREAKOUT_REVERSAL#1,FAILED_BREAKOUT_REVERSAL,TRAIN,VOLATILITY,HIGH,PULLBACK,6,-0.5060084292115752
FAILED_BREAKOUT_REVERSAL#1,FAILED_BREAKOUT_REVERSAL,TRAIN,VOLATILITY,HIGH,CONSOLIDATION,3,-0.798487011909458
FAILED_BREAKOUT_REVERSAL#1,FAILED_BREAKOUT_REVERSAL,TRAIN,VOLATILITY,HIGH,COMPRESSION,2,-0.09626279998647286
FAILED_BREAKOUT_REVERSAL#1,FAILED_BREAKOUT_REVERSAL,TRAIN,VOLATILITY,HIGH,RANGE_EXTREME,23,-0.18460633674186572
FAILED_BREAKOUT_REVERSAL#1,FAILED_BREAKOUT_REVERSAL,TRAIN,VOLATILITY,HIGH,RETEST,5,-0.5906077130772649
FAILED_BREAKOUT_REVERSAL#1,FAILED_BREAKOUT_REVERSAL,TRAIN,VOLATILITY,HIGH,FAILED_BREAKOUT,1,0.44381719667525565
FAILED_BREAKOUT_REVERSAL#1,FAILED_BREAKOUT_REVERSAL,TRAIN,VOLATILITY,HIGH,MOMENTUM_CONTINUATION,19,-0.2978627527626148
FAILED_BREAKOUT_REVERSAL#1,FAILED_BREAKOUT_REVERSAL,TRAIN,VOLATILITY,HIGH,REVERSAL_CONTEXT,8,0.4165301278367697
FAILED_BREAKOUT_REVERSAL#1,FAILED_BREAKOUT_REVERSAL,TRAIN,VOL_STATE,COMPRESSION,TREND_CONTINUATION,8,-0.25755668418452565
FAILED_BREAKOUT_REVERSAL#1,FAILED_BREAKOUT_REVERSAL,TRAIN,VOL_STATE,COMPRESSION,CONSOLIDATION,1,-1.012077294685991
FAILED_BREAKOUT_REVERSAL#1,FAILED_BREAKOUT_REVERSAL,TRAIN,VOL_STATE,COMPRESSION,RANGE_EXTREME,12,-0.4448669075890015
FAILED_BREAKOUT_REVERSAL#1,FAILED_BREAKOUT_REVERSAL,TRAIN,VOL_STATE,COMPRESSION,RETEST,3,-1.0101786591787096
FAILED_BREAKOUT_REVERSAL#1,FAILED_BREAKOUT_REVERSAL,TRAIN,VOL_STATE,COMPRESSION,MOMENTUM_CONTINUATION,7,-0.1509788420777145
FAILED_BREAKOUT_REVERSAL#1,FAILED_BREAKOUT_REVERSAL,TRAIN,VOL_STATE,COMPRESSION,REVERSAL_CONTEXT,2,-0.6337598325128495
FAILED_BREAKOUT_REVERSAL#1,FAILED_BREAKOUT_REVERSAL,TRAIN,VOL_STATE,EXPANSION,TREND_CONTINUATION,48,0.08521813113624706
FAILED_BREAKOUT_REVERSAL#1,FAILED_BREAKOUT_REVERSAL,TRAIN,VOL_STATE,EXPANSION,PULLBACK,12,-0.19315009015783047
FAILED_BREAKOUT_REVERSAL#1,FAILED_BREAKOUT_REVERSAL,TRAIN,VOL_STATE,EXPANSION,CONSOLIDATION,8,-0.3926496340892653
FAILED_BREAKOUT_REVERSAL#1,FAILED_BREAKOUT_REVERSAL,TRAIN,VOL_STATE,EXPANSION,COMPRESSION,9,-0.28587700889132855
FAILED_BREAKOUT_REVERSAL#1,FAILED_BREAKOUT_REVERSAL,TRAIN,VOL_STATE,EXPANSION,RANGE_EXTREME,46,-0.01331359342617727
FAILED_BREAKOUT_REVERSAL#1,FAILED_BREAKOUT_REVERSAL,TRAIN,VOL_STATE,EXPANSION,BREAKOUT_SETUP,2,-1.0060440415544498
FAILED_BREAKOUT_REVERSAL#1,FAILED_BREAKOUT_REVERSAL,TRAIN,VOL_STATE,EXPANSION,RETEST,10,-0.6560601378097235
FAILED_BREAKOUT_REVERSAL#1,FAILED_BREAKOUT_REVERSAL,TRAIN,VOL_STATE,EXPANSION,FAILED_BREAKOUT,6,0.07352674600887642
FAILED_BREAKOUT_REVERSAL#1,FAILED_BREAKOUT_REVERSAL,TRAIN,VOL_STATE,EXPANSION,MOMENTUM_CONTINUATION,35,-0.10719261344543236
FAILED_BREAKOUT_REVERSAL#1,FAILED_BREAKOUT_REVERSAL,TRAIN,VOL_STATE,EXPANSION,REVERSAL_CONTEXT,19,0.24169907792909492
FAILED_BREAKOUT_REVERSAL#1,FAILED_BREAKOUT_REVERSAL,VALIDATION,DIRECTION,DOWN,TREND_CONTINUATION,4,0.4981362139676192
FAILED_BREAKOUT_REVERSAL#1,FAILED_BREAKOUT_REVERSAL,VALIDATION,DIRECTION,DOWN,PULLBACK,1,2.0
FAILED_BREAKOUT_REVERSAL#1,FAILED_BREAKOUT_REVERSAL,VALIDATION,DIRECTION,DOWN,CONSOLIDATION,1,2.0
FAILED_BREAKOUT_REVERSAL#1,FAILED_BREAKOUT_REVERSAL,VALIDATION,DIRECTION,DOWN,COMPRESSION,1,-1.0126419053879803
FAILED_BREAKOUT_REVERSAL#1,FAILED_BREAKOUT_REVERSAL,VALIDATION,DIRECTION,DOWN,RANGE_EXTREME,6,-0.0024740717624782325
FAILED_BREAKOUT_REVERSAL#1,FAILED_BREAKOUT_REVERSAL,VALIDATION,DIRECTION,DOWN,RETEST,2,0.4986983641040059
FAILED_BREAKOUT_REVERSAL#1,FAILED_BREAKOUT_REVERSAL,VALIDATION,DIRECTION,DOWN,MOMENTUM_CONTINUATION,3,0.999132242736004
FAILED_BREAKOUT_REVERSAL#1,FAILED_BREAKOUT_REVERSAL,VALIDATION,DIRECTION,DOWN,REVERSAL_CONTEXT,2,0.7350713594395759
FAILED_BREAKOUT_REVERSAL#1,FAILED_BREAKOUT_REVERSAL,VALIDATION,DIRECTION,NEUTRAL,TREND_CONTINUATION,15,-0.0143321938318469
FAILED_BREAKOUT_REVERSAL#1,FAILED_BREAKOUT_REVERSAL,VALIDATION,DIRECTION,NEUTRAL,PULLBACK,2,-0.007763643558887097
FAILED_BREAKOUT_REVERSAL#1,FAILED_BREAKOUT_REVERSAL,VALIDATION,DIRECTION,NEUTRAL,CONSOLIDATION,1,-1.0062101772384584
FAILED_BREAKOUT_REVERSAL#1,FAILED_BREAKOUT_REVERSAL,VALIDATION,DIRECTION,NEUTRAL,COMPRESSION,4,0.1117341537750221
FAILED_BREAKOUT_REVERSAL#1,FAILED_BREAKOUT_REVERSAL,VALIDATION,DIRECTION,NEUTRAL,RANGE_EXTREME,10,0.012341032244627494
FAILED_BREAKOUT_REVERSAL#1,FAILED_BREAKOUT_REVERSAL,VALIDATION,DIRECTION,NEUTRAL,RETEST,2,-1.0102408100406648
FAILED_BREAKOUT_REVERSAL#1,FAILED_BREAKOUT_REVERSAL,VALIDATION,DIRECTION,NEUTRAL,FAILED_BREAKOUT,2,0.6786215039480008
FAILED_BREAKOUT_REVERSAL#1,FAILED_BREAKOUT_REVERSAL,VALIDATION,DIRECTION,NEUTRAL,MOMENTUM_CONTINUATION,9,-0.2661024365979759
FAILED_BREAKOUT_REVERSAL#1,FAILED_BREAKOUT_REVERSAL,VALIDATION,DIRECTION,NEUTRAL,REVERSAL_CONTEXT,4,0.38190088335713257
FAILED_BREAKOUT_REVERSAL#1,FAILED_BREAKOUT_REVERSAL,VALIDATION,DIRECTION,UP,TREND_CONTINUATION,14,0.33519031287910145
FAILED_BREAKOUT_REVERSAL#1,FAILED_BREAKOUT_REVERSAL,VALIDATION,DIRECTION,UP,PULLBACK,1,-1.0184556326590897
FAILED_BREAKOUT_REVERSAL#1,FAILED_BREAKOUT_REVERSAL,VALIDATION,DIRECTION,UP,CONSOLIDATION,2,-0.23053650431255782
FAILED_BREAKOUT_REVERSAL#1,FAILED_BREAKOUT_REVERSAL,VALIDATION,DIRECTION,UP,COMPRESSION,6,-0.4420339445655492
FAILED_BREAKOUT_REVERSAL#1,FAILED_BREAKOUT_REVERSAL,VALIDATION,DIRECTION,UP,RANGE_EXTREME,12,0.32660542443286694
FAILED_BREAKOUT_REVERSAL#1,FAILED_BREAKOUT_REVERSAL,VALIDATION,DIRECTION,UP,RETEST,6,0.4372841350320202
FAILED_BREAKOUT_REVERSAL#1,FAILED_BREAKOUT_REVERSAL,VALIDATION,DIRECTION,UP,MOMENTUM_CONTINUATION,10,0.8727938573899223
FAILED_BREAKOUT_REVERSAL#1,FAILED_BREAKOUT_REVERSAL,VALIDATION,TREND_STRENGTH,RANGE_LIKE,TREND_CONTINUATION,33,0.19606746450606644
FAILED_BREAKOUT_REVERSAL#1,FAILED_BREAKOUT_REVERSAL,VALIDATION,TREND_STRENGTH,RANGE_LIKE,PULLBACK,4,0.24150427005578406
FAILED_BREAKOUT_REVERSAL#1,FAILED_BREAKOUT_REVERSAL,VALIDATION,TREND_STRENGTH,RANGE_LIKE,CONSOLIDATION,4,0.13317920353410648
FAILED_BREAKOUT_REVERSAL#1,FAILED_BREAKOUT_REVERSAL,VALIDATION,TREND_STRENGTH,RANGE_LIKE,COMPRESSION,11,-0.29253717797101697
FAILED_BREAKOUT_REVERSAL#1,FAILED_BREAKOUT_REVERSAL,VALIDATION,TREND_STRENGTH,RANGE_LIKE,RANGE_EXTREME,28,0.1438511066094932
FAILED_BREAKOUT_REVERSAL#1,FAILED_BREAKOUT_REVERSAL,VALIDATION,TREND_STRENGTH,RANGE_LIKE,RETEST,10,0.16006199183188027
FAILED_BREAKOUT_REVERSAL#1,FAILED_BREAKOUT_REVERSAL,VALIDATION,TREND_STRENGTH,RANGE_LIKE,FAILED_BREAKOUT,2,0.6786215039480008
FAILED_BREAKOUT_REVERSAL#1,FAILED_BREAKOUT_REVERSAL,VALIDATION,TREND_STRENGTH,RANGE_LIKE,MOMENTUM_CONTINUATION,22,0.42410969876024773
FAILED_BREAKOUT_REVERSAL#1,FAILED_BREAKOUT_REVERSAL,VALIDATION,TREND_STRENGTH,RANGE_LIKE,REVERSAL_CONTEXT,6,0.4996243753846137
FAILED_BREAKOUT_REVERSAL#1,FAILED_BREAKOUT_REVERSAL,VALIDATION,VOLATILITY,LOW,TREND_CONTINUATION,8,-0.27286827247741896
FAILED_BREAKOUT_REVERSAL#1,FAILED_BREAKOUT_REVERSAL,VALIDATION,VOLATILITY,LOW,PULLBACK,1,-1.0184556326590897
FAILED_BREAKOUT_REVERSAL#1,FAILED_BREAKOUT_REVERSAL,VALIDATION,VOLATILITY,LOW,CONSOLIDATION,1,-0.2312217606210335
FAILED_BREAKOUT_REVERSAL#1,FAILED_BREAKOUT_REVERSAL,VALIDATION,VOLATILITY,LOW,COMPRESSION,2,0.4928642785785643
FAILED_BREAKOUT_REVERSAL#1,FAILED_BREAKOUT_REVERSAL,VALIDATION,VOLATILITY,LOW,RANGE_EXTREME,7,0.2643242097002381
FAILED_BREAKOUT_REVERSAL#1,FAILED_BREAKOUT_REVERSAL,VALIDATION,VOLATILITY,LOW,RETEST,1,-1.0142714428428714
FAILED_BREAKOUT_REVERSAL#1,FAILED_BREAKOUT_REVERSAL,VALIDATION,VOLATILITY,LOW,MOMENTUM_CONTINUATION,5,-0.4299461064196666
FAILED_BREAKOUT_REVERSAL#1,FAILED_BREAKOUT_REVERSAL,VALIDATION,VOLATILITY,NORMAL,TREND_CONTINUATION,17,0.21543859392669693
FAILED_BREAKOUT_REVERSAL#1,FAILED_BREAKOUT_REVERSAL,VALIDATION,VOLATILITY,NORMAL,PULLBACK,1,0.10396505004695812
FAILED_BREAKOUT_REVERSAL#1,FAILED_BREAKOUT_REVERSAL,VALIDATION,VOLATILITY,NORMAL,CONSOLIDATION,3,0.2546461915858198
FAILED_BREAKOUT_REVERSAL#1,FAILED_BREAKOUT_REVERSAL,VALIDATION,VOLATILITY,NORMAL,COMPRESSION,7,-0.6114864020245646
FAILED_BREAKOUT_REVERSAL#1,FAILED_BREAKOUT_REVERSAL,VALIDATION,VOLATILITY,NORMAL,RANGE_EXTREME,16,0.13121254991327824
FAILED_BREAKOUT_REVERSAL#1,FAILED_BREAKOUT_REVERSAL,VALIDATION,VOLATILITY,NORMAL,RETEST,5,0.07835549896983211
FAILED_BREAKOUT_REVERSAL#1,FAILED_BREAKOUT_REVERSAL,VALIDATION,VOLATILITY,NORMAL,FAILED_BREAKOUT,1,-0.6427569921039984
FAILED_BREAKOUT_REVERSAL#1,FAILED_BREAKOUT_REVERSAL,VALIDATION,VOLATILITY,NORMAL,MOMENTUM_CONTINUATION,10,0.8489427493058088
FAILED_BREAKOUT_REVERSAL#1,FAILED_BREAKOUT_REVERSAL,VALIDATION,VOLATILITY,NORMAL,REVERSAL_CONTEXT,2,-0.1764520647033687
FAILED_BREAKOUT_REVERSAL#1,FAILED_BREAKOUT_REVERSAL,VALIDATION,VOLATILITY,HIGH,TREND_CONTINUATION,8,0.6238395514707121
FAILED_BREAKOUT_REVERSAL#1,FAILED_BREAKOUT_REVERSAL,VALIDATION,VOLATILITY,HIGH,PULLBACK,2,0.9402538314176339
FAILED_BREAKOUT_REVERSAL#1,FAILED_BREAKOUT_REVERSAL,VALIDATION,VOLATILITY,HIGH,COMPRESSION,2,0.03838364966681862
FAILED_BREAKOUT_REVERSAL#1,FAILED_BREAKOUT_REVERSAL,VALIDATION,VOLATILITY,HIGH,RANGE_EXTREME,5,0.01563214371033821
FAILED_BREAKOUT_REVERSAL#1,FAILED_BREAKOUT_REVERSAL,VALIDATION,VOLATILITY,HIGH,RETEST,4,0.5557784665781285
FAILED_BREAKOUT_REVERSAL#1,FAILED_BREAKOUT_REVERSAL,VALIDATION,VOLATILITY,HIGH,FAILED_BREAKOUT,1,2.0
FAILED_BREAKOUT_REVERSAL#1,FAILED_BREAKOUT_REVERSAL,VALIDATION,VOLATILITY,HIGH,MOMENTUM_CONTINUATION,7,0.42724520168081387
FAILED_BREAKOUT_REVERSAL#1,FAILED_BREAKOUT_REVERSAL,VALIDATION,VOLATILITY,HIGH,REVERSAL_CONTEXT,4,0.8376625954286049
FAILED_BREAKOUT_REVERSAL#1,FAILED_BREAKOUT_REVERSAL,VALIDATION,VOL_STATE,COMPRESSION,TREND_CONTINUATION,5,0.045327217134733463
FAILED_BREAKOUT_REVERSAL#1,FAILED_BREAKOUT_REVERSAL,VALIDATION,VOL_STATE,COMPRESSION,COMPRESSION,2,0.6786215039480008
FAILED_BREAKOUT_REVERSAL#1,FAILED_BREAKOUT_REVERSAL,VALIDATION,VOL_STATE,COMPRESSION,RANGE_EXTREME,4,0.21734826944441643
FAILED_BREAKOUT_REVERSAL#1,FAILED_BREAKOUT_REVERSAL,VALIDATION,VOL_STATE,COMPRESSION,RETEST,1,-1.0063675610967486
FAILED_BREAKOUT_REVERSAL#1,FAILED_BREAKOUT_REVERSAL,VALIDATION,VOL_STATE,COMPRESSION,FAILED_BREAKOUT,1,-0.6427569921039984
FAILED_BREAKOUT_REVERSAL#1,FAILED_BREAKOUT_REVERSAL,VALIDATION,VOL_STATE,COMPRESSION,MOMENTUM_CONTINUATION,3,-0.3768689740741114
FAILED_BREAKOUT_REVERSAL#1,FAILED_BREAKOUT_REVERSAL,VALIDATION,VOL_STATE,COMPRESSION,REVERSAL_CONTEXT,1,-0.6427569921039984
FAILED_BREAKOUT_REVERSAL#1,FAILED_BREAKOUT_REVERSAL,VALIDATION,VOL_STATE,EXPANSION,TREND_CONTINUATION,28,0.22298536582237588
FAILED_BREAKOUT_REVERSAL#1,FAILED_BREAKOUT_REVERSAL,VALIDATION,VOL_STATE,EXPANSION,PULLBACK,4,0.24150427005578406
FAILED_BREAKOUT_REVERSAL#1,FAILED_BREAKOUT_REVERSAL,VALIDATION,VOL_STATE,EXPANSION,CONSOLIDATION,4,0.13317920353410648
FAILED_BREAKOUT_REVERSAL#1,FAILED_BREAKOUT_REVERSAL,VALIDATION,VOL_STATE,EXPANSION,COMPRESSION,9,-0.5083502183974653
FAILED_BREAKOUT_REVERSAL#1,FAILED_BREAKOUT_REVERSAL,VALIDATION,VOL_STATE,EXPANSION,RANGE_EXTREME,24,0.13160157947033932
FAILED_BREAKOUT_REVERSAL#1,FAILED_BREAKOUT_REVERSAL,VALIDATION,VOL_STATE,EXPANSION,RETEST,9,0.2896652754906168
FAILED_BREAKOUT_REVERSAL#1,FAILED_BREAKOUT_REVERSAL,VALIDATION,VOL_STATE,EXPANSION,FAILED_BREAKOUT,1,2.0
FAILED_BREAKOUT_REVERSAL#1,FAILED_BREAKOUT_REVERSAL,VALIDATION,VOL_STATE,EXPANSION,MOMENTUM_CONTINUATION,19,0.5505800155235677
FAILED_BREAKOUT_REVERSAL#1,FAILED_BREAKOUT_REVERSAL,VALIDATION,VOL_STATE,EXPANSION,REVERSAL_CONTEXT,5,0.728100648882336
GROUP_A_MOMENTUM_CONTINUATION#0,GROUP_A_MOMENTUM_CONTINUATION,TRAIN,DIRECTION,DOWN,TREND_CONTINUATION,4,-1.0075818897751772
GROUP_A_MOMENTUM_CONTINUATION#0,GROUP_A_MOMENTUM_CONTINUATION,TRAIN,DIRECTION,DOWN,RANGE_EXTREME,3,-1.0088708273836167
GROUP_A_MOMENTUM_CONTINUATION#0,GROUP_A_MOMENTUM_CONTINUATION,TRAIN,DIRECTION,DOWN,BREAKOUT_SETUP,2,-1.0085430920623497
GROUP_A_MOMENTUM_CONTINUATION#0,GROUP_A_MOMENTUM_CONTINUATION,TRAIN,DIRECTION,DOWN,RETEST,2,-1.006229663802526
GROUP_A_MOMENTUM_CONTINUATION#0,GROUP_A_MOMENTUM_CONTINUATION,TRAIN,DIRECTION,DOWN,MOMENTUM_CONTINUATION,4,-1.0075818897751772
GROUP_A_MOMENTUM_CONTINUATION#0,GROUP_A_MOMENTUM_CONTINUATION,TRAIN,DIRECTION,UP,TREND_CONTINUATION,10,0.27121156852502815
GROUP_A_MOMENTUM_CONTINUATION#0,GROUP_A_MOMENTUM_CONTINUATION,TRAIN,DIRECTION,UP,COMPRESSION,1,2.0
GROUP_A_MOMENTUM_CONTINUATION#0,GROUP_A_MOMENTUM_CONTINUATION,TRAIN,DIRECTION,UP,RANGE_EXTREME,10,0.27121156852502815
GROUP_A_MOMENTUM_CONTINUATION#0,GROUP_A_MOMENTUM_CONTINUATION,TRAIN,DIRECTION,UP,BREAKOUT_SETUP,1,-1.006343602114776
GROUP_A_MOMENTUM_CONTINUATION#0,GROUP_A_MOMENTUM_CONTINUATION,TRAIN,DIRECTION,UP,RETEST,5,-0.049109762436637186
GROUP_A_MOMENTUM_CONTINUATION#0,GROUP_A_MOMENTUM_CONTINUATION,TRAIN,DIRECTION,UP,MOMENTUM_CONTINUATION,10,0.27121156852502815
GROUP_A_MOMENTUM_CONTINUATION#0,GROUP_A_MOMENTUM_CONTINUATION,TRAIN,TREND_STRENGTH,TRENDING,TREND_CONTINUATION,14,-0.0941579909893162
GROUP_A_MOMENTUM_CONTINUATION#0,GROUP_A_MOMENTUM_CONTINUATION,TRAIN,TREND_STRENGTH,TRENDING,COMPRESSION,1,2.0
GROUP_A_MOMENTUM_CONTINUATION#0,GROUP_A_MOMENTUM_CONTINUATION,TRAIN,TREND_STRENGTH,TRENDING,RANGE_EXTREME,13,-0.02419206130004377
GROUP_A_MOMENTUM_CONTINUATION#0,GROUP_A_MOMENTUM_CONTINUATION,TRAIN,TREND_STRENGTH,TRENDING,BREAKOUT_SETUP,3,-1.0078099287464917
GROUP_A_MOMENTUM_CONTINUATION#0,GROUP_A_MOMENTUM_CONTINUATION,TRAIN,TREND_STRENGTH,TRENDING,RETEST,7,-0.3225725913983197
GROUP_A_MOMENTUM_CONTINUATION#0,GROUP_A_MOMENTUM_CONTINUATION,TRAIN,TREND_STRENGTH,TRENDING,MOMENTUM_CONTINUATION,14,-0.0941579909893162
GROUP_A_MOMENTUM_CONTINUATION#0,GROUP_A_MOMENTUM_CONTINUATION,TRAIN,VOLATILITY,LOW,TREND_CONTINUATION,2,-0.0868316908388046
GROUP_A_MOMENTUM_CONTINUATION#0,GROUP_A_MOMENTUM_CONTINUATION,TRAIN,VOLATILITY,LOW,RANGE_EXTREME,2,-0.0868316908388046
GROUP_A_MOMENTUM_CONTINUATION#0,GROUP_A_MOMENTUM_CONTINUATION,TRAIN,VOLATILITY,LOW,BREAKOUT_SETUP,1,-1.006343602114776
GROUP_A_MOMENTUM_CONTINUATION#0,GROUP_A_MOMENTUM_CONTINUATION,TRAIN,VOLATILITY,LOW,RETEST,1,0.8326802204371668
GROUP_A_MOMENTUM_CONTINUATION#0,GROUP_A_MOMENTUM_CONTINUATION,TRAIN,VOLATILITY,LOW,MOMENTUM_CONTINUATION,2,-0.0868316908388046
GROUP_A_MOMENTUM_CONTINUATION#0,GROUP_A_MOMENTUM_CONTINUATION,TRAIN,VOLATILITY,NORMAL,TREND_CONTINUATION,9,0.20916105809772573
GROUP_A_MOMENTUM_CONTINUATION#0,GROUP_A_MOMENTUM_CONTINUATION,TRAIN,VOLATILITY,NORMAL,COMPRESSION,1,2.0
GROUP_A_MOMENTUM_CONTINUATION#0,GROUP_A_MOMENTUM_CONTINUATION,TRAIN,VOLATILITY,NORMAL,RANGE_EXTREME,9,0.20916105809772573
GROUP_A_MOMENTUM_CONTINUATION#0,GROUP_A_MOMENTUM_CONTINUATION,TRAIN,VOLATILITY,NORMAL,BREAKOUT_SETUP,1,-1.0083419334695054
GROUP_A_MOMENTUM_CONTINUATION#0,GROUP_A_MOMENTUM_CONTINUATION,TRAIN,VOLATILITY,NORMAL,RETEST,4,-0.2695572581550882
GROUP_A_MOMENTUM_CONTINUATION#0,GROUP_A_MOMENTUM_CONTINUATION,TRAIN,VOLATILITY,NORMAL,MOMENTUM_CONTINUATION,9,0.20916105809772573
GROUP_A_MOMENTUM_CONTINUATION#0,GROUP_A_MOMENTUM_CONTINUATION,TRAIN,VOLATILITY,HIGH,TREND_CONTINUATION,3,-1.0089993383507831
GROUP_A_MOMENTUM_CONTINUATION#0,GROUP_A_MOMENTUM_CONTINUATION,TRAIN,VOLATILITY,HIGH,RANGE_EXTREME,2,-1.0116414690512456
GROUP_A_MOMENTUM_CONTINUATION#0,GROUP_A_MOMENTUM_CONTINUATION,TRAIN,VOLATILITY,HIGH,BREAKOUT_SETUP,1,-1.0087442506551938
GROUP_A_MOMENTUM_CONTINUATION#0,GROUP_A_MOMENTUM_CONTINUATION,TRAIN,VOLATILITY,HIGH,RETEST,2,-1.006229663802526
GROUP_A_MOMENTUM_CONTINUATION#0,GROUP_A_MOMENTUM_CONTINUATION,TRAIN,VOLATILITY,HIGH,MOMENTUM_CONTINUATION,3,-1.0089993383507831
GROUP_A_MOMENTUM_CONTINUATION#0,GROUP_A_MOMENTUM_CONTINUATION,TRAIN,VOL_STATE,COMPRESSION,TREND_CONTINUATION,1,-1.006051060578032
GROUP_A_MOMENTUM_CONTINUATION#0,GROUP_A_MOMENTUM_CONTINUATION,TRAIN,VOL_STATE,COMPRESSION,RANGE_EXTREME,1,-1.006051060578032
GROUP_A_MOMENTUM_CONTINUATION#0,GROUP_A_MOMENTUM_CONTINUATION,TRAIN,VOL_STATE,COMPRESSION,RETEST,1,-1.006051060578032
GROUP_A_MOMENTUM_CONTINUATION#0,GROUP_A_MOMENTUM_CONTINUATION,TRAIN,VOL_STATE,COMPRESSION,MOMENTUM_CONTINUATION,1,-1.006051060578032
GROUP_A_MOMENTUM_CONTINUATION#0,GROUP_A_MOMENTUM_CONTINUATION,TRAIN,VOL_STATE,EXPANSION,TREND_CONTINUATION,13,-0.02401237025172269
GROUP_A_MOMENTUM_CONTINUATION#0,GROUP_A_MOMENTUM_CONTINUATION,TRAIN,VOL_STATE,EXPANSION,COMPRESSION,1,2.0
GROUP_A_MOMENTUM_CONTINUATION#0,GROUP_A_MOMENTUM_CONTINUATION,TRAIN,VOL_STATE,EXPANSION,RANGE_EXTREME,12,0.05762952197312197
GROUP_A_MOMENTUM_CONTINUATION#0,GROUP_A_MOMENTUM_CONTINUATION,TRAIN,VOL_STATE,EXPANSION,BREAKOUT_SETUP,3,-1.0078099287464917
GROUP_A_MOMENTUM_CONTINUATION#0,GROUP_A_MOMENTUM_CONTINUATION,TRAIN,VOL_STATE,EXPANSION,RETEST,6,-0.20865951320170104
GROUP_A_MOMENTUM_CONTINUATION#0,GROUP_A_MOMENTUM_CONTINUATION,TRAIN,VOL_STATE,EXPANSION,MOMENTUM_CONTINUATION,13,-0.02401237025172269
GROUP_A_MOMENTUM_CONTINUATION#0,GROUP_A_MOMENTUM_CONTINUATION,VALIDATION,DIRECTION,DOWN,TREND_CONTINUATION,3,2.0
GROUP_A_MOMENTUM_CONTINUATION#0,GROUP_A_MOMENTUM_CONTINUATION,VALIDATION,DIRECTION,DOWN,RANGE_EXTREME,3,2.0
GROUP_A_MOMENTUM_CONTINUATION#0,GROUP_A_MOMENTUM_CONTINUATION,VALIDATION,DIRECTION,DOWN,RETEST,1,2.0
GROUP_A_MOMENTUM_CONTINUATION#0,GROUP_A_MOMENTUM_CONTINUATION,VALIDATION,DIRECTION,DOWN,MOMENTUM_CONTINUATION,3,2.0
GROUP_A_MOMENTUM_CONTINUATION#0,GROUP_A_MOMENTUM_CONTINUATION,VALIDATION,DIRECTION,UP,TREND_CONTINUATION,6,0.08438381079223145
GROUP_A_MOMENTUM_CONTINUATION#0,GROUP_A_MOMENTUM_CONTINUATION,VALIDATION,DIRECTION,UP,RANGE_EXTREME,5,-0.057589146979748554
GROUP_A_MOMENTUM_CONTINUATION#0,GROUP_A_MOMENTUM_CONTINUATION,VALIDATION,DIRECTION,UP,BREAKOUT_SETUP,1,-1.0137240370627425
GROUP_A_MOMENTUM_CONTINUATION#0,GROUP_A_MOMENTUM_CONTINUATION,VALIDATION,DIRECTION,UP,RETEST,1,-1.0132769883238366
GROUP_A_MOMENTUM_CONTINUATION#0,GROUP_A_MOMENTUM_CONTINUATION,VALIDATION,DIRECTION,UP,MOMENTUM_CONTINUATION,6,0.08438381079223145
GROUP_A_MOMENTUM_CONTINUATION#0,GROUP_A_MOMENTUM_CONTINUATION,VALIDATION,TREND_STRENGTH,TRENDING,TREND_CONTINUATION,9,0.7229225405281543
GROUP_A_MOMENTUM_CONTINUATION#0,GROUP_A_MOMENTUM_CONTINUATION,VALIDATION,TREND_STRENGTH,TRENDING,RANGE_EXTREME,8,0.7140067831376572
GROUP_A_MOMENTUM_CONTINUATION#0,GROUP_A_MOMENTUM_CONTINUATION,VALIDATION,TREND_STRENGTH,TRENDING,BREAKOUT_SETUP,1,-1.0137240370627425
GROUP_A_MOMENTUM_CONTINUATION#0,GROUP_A_MOMENTUM_CONTINUATION,VALIDATION,TREND_STRENGTH,TRENDING,RETEST,2,0.4933615058380817
GROUP_A_MOMENTUM_CONTINUATION#0,GROUP_A_MOMENTUM_CONTINUATION,VALIDATION,TREND_STRENGTH,TRENDING,MOMENTUM_CONTINUATION,9,0.7229225405281543
GROUP_A_MOMENTUM_CONTINUATION#0,GROUP_A_MOMENTUM_CONTINUATION,VALIDATION,VOLATILITY,LOW,TREND_CONTINUATION,2,0.49313798146862875
GROUP_A_MOMENTUM_CONTINUATION#0,GROUP_A_MOMENTUM_CONTINUATION,VALIDATION,VOLATILITY,LOW,RANGE_EXTREME,2,0.49313798146862875
GROUP_A_MOMENTUM_CONTINUATION#0,GROUP_A_MOMENTUM_CONTINUATION,VALIDATION,VOLATILITY,LOW,BREAKOUT_SETUP,1,-1.0137240370627425
GROUP_A_MOMENTUM_CONTINUATION#0,GROUP_A_MOMENTUM_CONTINUATION,VALIDATION,VOLATILITY,LOW,MOMENTUM_CONTINUATION,2,0.49313798146862875
GROUP_A_MOMENTUM_CONTINUATION#0,GROUP_A_MOMENTUM_CONTINUATION,VALIDATION,VOLATILITY,NORMAL,TREND_CONTINUATION,5,0.552160298153721
GROUP_A_MOMENTUM_CONTINUATION#0,GROUP_A_MOMENTUM_CONTINUATION,VALIDATION,VOLATILITY,NORMAL,RANGE_EXTREME,4,0.49163822277911845
GROUP_A_MOMENTUM_CONTINUATION#0,GROUP_A_MOMENTUM_CONTINUATION,VALIDATION,VOLATILITY,NORMAL,RETEST,2,0.4933615058380817
GROUP_A_MOMENTUM_CONTINUATION#0,GROUP_A_MOMENTUM_CONTINUATION,VALIDATION,VOLATILITY,NORMAL,MOMENTUM_CONTINUATION,5,0.552160298153721
GROUP_A_MOMENTUM_CONTINUATION#0,GROUP_A_MOMENTUM_CONTINUATION,VALIDATION,VOLATILITY,HIGH,TREND_CONTINUATION,2,1.379612705523763
GROUP_A_MOMENTUM_CONTINUATION#0,GROUP_A_MOMENTUM_CONTINUATION,VALIDATION,VOLATILITY,HIGH,RANGE_EXTREME,2,1.379612705523763
GROUP_A_MOMENTUM_CONTINUATION#0,GROUP_A_MOMENTUM_CONTINUATION,VALIDATION,VOLATILITY,HIGH,MOMENTUM_CONTINUATION,2,1.379612705523763
GROUP_A_MOMENTUM_CONTINUATION#0,GROUP_A_MOMENTUM_CONTINUATION,VALIDATION,VOL_STATE,EXPANSION,TREND_CONTINUATION,9,0.7229225405281543
GROUP_A_MOMENTUM_CONTINUATION#0,GROUP_A_MOMENTUM_CONTINUATION,VALIDATION,VOL_STATE,EXPANSION,RANGE_EXTREME,8,0.7140067831376572
GROUP_A_MOMENTUM_CONTINUATION#0,GROUP_A_MOMENTUM_CONTINUATION,VALIDATION,VOL_STATE,EXPANSION,BREAKOUT_SETUP,1,-1.0137240370627425
GROUP_A_MOMENTUM_CONTINUATION#0,GROUP_A_MOMENTUM_CONTINUATION,VALIDATION,VOL_STATE,EXPANSION,RETEST,2,0.4933615058380817
GROUP_A_MOMENTUM_CONTINUATION#0,GROUP_A_MOMENTUM_CONTINUATION,VALIDATION,VOL_STATE,EXPANSION,MOMENTUM_CONTINUATION,9,0.7229225405281543
GROUP_A_MOMENTUM_CONTINUATION#1,GROUP_A_MOMENTUM_CONTINUATION,TRAIN,DIRECTION,DOWN,TREND_CONTINUATION,6,-0.3205279065308353
GROUP_A_MOMENTUM_CONTINUATION#1,GROUP_A_MOMENTUM_CONTINUATION,TRAIN,DIRECTION,DOWN,COMPRESSION,1,-1.0161208603933496
GROUP_A_MOMENTUM_CONTINUATION#1,GROUP_A_MOMENTUM_CONTINUATION,TRAIN,DIRECTION,DOWN,RANGE_EXTREME,5,-0.1840898048507847
GROUP_A_MOMENTUM_CONTINUATION#1,GROUP_A_MOMENTUM_CONTINUATION,TRAIN,DIRECTION,DOWN,BREAKOUT_SETUP,2,0.49605356329407935
GROUP_A_MOMENTUM_CONTINUATION#1,GROUP_A_MOMENTUM_CONTINUATION,TRAIN,DIRECTION,DOWN,RETEST,3,-0.634243284277348
GROUP_A_MOMENTUM_CONTINUATION#1,GROUP_A_MOMENTUM_CONTINUATION,TRAIN,DIRECTION,DOWN,MOMENTUM_CONTINUATION,6,-0.3205279065308353
GROUP_A_MOMENTUM_CONTINUATION#1,GROUP_A_MOMENTUM_CONTINUATION,TRAIN,DIRECTION,UP,TREND_CONTINUATION,12,-0.030177485111164082
GROUP_A_MOMENTUM_CONTINUATION#1,GROUP_A_MOMENTUM_CONTINUATION,TRAIN,DIRECTION,UP,COMPRESSION,1,2.0
GROUP_A_MOMENTUM_CONTINUATION#1,GROUP_A_MOMENTUM_CONTINUATION,TRAIN,DIRECTION,UP,RANGE_EXTREME,12,-0.030177485111164082
GROUP_A_MOMENTUM_CONTINUATION#1,GROUP_A_MOMENTUM_CONTINUATION,TRAIN,DIRECTION,UP,RETEST,6,0.26234490755821294
GROUP_A_MOMENTUM_CONTINUATION#1,GROUP_A_MOMENTUM_CONTINUATION,TRAIN,DIRECTION,UP,MOMENTUM_CONTINUATION,12,-0.030177485111164082
GROUP_A_MOMENTUM_CONTINUATION#1,GROUP_A_MOMENTUM_CONTINUATION,TRAIN,TREND_STRENGTH,TRENDING,TREND_CONTINUATION,18,-0.1269609589177212
GROUP_A_MOMENTUM_CONTINUATION#1,GROUP_A_MOMENTUM_CONTINUATION,TRAIN,TREND_STRENGTH,TRENDING,COMPRESSION,2,0.4919395698033252
GROUP_A_MOMENTUM_CONTINUATION#1,GROUP_A_MOMENTUM_CONTINUATION,TRAIN,TREND_STRENGTH,TRENDING,RANGE_EXTREME,17,-0.07544581444634668
GROUP_A_MOMENTUM_CONTINUATION#1,GROUP_A_MOMENTUM_CONTINUATION,TRAIN,TREND_STRENGTH,TRENDING,BREAKOUT_SETUP,2,0.49605356329407935
GROUP_A_MOMENTUM_CONTINUATION#1,GROUP_A_MOMENTUM_CONTINUATION,TRAIN,TREND_STRENGTH,TRENDING,RETEST,9,-0.036517823053640756
GROUP_A_MOMENTUM_CONTINUATION#1,GROUP_A_MOMENTUM_CONTINUATION,TRAIN,TREND_STRENGTH,TRENDING,MOMENTUM_CONTINUATION,18,-0.1269609589177212
GROUP_A_MOMENTUM_CONTINUATION#1,GROUP_A_MOMENTUM_CONTINUATION,TRAIN,VOLATILITY,LOW,TREND_CONTINUATION,6,0.005326523393084666
GROUP_A_MOMENTUM_CONTINUATION#1,GROUP_A_MOMENTUM_CONTINUATION,TRAIN,VOLATILITY,LOW,RANGE_EXTREME,6,0.005326523393084666
GROUP_A_MOMENTUM_CONTINUATION#1,GROUP_A_MOMENTUM_CONTINUATION,TRAIN,VOLATILITY,LOW,RETEST,4,0.14627812753670677
GROUP_A_MOMENTUM_CONTINUATION#1,GROUP_A_MOMENTUM_CONTINUATION,TRAIN,VOLATILITY,LOW,MOMENTUM_CONTINUATION,6,0.005326523393084666
GROUP_A_MOMENTUM_CONTINUATION#1,GROUP_A_MOMENTUM_CONTINUATION,TRAIN,VOLATILITY,NORMAL,TREND_CONTINUATION,10,-0.1430647408438795
GROUP_A_MOMENTUM_CONTINUATION#1,GROUP_A_MOMENTUM_CONTINUATION,TRAIN,VOLATILITY,NORMAL,COMPRESSION,2,0.4919395698033252
GROUP_A_MOMENTUM_CONTINUATION#1,GROUP_A_MOMENTUM_CONTINUATION,TRAIN,VOLATILITY,NORMAL,RANGE_EXTREME,10,-0.1430647408438795
GROUP_A_MOMENTUM_CONTINUATION#1,GROUP_A_MOMENTUM_CONTINUATION,TRAIN,VOLATILITY,NORMAL,BREAKOUT_SETUP,2,0.49605356329407935
GROUP_A_MOMENTUM_CONTINUATION#1,GROUP_A_MOMENTUM_CONTINUATION,TRAIN,VOLATILITY,NORMAL,RETEST,3,-0.009054641730299684
GROUP_A_MOMENTUM_CONTINUATION#1,GROUP_A_MOMENTUM_CONTINUATION,TRAIN,VOLATILITY,NORMAL,MOMENTUM_CONTINUATION,10,-0.1430647408438795
GROUP_A_MOMENTUM_CONTINUATION#1,GROUP_A_MOMENTUM_CONTINUATION,TRAIN,VOLATILITY,HIGH,TREND_CONTINUATION,2,-0.44330449621934725
GROUP_A_MOMENTUM_CONTINUATION#1,GROUP_A_MOMENTUM_CONTINUATION,TRAIN,VOLATILITY,HIGH,RANGE_EXTREME,1,0.11610942249239366
GROUP_A_MOMENTUM_CONTINUATION#1,GROUP_A_MOMENTUM_CONTINUATION,TRAIN,VOLATILITY,HIGH,RETEST,2,-0.44330449621934725
GROUP_A_MOMENTUM_CONTINUATION#1,GROUP_A_MOMENTUM_CONTINUATION,TRAIN,VOLATILITY,HIGH,MOMENTUM_CONTINUATION,2,-0.44330449621934725
GROUP_A_MOMENTUM_CONTINUATION#1,GROUP_A_MOMENTUM_CONTINUATION,TRAIN,VOL_STATE,EXPANSION,TREND_CONTINUATION,18,-0.1269609589177212
GROUP_A_MOMENTUM_CONTINUATION#1,GROUP_A_MOMENTUM_CONTINUATION,TRAIN,VOL_STATE,EXPANSION,COMPRESSION,2,0.4919395698033252
GROUP_A_MOMENTUM_CONTINUATION#1,GROUP_A_MOMENTUM_CONTINUATION,TRAIN,VOL_STATE,EXPANSION,RANGE_EXTREME,17,-0.07544581444634668
GROUP_A_MOMENTUM_CONTINUATION#1,GROUP_A_MOMENTUM_CONTINUATION,TRAIN,VOL_STATE,EXPANSION,BREAKOUT_SETUP,2,0.49605356329407935
GROUP_A_MOMENTUM_CONTINUATION#1,GROUP_A_MOMENTUM_CONTINUATION,TRAIN,VOL_STATE,EXPANSION,RETEST,9,-0.036517823053640756
GROUP_A_MOMENTUM_CONTINUATION#1,GROUP_A_MOMENTUM_CONTINUATION,TRAIN,VOL_STATE,EXPANSION,MOMENTUM_CONTINUATION,18,-0.1269609589177212
GROUP_A_MOMENTUM_CONTINUATION#1,GROUP_A_MOMENTUM_CONTINUATION,VALIDATION,DIRECTION,DOWN,TREND_CONTINUATION,4,1.24856298950736
GROUP_A_MOMENTUM_CONTINUATION#1,GROUP_A_MOMENTUM_CONTINUATION,VALIDATION,DIRECTION,DOWN,RANGE_EXTREME,4,1.24856298950736
GROUP_A_MOMENTUM_CONTINUATION#1,GROUP_A_MOMENTUM_CONTINUATION,VALIDATION,DIRECTION,DOWN,RETEST,2,0.49712597901472
GROUP_A_MOMENTUM_CONTINUATION#1,GROUP_A_MOMENTUM_CONTINUATION,VALIDATION,DIRECTION,DOWN,MOMENTUM_CONTINUATION,4,1.24856298950736
GROUP_A_MOMENTUM_CONTINUATION#1,GROUP_A_MOMENTUM_CONTINUATION,VALIDATION,DIRECTION,UP,TREND_CONTINUATION,7,0.27901904886720924
GROUP_A_MOMENTUM_CONTINUATION#1,GROUP_A_MOMENTUM_CONTINUATION,VALIDATION,DIRECTION,UP,COMPRESSION,1,-1.019213350533855
GROUP_A_MOMENTUM_CONTINUATION#1,GROUP_A_MOMENTUM_CONTINUATION,VALIDATION,DIRECTION,UP,RANGE_EXTREME,7,0.27901904886720924
GROUP_A_MOMENTUM_CONTINUATION#1,GROUP_A_MOMENTUM_CONTINUATION,VALIDATION,DIRECTION,UP,BREAKOUT_SETUP,1,-1.0111317490204055
GROUP_A_MOMENTUM_CONTINUATION#1,GROUP_A_MOMENTUM_CONTINUATION,VALIDATION,DIRECTION,UP,RETEST,5,-0.40937333158590705
GROUP_A_MOMENTUM_CONTINUATION#1,GROUP_A_MOMENTUM_CONTINUATION,VALIDATION,DIRECTION,UP,FAILED_BREAKOUT,1,2.0
GROUP_A_MOMENTUM_CONTINUATION#1,GROUP_A_MOMENTUM_CONTINUATION,VALIDATION,DIRECTION,UP,MOMENTUM_CONTINUATION,7,0.27901904886720924
GROUP_A_MOMENTUM_CONTINUATION#1,GROUP_A_MOMENTUM_CONTINUATION,VALIDATION,DIRECTION,UP,REVERSAL_CONTEXT,1,2.0
GROUP_A_MOMENTUM_CONTINUATION#1,GROUP_A_MOMENTUM_CONTINUATION,VALIDATION,TREND_STRENGTH,TRENDING,TREND_CONTINUATION,11,0.631580481827264
GROUP_A_MOMENTUM_CONTINUATION#1,GROUP_A_MOMENTUM_CONTINUATION,VALIDATION,TREND_STRENGTH,TRENDING,COMPRESSION,1,-1.019213350533855
GROUP_A_MOMENTUM_CONTINUATION#1,GROUP_A_MOMENTUM_CONTINUATION,VALIDATION,TREND_STRENGTH,TRENDING,RANGE_EXTREME,11,0.631580481827264
GROUP_A_MOMENTUM_CONTINUATION#1,GROUP_A_MOMENTUM_CONTINUATION,VALIDATION,TREND_STRENGTH,TRENDING,BREAKOUT_SETUP,1,-1.0111317490204055
GROUP_A_MOMENTUM_CONTINUATION#1,GROUP_A_MOMENTUM_CONTINUATION,VALIDATION,TREND_STRENGTH,TRENDING,RETEST,7,-0.1503735285571565
GROUP_A_MOMENTUM_CONTINUATION#1,GROUP_A_MOMENTUM_CONTINUATION,VALIDATION,TREND_STRENGTH,TRENDING,FAILED_BREAKOUT,1,2.0
GROUP_A_MOMENTUM_CONTINUATION#1,GROUP_A_MOMENTUM_CONTINUATION,VALIDATION,TREND_STRENGTH,TRENDING,MOMENTUM_CONTINUATION,11,0.631580481827264
GROUP_A_MOMENTUM_CONTINUATION#1,GROUP_A_MOMENTUM_CONTINUATION,VALIDATION,TREND_STRENGTH,TRENDING,REVERSAL_CONTEXT,1,2.0
GROUP_A_MOMENTUM_CONTINUATION#1,GROUP_A_MOMENTUM_CONTINUATION,VALIDATION,VOLATILITY,LOW,TREND_CONTINUATION,3,2.0
GROUP_A_MOMENTUM_CONTINUATION#1,GROUP_A_MOMENTUM_CONTINUATION,VALIDATION,VOLATILITY,LOW,RANGE_EXTREME,3,2.0
GROUP_A_MOMENTUM_CONTINUATION#1,GROUP_A_MOMENTUM_CONTINUATION,VALIDATION,VOLATILITY,LOW,RETEST,1,2.0
GROUP_A_MOMENTUM_CONTINUATION#1,GROUP_A_MOMENTUM_CONTINUATION,VALIDATION,VOLATILITY,LOW,MOMENTUM_CONTINUATION,3,2.0
GROUP_A_MOMENTUM_CONTINUATION#1,GROUP_A_MOMENTUM_CONTINUATION,VALIDATION,VOLATILITY,NORMAL,TREND_CONTINUATION,7,-0.15037352855715652
GROUP_A_MOMENTUM_CONTINUATION#1,GROUP_A_MOMENTUM_CONTINUATION,VALIDATION,VOLATILITY,NORMAL,COMPRESSION,1,-1.019213350533855
GROUP_A_MOMENTUM_CONTINUATION#1,GROUP_A_MOMENTUM_CONTINUATION,VALIDATION,VOLATILITY,NORMAL,RANGE_EXTREME,7,-0.15037352855715652
GROUP_A_MOMENTUM_CONTINUATION#1,GROUP_A_MOMENTUM_CONTINUATION,VALIDATION,VOLATILITY,NORMAL,BREAKOUT_SETUP,1,-1.0111317490204055
GROUP_A_MOMENTUM_CONTINUATION#1,GROUP_A_MOMENTUM_CONTINUATION,VALIDATION,VOLATILITY,NORMAL,RETEST,6,-0.5087691166500159
GROUP_A_MOMENTUM_CONTINUATION#1,GROUP_A_MOMENTUM_CONTINUATION,VALIDATION,VOLATILITY,NORMAL,FAILED_BREAKOUT,1,2.0
GROUP_A_MOMENTUM_CONTINUATION#1,GROUP_A_MOMENTUM_CONTINUATION,VALIDATION,VOLATILITY,NORMAL,MOMENTUM_CONTINUATION,7,-0.15037352855715652
GROUP_A_MOMENTUM_CONTINUATION#1,GROUP_A_MOMENTUM_CONTINUATION,VALIDATION,VOLATILITY,NORMAL,REVERSAL_CONTEXT,1,2.0
GROUP_A_MOMENTUM_CONTINUATION#1,GROUP_A_MOMENTUM_CONTINUATION,VALIDATION,VOLATILITY,HIGH,TREND_CONTINUATION,1,2.0
GROUP_A_MOMENTUM_CONTINUATION#1,GROUP_A_MOMENTUM_CONTINUATION,VALIDATION,VOLATILITY,HIGH,RANGE_EXTREME,1,2.0
GROUP_A_MOMENTUM_CONTINUATION#1,GROUP_A_MOMENTUM_CONTINUATION,VALIDATION,VOLATILITY,HIGH,MOMENTUM_CONTINUATION,1,2.0
GROUP_A_MOMENTUM_CONTINUATION#1,GROUP_A_MOMENTUM_CONTINUATION,VALIDATION,VOL_STATE,COMPRESSION,TREND_CONTINUATION,1,2.0
GROUP_A_MOMENTUM_CONTINUATION#1,GROUP_A_MOMENTUM_CONTINUATION,VALIDATION,VOL_STATE,COMPRESSION,RANGE_EXTREME,1,2.0
GROUP_A_MOMENTUM_CONTINUATION#1,GROUP_A_MOMENTUM_CONTINUATION,VALIDATION,VOL_STATE,COMPRESSION,MOMENTUM_CONTINUATION,1,2.0
GROUP_A_MOMENTUM_CONTINUATION#1,GROUP_A_MOMENTUM_CONTINUATION,VALIDATION,VOL_STATE,EXPANSION,TREND_CONTINUATION,10,0.49473853000999046
GROUP_A_MOMENTUM_CONTINUATION#1,GROUP_A_MOMENTUM_CONTINUATION,VALIDATION,VOL_STATE,EXPANSION,COMPRESSION,1,-1.019213350533855
GROUP_A_MOMENTUM_CONTINUATION#1,GROUP_A_MOMENTUM_CONTINUATION,VALIDATION,VOL_STATE,EXPANSION,RANGE_EXTREME,10,0.49473853000999046
GROUP_A_MOMENTUM_CONTINUATION#1,GROUP_A_MOMENTUM_CONTINUATION,VALIDATION,VOL_STATE,EXPANSION,BREAKOUT_SETUP,1,-1.0111317490204055
GROUP_A_MOMENTUM_CONTINUATION#1,GROUP_A_MOMENTUM_CONTINUATION,VALIDATION,VOL_STATE,EXPANSION,RETEST,7,-0.1503735285571565
GROUP_A_MOMENTUM_CONTINUATION#1,GROUP_A_MOMENTUM_CONTINUATION,VALIDATION,VOL_STATE,EXPANSION,FAILED_BREAKOUT,1,2.0
GROUP_A_MOMENTUM_CONTINUATION#1,GROUP_A_MOMENTUM_CONTINUATION,VALIDATION,VOL_STATE,EXPANSION,MOMENTUM_CONTINUATION,10,0.49473853000999046
GROUP_A_MOMENTUM_CONTINUATION#1,GROUP_A_MOMENTUM_CONTINUATION,VALIDATION,VOL_STATE,EXPANSION,REVERSAL_CONTEXT,1,2.0
GROUP_A_OPENING_DRIVE#0,GROUP_A_OPENING_DRIVE,TRAIN,DIRECTION,DOWN,TREND_CONTINUATION,13,0.610462905129426
GROUP_A_OPENING_DRIVE#0,GROUP_A_OPENING_DRIVE,TRAIN,DIRECTION,DOWN,COMPRESSION,1,2.0
GROUP_A_OPENING_DRIVE#0,GROUP_A_OPENING_DRIVE,TRAIN,DIRECTION,DOWN,RANGE_EXTREME,13,0.610462905129426
GROUP_A_OPENING_DRIVE#0,GROUP_A_OPENING_DRIVE,TRAIN,DIRECTION,DOWN,RETEST,2,-1.011396437439499
GROUP_A_OPENING_DRIVE#0,GROUP_A_OPENING_DRIVE,TRAIN,DIRECTION,DOWN,FAILED_BREAKOUT,1,-1.0193129021222134
GROUP_A_OPENING_DRIVE#0,GROUP_A_OPENING_DRIVE,TRAIN,DIRECTION,DOWN,MOMENTUM_CONTINUATION,10,0.494612823072395
GROUP_A_OPENING_DRIVE#0,GROUP_A_OPENING_DRIVE,TRAIN,DIRECTION,DOWN,REVERSAL_CONTEXT,1,-1.0193129021222134
GROUP_A_OPENING_DRIVE#0,GROUP_A_OPENING_DRIVE,TRAIN,DIRECTION,UP,TREND_CONTINUATION,11,-0.18897128673534622
GROUP_A_OPENING_DRIVE#0,GROUP_A_OPENING_DRIVE,TRAIN,DIRECTION,UP,COMPRESSION,1,-1.0104153647460732
GROUP_A_OPENING_DRIVE#0,GROUP_A_OPENING_DRIVE,TRAIN,DIRECTION,UP,RANGE_EXTREME,11,-0.18897128673534622
GROUP_A_OPENING_DRIVE#0,GROUP_A_OPENING_DRIVE,TRAIN,DIRECTION,UP,BREAKOUT_SETUP,1,-1.0106269925611053
GROUP_A_OPENING_DRIVE#0,GROUP_A_OPENING_DRIVE,TRAIN,DIRECTION,UP,RETEST,4,-0.2563093481796158
GROUP_A_OPENING_DRIVE#0,GROUP_A_OPENING_DRIVE,TRAIN,DIRECTION,UP,FAILED_BREAKOUT,1,-1.007012833485278
GROUP_A_OPENING_DRIVE#0,GROUP_A_OPENING_DRIVE,TRAIN,DIRECTION,UP,MOMENTUM_CONTINUATION,10,-0.10716713206035307
GROUP_A_OPENING_DRIVE#0,GROUP_A_OPENING_DRIVE,TRAIN,DIRECTION,UP,REVERSAL_CONTEXT,1,-1.007012833485278
GROUP_A_OPENING_DRIVE#0,GROUP_A_OPENING_DRIVE,TRAIN,TREND_STRENGTH,WEAK,TREND_CONTINUATION,8,0.11734586853575635
GROUP_A_OPENING_DRIVE#0,GROUP_A_OPENING_DRIVE,TRAIN,TREND_STRENGTH,WEAK,COMPRESSION,1,2.0
GROUP_A_OPENING_DRIVE#0,GROUP_A_OPENING_DRIVE,TRAIN,TREND_STRENGTH,WEAK,RANGE_EXTREME,8,0.11734586853575635
GROUP_A_OPENING_DRIVE#0,GROUP_A_OPENING_DRIVE,TRAIN,TREND_STRENGTH,WEAK,BREAKOUT_SETUP,1,-1.0106269925611053
GROUP_A_OPENING_DRIVE#0,GROUP_A_OPENING_DRIVE,TRAIN,TREND_STRENGTH,WEAK,RETEST,3,-1.0111399558133678
GROUP_A_OPENING_DRIVE#0,GROUP_A_OPENING_DRIVE,TRAIN,TREND_STRENGTH,WEAK,FAILED_BREAKOUT,1,-1.0193129021222134
GROUP_A_OPENING_DRIVE#0,GROUP_A_OPENING_DRIVE,TRAIN,TREND_STRENGTH,WEAK,MOMENTUM_CONTINUATION,7,-0.1516047216734214
GROUP_A_OPENING_DRIVE#0,GROUP_A_OPENING_DRIVE,TRAIN,TREND_STRENGTH,WEAK,REVERSAL_CONTEXT,1,-1.0193129021222134
GROUP_A_OPENING_DRIVE#0,GROUP_A_OPENING_DRIVE,TRAIN,TREND_STRENGTH,TRENDING,TREND_CONTINUATION,16,0.30741041651923
GROUP_A_OPENING_DRIVE#0,GROUP_A_OPENING_DRIVE,TRAIN,TREND_STRENGTH,TRENDING,COMPRESSION,1,-1.0104153647460732
GROUP_A_OPENING_DRIVE#0,GROUP_A_OPENING_DRIVE,TRAIN,TREND_STRENGTH,TRENDING,RANGE_EXTREME,16,0.30741041651923
GROUP_A_OPENING_DRIVE#0,GROUP_A_OPENING_DRIVE,TRAIN,TREND_STRENGTH,TRENDING,RETEST,3,-0.004870133385785976
GROUP_A_OPENING_DRIVE#0,GROUP_A_OPENING_DRIVE,TRAIN,TREND_STRENGTH,TRENDING,FAILED_BREAKOUT,1,-1.007012833485278
GROUP_A_OPENING_DRIVE#0,GROUP_A_OPENING_DRIVE,TRAIN,TREND_STRENGTH,TRENDING,MOMENTUM_CONTINUATION,13,0.3796684586026438
GROUP_A_OPENING_DRIVE#0,GROUP_A_OPENING_DRIVE,TRAIN,TREND_STRENGTH,TRENDING,REVERSAL_CONTEXT,1,-1.007012833485278
GROUP_A_OPENING_DRIVE#0,GROUP_A_OPENING_DRIVE,TRAIN,VOLATILITY,LOW,TREND_CONTINUATION,1,-1.0098534094204223
GROUP_A_OPENING_DRIVE#0,GROUP_A_OPENING_DRIVE,TRAIN,VOLATILITY,LOW,RANGE_EXTREME,1,-1.0098534094204223
GROUP_A_OPENING_DRIVE#0,GROUP_A_OPENING_DRIVE,TRAIN,VOLATILITY,LOW,MOMENTUM_CONTINUATION,1,-1.0098534094204223
GROUP_A_OPENING_DRIVE#0,GROUP_A_OPENING_DRIVE,TRAIN,VOLATILITY,NORMAL,TREND_CONTINUATION,13,0.6105665512129788
GROUP_A_OPENING_DRIVE#0,GROUP_A_OPENING_DRIVE,TRAIN,VOLATILITY,NORMAL,RANGE_EXTREME,13,0.6105665512129788
GROUP_A_OPENING_DRIVE#0,GROUP_A_OPENING_DRIVE,TRAIN,VOLATILITY,NORMAL,RETEST,3,-0.008835518421604016
GROUP_A_OPENING_DRIVE#0,GROUP_A_OPENING_DRIVE,TRAIN,VOLATILITY,NORMAL,FAILED_BREAKOUT,2,-1.0131628678037456
GROUP_A_OPENING_DRIVE#0,GROUP_A_OPENING_DRIVE,TRAIN,VOLATILITY,NORMAL,MOMENTUM_CONTINUATION,10,0.7954488463295415
GROUP_A_OPENING_DRIVE#0,GROUP_A_OPENING_DRIVE,TRAIN,VOLATILITY,NORMAL,REVERSAL_CONTEXT,2,-1.0131628678037456
GROUP_A_OPENING_DRIVE#0,GROUP_A_OPENING_DRIVE,TRAIN,VOLATILITY,HIGH,TREND_CONTINUATION,10,-0.10701781437545732
GROUP_A_OPENING_DRIVE#0,GROUP_A_OPENING_DRIVE,TRAIN,VOLATILITY,HIGH,COMPRESSION,2,0.4947923176269634
GROUP_A_OPENING_DRIVE#0,GROUP_A_OPENING_DRIVE,TRAIN,VOLATILITY,HIGH,RANGE_EXTREME,10,-0.10701781437545732
GROUP_A_OPENING_DRIVE#0,GROUP_A_OPENING_DRIVE,TRAIN,VOLATILITY,HIGH,BREAKOUT_SETUP,1,-1.0106269925611053
GROUP_A_OPENING_DRIVE#0,GROUP_A_OPENING_DRIVE,TRAIN,VOLATILITY,HIGH,RETEST,3,-1.0071745707775497
GROUP_A_OPENING_DRIVE#0,GROUP_A_OPENING_DRIVE,TRAIN,VOLATILITY,HIGH,MOMENTUM_CONTINUATION,9,-0.34113090486161923
GROUP_A_OPENING_DRIVE#0,GROUP_A_OPENING_DRIVE,TRAIN,VOL_STATE,EXPANSION,TREND_CONTINUATION,24,0.24405556719140542
GROUP_A_OPENING_DRIVE#0,GROUP_A_OPENING_DRIVE,TRAIN,VOL_STATE,EXPANSION,COMPRESSION,2,0.4947923176269634
GROUP_A_OPENING_DRIVE#0,GROUP_A_OPENING_DRIVE,TRAIN,VOL_STATE,EXPANSION,RANGE_EXTREME,24,0.24405556719140542
GROUP_A_OPENING_DRIVE#0,GROUP_A_OPENING_DRIVE,TRAIN,VOL_STATE,EXPANSION,BREAKOUT_SETUP,1,-1.0106269925611053
GROUP_A_OPENING_DRIVE#0,GROUP_A_OPENING_DRIVE,TRAIN,VOL_STATE,EXPANSION,RETEST,6,-0.5080050445995768
GROUP_A_OPENING_DRIVE#0,GROUP_A_OPENING_DRIVE,TRAIN,VOL_STATE,EXPANSION,FAILED_BREAKOUT,2,-1.0131628678037456
GROUP_A_OPENING_DRIVE#0,GROUP_A_OPENING_DRIVE,TRAIN,VOL_STATE,EXPANSION,MOMENTUM_CONTINUATION,20,0.19372284550602092
GROUP_A_OPENING_DRIVE#0,GROUP_A_OPENING_DRIVE,TRAIN,VOL_STATE,EXPANSION,REVERSAL_CONTEXT,2,-1.0131628678037456
GROUP_A_OPENING_DRIVE#0,GROUP_A_OPENING_DRIVE,VALIDATION,DIRECTION,DOWN,TREND_CONTINUATION,5,-0.40663440789846234
GROUP_A_OPENING_DRIVE#0,GROUP_A_OPENING_DRIVE,VALIDATION,DIRECTION,DOWN,COMPRESSION,1,-1.0126454223571075
GROUP_A_OPENING_DRIVE#0,GROUP_A_OPENING_DRIVE,VALIDATION,DIRECTION,DOWN,RANGE_EXTREME,5,-0.40663440789846234
GROUP_A_OPENING_DRIVE#0,GROUP_A_OPENING_DRIVE,VALIDATION,DIRECTION,DOWN,RETEST,2,0.497025574956361
GROUP_A_OPENING_DRIVE#0,GROUP_A_OPENING_DRIVE,VALIDATION,DIRECTION,DOWN,MOMENTUM_CONTINUATION,4,-0.2563505683017204
GROUP_A_OPENING_DRIVE#0,GROUP_A_OPENING_DRIVE,VALIDATION,DIRECTION,UP,TREND_CONTINUATION,5,-0.4084846251136948
GROUP_A_OPENING_DRIVE#0,GROUP_A_OPENING_DRIVE,VALIDATION,DIRECTION,UP,RANGE_EXTREME,5,-0.4084846251136948
GROUP_A_OPENING_DRIVE#0,GROUP_A_OPENING_DRIVE,VALIDATION,DIRECTION,UP,BREAKOUT_SETUP,1,-1.0178283082972954
GROUP_A_OPENING_DRIVE#0,GROUP_A_OPENING_DRIVE,VALIDATION,DIRECTION,UP,MOMENTUM_CONTINUATION,5,-0.4084846251136948
GROUP_A_OPENING_DRIVE#0,GROUP_A_OPENING_DRIVE,VALIDATION,TREND_STRENGTH,WEAK,TREND_CONTINUATION,3,-0.006863940917082978
GROUP_A_OPENING_DRIVE#0,GROUP_A_OPENING_DRIVE,VALIDATION,TREND_STRENGTH,WEAK,COMPRESSION,1,-1.0126454223571075
GROUP_A_OPENING_DRIVE#0,GROUP_A_OPENING_DRIVE,VALIDATION,TREND_STRENGTH,WEAK,RANGE_EXTREME,3,-0.006863940917082978
GROUP_A_OPENING_DRIVE#0,GROUP_A_OPENING_DRIVE,VALIDATION,TREND_STRENGTH,WEAK,MOMENTUM_CONTINUATION,3,-0.006863940917082978
GROUP_A_OPENING_DRIVE#0,GROUP_A_OPENING_DRIVE,VALIDATION,TREND_STRENGTH,TRENDING,TREND_CONTINUATION,7,-0.5792861917585052
GROUP_A_OPENING_DRIVE#0,GROUP_A_OPENING_DRIVE,VALIDATION,TREND_STRENGTH,TRENDING,RANGE_EXTREME,7,-0.5792861917585052
GROUP_A_OPENING_DRIVE#0,GROUP_A_OPENING_DRIVE,VALIDATION,TREND_STRENGTH,TRENDING,BREAKOUT_SETUP,1,-1.0178283082972954
GROUP_A_OPENING_DRIVE#0,GROUP_A_OPENING_DRIVE,VALIDATION,TREND_STRENGTH,TRENDING,RETEST,2,0.497025574956361
GROUP_A_OPENING_DRIVE#0,GROUP_A_OPENING_DRIVE,VALIDATION,TREND_STRENGTH,TRENDING,MOMENTUM_CONTINUATION,6,-0.5078722626706845
GROUP_A_OPENING_DRIVE#0,GROUP_A_OPENING_DRIVE,VALIDATION,VOLATILITY,LOW,TREND_CONTINUATION,1,-1.0178283082972954
GROUP_A_OPENING_DRIVE#0,GROUP_A_OPENING_DRIVE,VALIDATION,VOLATILITY,LOW,RANGE_EXTREME,1,-1.0178283082972954
GROUP_A_OPENING_DRIVE#0,GROUP_A_OPENING_DRIVE,VALIDATION,VOLATILITY,LOW,BREAKOUT_SETUP,1,-1.0178283082972954
GROUP_A_OPENING_DRIVE#0,GROUP_A_OPENING_DRIVE,VALIDATION,VOLATILITY,LOW,MOMENTUM_CONTINUATION,1,-1.0178283082972954
GROUP_A_OPENING_DRIVE#0,GROUP_A_OPENING_DRIVE,VALIDATION,VOLATILITY,NORMAL,TREND_CONTINUATION,4,-0.2556493167410787
GROUP_A_OPENING_DRIVE#0,GROUP_A_OPENING_DRIVE,VALIDATION,VOLATILITY,NORMAL,RANGE_EXTREME,4,-0.2556493167410787
GROUP_A_OPENING_DRIVE#0,GROUP_A_OPENING_DRIVE,VALIDATION,VOLATILITY,NORMAL,RETEST,1,-1.005948850087278
GROUP_A_OPENING_DRIVE#0,GROUP_A_OPENING_DRIVE,VALIDATION,VOLATILITY,NORMAL,MOMENTUM_CONTINUATION,4,-0.2556493167410787
GROUP_A_OPENING_DRIVE#0,GROUP_A_OPENING_DRIVE,VALIDATION,VOLATILITY,HIGH,TREND_CONTINUATION,5,-0.407033917959835
GROUP_A_OPENING_DRIVE#0,GROUP_A_OPENING_DRIVE,VALIDATION,VOLATILITY,HIGH,COMPRESSION,1,-1.0126454223571075
GROUP_A_OPENING_DRIVE#0,GROUP_A_OPENING_DRIVE,VALIDATION,VOLATILITY,HIGH,RANGE_EXTREME,5,-0.407033917959835
GROUP_A_OPENING_DRIVE#0,GROUP_A_OPENING_DRIVE,VALIDATION,VOLATILITY,HIGH,RETEST,1,2.0
GROUP_A_OPENING_DRIVE#0,GROUP_A_OPENING_DRIVE,VALIDATION,VOLATILITY,HIGH,MOMENTUM_CONTINUATION,4,-0.2568499558784363
GROUP_A_OPENING_DRIVE#0,GROUP_A_OPENING_DRIVE,VALIDATION,VOL_STATE,EXPANSION,TREND_CONTINUATION,10,-0.40755951650607863
GROUP_A_OPENING_DRIVE#0,GROUP_A_OPENING_DRIVE,VALIDATION,VOL_STATE,EXPANSION,COMPRESSION,1,-1.0126454223571075
GROUP_A_OPENING_DRIVE#0,GROUP_A_OPENING_DRIVE,VALIDATION,VOL_STATE,EXPANSION,RANGE_EXTREME,10,-0.40755951650607863
GROUP_A_OPENING_DRIVE#0,GROUP_A_OPENING_DRIVE,VALIDATION,VOL_STATE,EXPANSION,BREAKOUT_SETUP,1,-1.0178283082972954
GROUP_A_OPENING_DRIVE#0,GROUP_A_OPENING_DRIVE,VALIDATION,VOL_STATE,EXPANSION,RETEST,2,0.497025574956361
GROUP_A_OPENING_DRIVE#0,GROUP_A_OPENING_DRIVE,VALIDATION,VOL_STATE,EXPANSION,MOMENTUM_CONTINUATION,9,-0.3408694887528173
GROUP_A_OPENING_DRIVE#1,GROUP_A_OPENING_DRIVE,TRAIN,DIRECTION,DOWN,TREND_CONTINUATION,5,0.19330745409104283
GROUP_A_OPENING_DRIVE#1,GROUP_A_OPENING_DRIVE,TRAIN,DIRECTION,DOWN,COMPRESSION,1,2.0
GROUP_A_OPENING_DRIVE#1,GROUP_A_OPENING_DRIVE,TRAIN,DIRECTION,DOWN,RANGE_EXTREME,5,0.19330745409104283
GROUP_A_OPENING_DRIVE#1,GROUP_A_OPENING_DRIVE,TRAIN,DIRECTION,DOWN,RETEST,2,-1.0113315634850806
GROUP_A_OPENING_DRIVE#1,GROUP_A_OPENING_DRIVE,TRAIN,DIRECTION,DOWN,FAILED_BREAKOUT,1,-1.0193129021222134
GROUP_A_OPENING_DRIVE#1,GROUP_A_OPENING_DRIVE,TRAIN,DIRECTION,DOWN,MOMENTUM_CONTINUATION,4,-0.25836568238619645
GROUP_A_OPENING_DRIVE#1,GROUP_A_OPENING_DRIVE,TRAIN,DIRECTION,DOWN,REVERSAL_CONTEXT,1,-1.0193129021222134
GROUP_A_OPENING_DRIVE#1,GROUP_A_OPENING_DRIVE,TRAIN,DIRECTION,UP,TREND_CONTINUATION,7,0.2794750128783598
GROUP_A_OPENING_DRIVE#1,GROUP_A_OPENING_DRIVE,TRAIN,DIRECTION,UP,RANGE_EXTREME,7,0.2794750128783598
GROUP_A_OPENING_DRIVE#1,GROUP_A_OPENING_DRIVE,TRAIN,DIRECTION,UP,BREAKOUT_SETUP,1,-1.0106269925611053
GROUP_A_OPENING_DRIVE#1,GROUP_A_OPENING_DRIVE,TRAIN,DIRECTION,UP,RETEST,3,-0.006549498222327384
GROUP_A_OPENING_DRIVE#1,GROUP_A_OPENING_DRIVE,TRAIN,DIRECTION,UP,FAILED_BREAKOUT,1,-1.007012833485278
GROUP_A_OPENING_DRIVE#1,GROUP_A_OPENING_DRIVE,TRAIN,DIRECTION,UP,MOMENTUM_CONTINUATION,6,0.49388965393896606
GROUP_A_OPENING_DRIVE#1,GROUP_A_OPENING_DRIVE,TRAIN,DIRECTION,UP,REVERSAL_CONTEXT,1,-1.007012833485278
GROUP_A_OPENING_DRIVE#1,GROUP_A_OPENING_DRIVE,TRAIN,TREND_STRENGTH,WEAK,TREND_CONTINUATION,6,-0.5101838839675188
GROUP_A_OPENING_DRIVE#1,GROUP_A_OPENING_DRIVE,TRAIN,TREND_STRENGTH,WEAK,COMPRESSION,1,2.0
GROUP_A_OPENING_DRIVE#1,GROUP_A_OPENING_DRIVE,TRAIN,TREND_STRENGTH,WEAK,RANGE_EXTREME,6,-0.5101838839675188
GROUP_A_OPENING_DRIVE#1,GROUP_A_OPENING_DRIVE,TRAIN,TREND_STRENGTH,WEAK,BREAKOUT_SETUP,1,-1.0106269925611053
GROUP_A_OPENING_DRIVE#1,GROUP_A_OPENING_DRIVE,TRAIN,TREND_STRENGTH,WEAK,RETEST,3,-1.0110967065104222
GROUP_A_OPENING_DRIVE#1,GROUP_A_OPENING_DRIVE,TRAIN,TREND_STRENGTH,WEAK,FAILED_BREAKOUT,1,-1.0193129021222134
GROUP_A_OPENING_DRIVE#1,GROUP_A_OPENING_DRIVE,TRAIN,TREND_STRENGTH,WEAK,MOMENTUM_CONTINUATION,6,-0.5101838839675188
GROUP_A_OPENING_DRIVE#1,GROUP_A_OPENING_DRIVE,TRAIN,TREND_STRENGTH,WEAK,REVERSAL_CONTEXT,1,-1.0193129021222134
GROUP_A_OPENING_DRIVE#1,GROUP_A_OPENING_DRIVE,TRAIN,TREND_STRENGTH,TRENDING,TREND_CONTINUATION,6,0.9973276107348076
GROUP_A_OPENING_DRIVE#1,GROUP_A_OPENING_DRIVE,TRAIN,TREND_STRENGTH,TRENDING,RANGE_EXTREME,6,0.9973276107348076
GROUP_A_OPENING_DRIVE#1,GROUP_A_OPENING_DRIVE,TRAIN,TREND_STRENGTH,TRENDING,RETEST,2,0.4954892489470616
GROUP_A_OPENING_DRIVE#1,GROUP_A_OPENING_DRIVE,TRAIN,TREND_STRENGTH,TRENDING,FAILED_BREAKOUT,1,-1.007012833485278
GROUP_A_OPENING_DRIVE#1,GROUP_A_OPENING_DRIVE,TRAIN,TREND_STRENGTH,TRENDING,MOMENTUM_CONTINUATION,4,1.2477446244735309
GROUP_A_OPENING_DRIVE#1,GROUP_A_OPENING_DRIVE,TRAIN,TREND_STRENGTH,TRENDING,REVERSAL_CONTEXT,1,-1.007012833485278
GROUP_A_OPENING_DRIVE#1,GROUP_A_OPENING_DRIVE,TRAIN,VOLATILITY,NORMAL,TREND_CONTINUATION,5,0.7947348528785018
GROUP_A_OPENING_DRIVE#1,GROUP_A_OPENING_DRIVE,TRAIN,VOLATILITY,NORMAL,RANGE_EXTREME,5,0.7947348528785018
GROUP_A_OPENING_DRIVE#1,GROUP_A_OPENING_DRIVE,TRAIN,VOLATILITY,NORMAL,RETEST,2,0.4903435489388933
GROUP_A_OPENING_DRIVE#1,GROUP_A_OPENING_DRIVE,TRAIN,VOLATILITY,NORMAL,FAILED_BREAKOUT,2,-1.0131628678037456
GROUP_A_OPENING_DRIVE#1,GROUP_A_OPENING_DRIVE,TRAIN,VOLATILITY,NORMAL,MOMENTUM_CONTINUATION,4,1.2451717744694466
GROUP_A_OPENING_DRIVE#1,GROUP_A_OPENING_DRIVE,TRAIN,VOLATILITY,NORMAL,REVERSAL_CONTEXT,2,-1.0131628678037456
GROUP_A_OPENING_DRIVE#1,GROUP_A_OPENING_DRIVE,TRAIN,VOLATILITY,HIGH,TREND_CONTINUATION,7,-0.15011598625553946
GROUP_A_OPENING_DRIVE#1,GROUP_A_OPENING_DRIVE,TRAIN,VOLATILITY,HIGH,COMPRESSION,1,2.0
GROUP_A_OPENING_DRIVE#1,GROUP_A_OPENING_DRIVE,TRAIN,VOLATILITY,HIGH,RANGE_EXTREME,7,-0.15011598625553946
GROUP_A_OPENING_DRIVE#1,GROUP_A_OPENING_DRIVE,TRAIN,VOLATILITY,HIGH,BREAKOUT_SETUP,1,-1.0106269925611053
GROUP_A_OPENING_DRIVE#1,GROUP_A_OPENING_DRIVE,TRAIN,VOLATILITY,HIGH,RETEST,3,-1.0076662398383098
GROUP_A_OPENING_DRIVE#1,GROUP_A_OPENING_DRIVE,TRAIN,VOLATILITY,HIGH,MOMENTUM_CONTINUATION,6,-0.5084686506314627
GROUP_A_OPENING_DRIVE#1,GROUP_A_OPENING_DRIVE,TRAIN,VOL_STATE,EXPANSION,TREND_CONTINUATION,12,0.24357186338364442
GROUP_A_OPENING_DRIVE#1,GROUP_A_OPENING_DRIVE,TRAIN,VOL_STATE,EXPANSION,COMPRESSION,1,2.0
GROUP_A_OPENING_DRIVE#1,GROUP_A_OPENING_DRIVE,TRAIN,VOL_STATE,EXPANSION,RANGE_EXTREME,12,0.24357186338364442
GROUP_A_OPENING_DRIVE#1,GROUP_A_OPENING_DRIVE,TRAIN,VOL_STATE,EXPANSION,BREAKOUT_SETUP,1,-1.0106269925611053
GROUP_A_OPENING_DRIVE#1,GROUP_A_OPENING_DRIVE,TRAIN,VOL_STATE,EXPANSION,RETEST,5,-0.4084623243274287
GROUP_A_OPENING_DRIVE#1,GROUP_A_OPENING_DRIVE,TRAIN,VOL_STATE,EXPANSION,FAILED_BREAKOUT,2,-1.0131628678037456
GROUP_A_OPENING_DRIVE#1,GROUP_A_OPENING_DRIVE,TRAIN,VOL_STATE,EXPANSION,MOMENTUM_CONTINUATION,10,0.19298751940890108
GROUP_A_OPENING_DRIVE#1,GROUP_A_OPENING_DRIVE,TRAIN,VOL_STATE,EXPANSION,REVERSAL_CONTEXT,2,-1.0131628678037456
GROUP_A_OPENING_DRIVE#1,GROUP_A_OPENING_DRIVE,VALIDATION,DIRECTION,DOWN,TREND_CONTINUATION,4,-0.255131654283801
GROUP_A_OPENING_DRIVE#1,GROUP_A_OPENING_DRIVE,VALIDATION,DIRECTION,DOWN,RANGE_EXTREME,4,-0.255131654283801
GROUP_A_OPENING_DRIVE#1,GROUP_A_OPENING_DRIVE,VALIDATION,DIRECTION,DOWN,RETEST,2,0.497025574956361
GROUP_A_OPENING_DRIVE#1,GROUP_A_OPENING_DRIVE,VALIDATION,DIRECTION,DOWN,MOMENTUM_CONTINUATION,3,-0.004252283616591394
GROUP_A_OPENING_DRIVE#1,GROUP_A_OPENING_DRIVE,VALIDATION,DIRECTION,UP,TREND_CONTINUATION,4,-0.26017228478649
GROUP_A_OPENING_DRIVE#1,GROUP_A_OPENING_DRIVE,VALIDATION,DIRECTION,UP,RANGE_EXTREME,4,-0.26017228478649
GROUP_A_OPENING_DRIVE#1,GROUP_A_OPENING_DRIVE,VALIDATION,DIRECTION,UP,BREAKOUT_SETUP,2,-1.0154919640010793
GROUP_A_OPENING_DRIVE#1,GROUP_A_OPENING_DRIVE,VALIDATION,DIRECTION,UP,RETEST,1,-1.0131556197048635
GROUP_A_OPENING_DRIVE#1,GROUP_A_OPENING_DRIVE,VALIDATION,DIRECTION,UP,MOMENTUM_CONTINUATION,3,-0.010327976000719552
GROUP_A_OPENING_DRIVE#1,GROUP_A_OPENING_DRIVE,VALIDATION,TREND_STRENGTH,WEAK,TREND_CONTINUATION,1,2.0
GROUP_A_OPENING_DRIVE#1,GROUP_A_OPENING_DRIVE,VALIDATION,TREND_STRENGTH,WEAK,RANGE_EXTREME,1,2.0
GROUP_A_OPENING_DRIVE#1,GROUP_A_OPENING_DRIVE,VALIDATION,TREND_STRENGTH,WEAK,MOMENTUM_CONTINUATION,1,2.0
GROUP_A_OPENING_DRIVE#1,GROUP_A_OPENING_DRIVE,VALIDATION,TREND_STRENGTH,TRENDING,TREND_CONTINUATION,7,-0.5801736794687378
GROUP_A_OPENING_DRIVE#1,GROUP_A_OPENING_DRIVE,VALIDATION,TREND_STRENGTH,TRENDING,RANGE_EXTREME,7,-0.5801736794687378
GROUP_A_OPENING_DRIVE#1,GROUP_A_OPENING_DRIVE,VALIDATION,TREND_STRENGTH,TRENDING,BREAKOUT_SETUP,2,-1.0154919640010793
GROUP_A_OPENING_DRIVE#1,GROUP_A_OPENING_DRIVE,VALIDATION,TREND_STRENGTH,TRENDING,RETEST,3,-0.006368156597380548
GROUP_A_OPENING_DRIVE#1,GROUP_A_OPENING_DRIVE,VALIDATION,TREND_STRENGTH,TRENDING,MOMENTUM_CONTINUATION,5,-0.4087481557703866
GROUP_A_OPENING_DRIVE#1,GROUP_A_OPENING_DRIVE,VALIDATION,VOLATILITY,LOW,TREND_CONTINUATION,1,-1.0178283082972954
GROUP_A_OPENING_DRIVE#1,GROUP_A_OPENING_DRIVE,VALIDATION,VOLATILITY,LOW,RANGE_EXTREME,1,-1.0178283082972954
GROUP_A_OPENING_DRIVE#1,GROUP_A_OPENING_DRIVE,VALIDATION,VOLATILITY,LOW,BREAKOUT_SETUP,1,-1.0178283082972954
GROUP_A_OPENING_DRIVE#1,GROUP_A_OPENING_DRIVE,VALIDATION,VOLATILITY,LOW,MOMENTUM_CONTINUATION,1,-1.0178283082972954
GROUP_A_OPENING_DRIVE#1,GROUP_A_OPENING_DRIVE,VALIDATION,VOLATILITY,NORMAL,TREND_CONTINUATION,3,-0.006368156597380548
GROUP_A_OPENING_DRIVE#1,GROUP_A_OPENING_DRIVE,VALIDATION,VOLATILITY,NORMAL,RANGE_EXTREME,3,-0.006368156597380548
GROUP_A_OPENING_DRIVE#1,GROUP_A_OPENING_DRIVE,VALIDATION,VOLATILITY,NORMAL,BREAKOUT_SETUP,1,-1.0131556197048635
GROUP_A_OPENING_DRIVE#1,GROUP_A_OPENING_DRIVE,VALIDATION,VOLATILITY,NORMAL,RETEST,2,-1.0095522348960708
GROUP_A_OPENING_DRIVE#1,GROUP_A_OPENING_DRIVE,VALIDATION,VOLATILITY,NORMAL,MOMENTUM_CONTINUATION,3,-0.006368156597380548
GROUP_A_OPENING_DRIVE#1,GROUP_A_OPENING_DRIVE,VALIDATION,VOLATILITY,HIGH,TREND_CONTINUATION,4,-0.25607074454793166
GROUP_A_OPENING_DRIVE#1,GROUP_A_OPENING_DRIVE,VALIDATION,VOLATILITY,HIGH,RANGE_EXTREME,4,-0.25607074454793166
GROUP_A_OPENING_DRIVE#1,GROUP_A_OPENING_DRIVE,VALIDATION,VOLATILITY,HIGH,RETEST,1,2.0
GROUP_A_OPENING_DRIVE#1,GROUP_A_OPENING_DRIVE,VALIDATION,VOLATILITY,HIGH,MOMENTUM_CONTINUATION,2,0.4965959996187519
GROUP_A_OPENING_DRIVE#1,GROUP_A_OPENING_DRIVE,VALIDATION,VOL_STATE,EXPANSION,TREND_CONTINUATION,8,-0.25765196953514546
GROUP_A_OPENING_DRIVE#1,GROUP_A_OPENING_DRIVE,VALIDATION,VOL_STATE,EXPANSION,RANGE_EXTREME,8,-0.25765196953514546
GROUP_A_OPENING_DRIVE#1,GROUP_A_OPENING_DRIVE,VALIDATION,VOL_STATE,EXPANSION,BREAKOUT_SETUP,2,-1.0154919640010793
GROUP_A_OPENING_DRIVE#1,GROUP_A_OPENING_DRIVE,VALIDATION,VOL_STATE,EXPANSION,RETEST,3,-0.006368156597380548
GROUP_A_OPENING_DRIVE#1,GROUP_A_OPENING_DRIVE,VALIDATION,VOL_STATE,EXPANSION,MOMENTUM_CONTINUATION,6,-0.007290129808655473
GROUP_A_TREND_PULLBACK#0,GROUP_A_TREND_PULLBACK,TRAIN,DIRECTION,DOWN,PULLBACK,15,-0.021248800584349564
GROUP_A_TREND_PULLBACK#0,GROUP_A_TREND_PULLBACK,TRAIN,DIRECTION,DOWN,COMPRESSION,4,0.4880800292627391
GROUP_A_TREND_PULLBACK#0,GROUP_A_TREND_PULLBACK,TRAIN,DIRECTION,DOWN,RANGE_EXTREME,2,0.48627870690533803
GROUP_A_TREND_PULLBACK#0,GROUP_A_TREND_PULLBACK,TRAIN,DIRECTION,DOWN,REVERSAL_CONTEXT,5,-0.40786691868690816
GROUP_A_TREND_PULLBACK#0,GROUP_A_TREND_PULLBACK,TRAIN,DIRECTION,UP,PULLBACK,17,-0.3918660181690006
GROUP_A_TREND_PULLBACK#0,GROUP_A_TREND_PULLBACK,TRAIN,DIRECTION,UP,COMPRESSION,6,-0.02659617598549367
GROUP_A_TREND_PULLBACK#0,GROUP_A_TREND_PULLBACK,TRAIN,DIRECTION,UP,RANGE_EXTREME,1,0.8133506884053342
GROUP_A_TREND_PULLBACK#0,GROUP_A_TREND_PULLBACK,TRAIN,DIRECTION,UP,FAILED_BREAKOUT,1,-1.0106466793007263
GROUP_A_TREND_PULLBACK#0,GROUP_A_TREND_PULLBACK,TRAIN,DIRECTION,UP,REVERSAL_CONTEXT,4,-0.5654678408924165
GROUP_A_TREND_PULLBACK#0,GROUP_A_TREND_PULLBACK,TRAIN,TREND_STRENGTH,TRENDING,PULLBACK,32,-0.21813919742619545
GROUP_A_TREND_PULLBACK#0,GROUP_A_TREND_PULLBACK,TRAIN,TREND_STRENGTH,TRENDING,COMPRESSION,10,0.17927430611379944
GROUP_A_TREND_PULLBACK#0,GROUP_A_TREND_PULLBACK,TRAIN,TREND_STRENGTH,TRENDING,RANGE_EXTREME,3,0.5953027007386701
GROUP_A_TREND_PULLBACK#0,GROUP_A_TREND_PULLBACK,TRAIN,TREND_STRENGTH,TRENDING,FAILED_BREAKOUT,1,-1.0106466793007263
GROUP_A_TREND_PULLBACK#0,GROUP_A_TREND_PULLBACK,TRAIN,TREND_STRENGTH,TRENDING,REVERSAL_CONTEXT,9,-0.47791177300046744
GROUP_A_TREND_PULLBACK#0,GROUP_A_TREND_PULLBACK,TRAIN,VOLATILITY,LOW,PULLBACK,9,-0.3426695336590975
GROUP_A_TREND_PULLBACK#0,GROUP_A_TREND_PULLBACK,TRAIN,VOLATILITY,LOW,COMPRESSION,3,-0.011245772466886184
GROUP_A_TREND_PULLBACK#0,GROUP_A_TREND_PULLBACK,TRAIN,VOLATILITY,LOW,REVERSAL_CONTEXT,2,0.4920227920227922
GROUP_A_TREND_PULLBACK#0,GROUP_A_TREND_PULLBACK,TRAIN,VOLATILITY,NORMAL,PULLBACK,14,-0.517810796843591
GROUP_A_TREND_PULLBACK#0,GROUP_A_TREND_PULLBACK,TRAIN,VOLATILITY,NORMAL,COMPRESSION,4,-0.4387918622861096
GROUP_A_TREND_PULLBACK#0,GROUP_A_TREND_PULLBACK,TRAIN,VOLATILITY,NORMAL,RANGE_EXTREME,1,-1.027442586189324
GROUP_A_TREND_PULLBACK#0,GROUP_A_TREND_PULLBACK,TRAIN,VOLATILITY,NORMAL,FAILED_BREAKOUT,1,-1.0106466793007263
GROUP_A_TREND_PULLBACK#0,GROUP_A_TREND_PULLBACK,TRAIN,VOLATILITY,NORMAL,REVERSAL_CONTEXT,3,-1.0074557286389014
GROUP_A_TREND_PULLBACK#0,GROUP_A_TREND_PULLBACK,TRAIN,VOLATILITY,HIGH,PULLBACK,9,0.37254696012265537
GROUP_A_TREND_PULLBACK#0,GROUP_A_TREND_PULLBACK,TRAIN,VOLATILITY,HIGH,COMPRESSION,3,1.193882609227697
GROUP_A_TREND_PULLBACK#0,GROUP_A_TREND_PULLBACK,TRAIN,VOLATILITY,HIGH,RANGE_EXTREME,2,1.4066753442026672
GROUP_A_TREND_PULLBACK#0,GROUP_A_TREND_PULLBACK,TRAIN,VOLATILITY,HIGH,REVERSAL_CONTEXT,4,-0.5657210887832718
GROUP_A_TREND_PULLBACK#0,GROUP_A_TREND_PULLBACK,TRAIN,VOL_STATE,COMPRESSION,PULLBACK,5,-0.8230925084365559
GROUP_A_TREND_PULLBACK#0,GROUP_A_TREND_PULLBACK,TRAIN,VOL_STATE,COMPRESSION,COMPRESSION,2,-0.5466945463050036
GROUP_A_TREND_PULLBACK#0,GROUP_A_TREND_PULLBACK,TRAIN,VOL_STATE,COMPRESSION,REVERSAL_CONTEXT,1,-1.0033250934351257
GROUP_A_TREND_PULLBACK#0,GROUP_A_TREND_PULLBACK,TRAIN,VOL_STATE,EXPANSION,PULLBACK,27,-0.10611080649835089
GROUP_A_TREND_PULLBACK#0,GROUP_A_TREND_PULLBACK,TRAIN,VOL_STATE,EXPANSION,COMPRESSION,8,0.3607665192185002
GROUP_A_TREND_PULLBACK#0,GROUP_A_TREND_PULLBACK,TRAIN,VOL_STATE,EXPANSION,RANGE_EXTREME,3,0.5953027007386701
GROUP_A_TREND_PULLBACK#0,GROUP_A_TREND_PULLBACK,TRAIN,VOL_STATE,EXPANSION,FAILED_BREAKOUT,1,-1.0106466793007263
GROUP_A_TREND_PULLBACK#0,GROUP_A_TREND_PULLBACK,TRAIN,VOL_STATE,EXPANSION,REVERSAL_CONTEXT,8,-0.4122351079461352
GROUP_A_TREND_PULLBACK#0,GROUP_A_TREND_PULLBACK,VALIDATION,DIRECTION,DOWN,PULLBACK,1,-1.0088128798980722
GROUP_A_TREND_PULLBACK#0,GROUP_A_TREND_PULLBACK,VALIDATION,DIRECTION,DOWN,COMPRESSION,1,-1.0088128798980722
GROUP_A_TREND_PULLBACK#0,GROUP_A_TREND_PULLBACK,VALIDATION,DIRECTION,DOWN,REVERSAL_CONTEXT,1,-1.0088128798980722
GROUP_A_TREND_PULLBACK#0,GROUP_A_TREND_PULLBACK,VALIDATION,DIRECTION,UP,PULLBACK,11,-0.2760138836018864
GROUP_A_TREND_PULLBACK#0,GROUP_A_TREND_PULLBACK,VALIDATION,DIRECTION,UP,COMPRESSION,2,-0.010331027987638852
GROUP_A_TREND_PULLBACK#0,GROUP_A_TREND_PULLBACK,VALIDATION,DIRECTION,UP,FAILED_BREAKOUT,1,-1.0055351983261562
GROUP_A_TREND_PULLBACK#0,GROUP_A_TREND_PULLBACK,VALIDATION,DIRECTION,UP,REVERSAL_CONTEXT,4,-0.4402006308183809
GROUP_A_TREND_PULLBACK#0,GROUP_A_TREND_PULLBACK,VALIDATION,TREND_STRENGTH,TRENDING,PULLBACK,12,-0.3370804666265685
GROUP_A_TREND_PULLBACK#0,GROUP_A_TREND_PULLBACK,VALIDATION,TREND_STRENGTH,TRENDING,COMPRESSION,3,-0.3431583119577833
GROUP_A_TREND_PULLBACK#0,GROUP_A_TREND_PULLBACK,VALIDATION,TREND_STRENGTH,TRENDING,FAILED_BREAKOUT,1,-1.0055351983261562
GROUP_A_TREND_PULLBACK#0,GROUP_A_TREND_PULLBACK,VALIDATION,TREND_STRENGTH,TRENDING,REVERSAL_CONTEXT,5,-0.5539230806343192
GROUP_A_TREND_PULLBACK#0,GROUP_A_TREND_PULLBACK,VALIDATION,VOLATILITY,LOW,PULLBACK,3,-0.33157072422584194
GROUP_A_TREND_PULLBACK#0,GROUP_A_TREND_PULLBACK,VALIDATION,VOLATILITY,LOW,FAILED_BREAKOUT,1,-1.0055351983261562
GROUP_A_TREND_PULLBACK#0,GROUP_A_TREND_PULLBACK,VALIDATION,VOLATILITY,LOW,REVERSAL_CONTEXT,1,-1.0055351983261562
GROUP_A_TREND_PULLBACK#0,GROUP_A_TREND_PULLBACK,VALIDATION,VOLATILITY,NORMAL,PULLBACK,8,-0.25561757600902124
GROUP_A_TREND_PULLBACK#0,GROUP_A_TREND_PULLBACK,VALIDATION,VOLATILITY,NORMAL,COMPRESSION,3,-0.3431583119577833
GROUP_A_TREND_PULLBACK#0,GROUP_A_TREND_PULLBACK,VALIDATION,VOLATILITY,NORMAL,REVERSAL_CONTEXT,4,-0.4410200512113599
GROUP_A_TREND_PULLBACK#0,GROUP_A_TREND_PULLBACK,VALIDATION,VOLATILITY,HIGH,PULLBACK,1,-1.005312818769126
GROUP_A_TREND_PULLBACK#0,GROUP_A_TREND_PULLBACK,VALIDATION,VOL_STATE,COMPRESSION,PULLBACK,3,-0.33020640704697923
GROUP_A_TREND_PULLBACK#0,GROUP_A_TREND_PULLBACK,VALIDATION,VOL_STATE,COMPRESSION,FAILED_BREAKOUT,1,-1.0055351983261562
GROUP_A_TREND_PULLBACK#0,GROUP_A_TREND_PULLBACK,VALIDATION,VOL_STATE,COMPRESSION,REVERSAL_CONTEXT,1,-1.0055351983261562
GROUP_A_TREND_PULLBACK#0,GROUP_A_TREND_PULLBACK,VALIDATION,VOL_STATE,EXPANSION,PULLBACK,9,-0.3393718198197649
GROUP_A_TREND_PULLBACK#0,GROUP_A_TREND_PULLBACK,VALIDATION,VOL_STATE,EXPANSION,COMPRESSION,3,-0.3431583119577833
GROUP_A_TREND_PULLBACK#0,GROUP_A_TREND_PULLBACK,VALIDATION,VOL_STATE,EXPANSION,REVERSAL_CONTEXT,4,-0.4410200512113599
GROUP_A_TREND_PULLBACK#1,GROUP_A_TREND_PULLBACK,TRAIN,DIRECTION,DOWN,PULLBACK,11,-0.11853303178573098
GROUP_A_TREND_PULLBACK#1,GROUP_A_TREND_PULLBACK,TRAIN,DIRECTION,DOWN,COMPRESSION,2,0.4898813516201401
GROUP_A_TREND_PULLBACK#1,GROUP_A_TREND_PULLBACK,TRAIN,DIRECTION,DOWN,FAILED_BREAKOUT,1,-1.0093941321566515
GROUP_A_TREND_PULLBACK#1,GROUP_A_TREND_PULLBACK,TRAIN,DIRECTION,DOWN,MOMENTUM_CONTINUATION,1,-0.23366817713574115
GROUP_A_TREND_PULLBACK#1,GROUP_A_TREND_PULLBACK,TRAIN,DIRECTION,DOWN,REVERSAL_CONTEXT,6,-0.3770903987984815
GROUP_A_TREND_PULLBACK#1,GROUP_A_TREND_PULLBACK,TRAIN,DIRECTION,UP,PULLBACK,17,-0.3179165160805655
GROUP_A_TREND_PULLBACK#1,GROUP_A_TREND_PULLBACK,TRAIN,DIRECTION,UP,CONSOLIDATION,1,-1.0303158915903743
GROUP_A_TREND_PULLBACK#1,GROUP_A_TREND_PULLBACK,TRAIN,DIRECTION,UP,COMPRESSION,6,-0.32028565107780865
GROUP_A_TREND_PULLBACK#1,GROUP_A_TREND_PULLBACK,TRAIN,DIRECTION,UP,RANGE_EXTREME,1,0.8133506884053342
GROUP_A_TREND_PULLBACK#1,GROUP_A_TREND_PULLBACK,TRAIN,DIRECTION,UP,REVERSAL_CONTEXT,2,-1.0060848655288437
GROUP_A_TREND_PULLBACK#1,GROUP_A_TREND_PULLBACK,TRAIN,TREND_STRENGTH,TRENDING,PULLBACK,28,-0.2395872901075948
GROUP_A_TREND_PULLBACK#1,GROUP_A_TREND_PULLBACK,TRAIN,TREND_STRENGTH,TRENDING,CONSOLIDATION,1,-1.0303158915903743
GROUP_A_TREND_PULLBACK#1,GROUP_A_TREND_PULLBACK,TRAIN,TREND_STRENGTH,TRENDING,COMPRESSION,8,-0.11774390040332144
GROUP_A_TREND_PULLBACK#1,GROUP_A_TREND_PULLBACK,TRAIN,TREND_STRENGTH,TRENDING,RANGE_EXTREME,1,0.8133506884053342
GROUP_A_TREND_PULLBACK#1,GROUP_A_TREND_PULLBACK,TRAIN,TREND_STRENGTH,TRENDING,FAILED_BREAKOUT,1,-1.0093941321566515
GROUP_A_TREND_PULLBACK#1,GROUP_A_TREND_PULLBACK,TRAIN,TREND_STRENGTH,TRENDING,MOMENTUM_CONTINUATION,1,-0.23366817713574115
GROUP_A_TREND_PULLBACK#1,GROUP_A_TREND_PULLBACK,TRAIN,TREND_STRENGTH,TRENDING,REVERSAL_CONTEXT,8,-0.534339015481072
GROUP_A_TREND_PULLBACK#1,GROUP_A_TREND_PULLBACK,TRAIN,VOLATILITY,LOW,PULLBACK,9,-0.005290095256351219
GROUP_A_TREND_PULLBACK#1,GROUP_A_TREND_PULLBACK,TRAIN,VOLATILITY,LOW,COMPRESSION,2,0.49545537175059096
GROUP_A_TREND_PULLBACK#1,GROUP_A_TREND_PULLBACK,TRAIN,VOLATILITY,LOW,REVERSAL_CONTEXT,2,0.4965989964124271
GROUP_A_TREND_PULLBACK#1,GROUP_A_TREND_PULLBACK,TRAIN,VOLATILITY,NORMAL,PULLBACK,13,-0.47838091644313435
GROUP_A_TREND_PULLBACK#1,GROUP_A_TREND_PULLBACK,TRAIN,VOLATILITY,NORMAL,CONSOLIDATION,1,-1.0303158915903743
GROUP_A_TREND_PULLBACK#1,GROUP_A_TREND_PULLBACK,TRAIN,VOLATILITY,NORMAL,COMPRESSION,5,-0.5492425270266176
GROUP_A_TREND_PULLBACK#1,GROUP_A_TREND_PULLBACK,TRAIN,VOLATILITY,NORMAL,REVERSAL_CONTEXT,2,-1.0063390381616752
GROUP_A_TREND_PULLBACK#1,GROUP_A_TREND_PULLBACK,TRAIN,VOLATILITY,HIGH,PULLBACK,6,-0.07364689199079093
GROUP_A_TREND_PULLBACK#1,GROUP_A_TREND_PULLBACK,TRAIN,VOLATILITY,HIGH,COMPRESSION,1,0.8133506884053342
GROUP_A_TREND_PULLBACK#1,GROUP_A_TREND_PULLBACK,TRAIN,VOLATILITY,HIGH,RANGE_EXTREME,1,0.8133506884053342
GROUP_A_TREND_PULLBACK#1,GROUP_A_TREND_PULLBACK,TRAIN,VOLATILITY,HIGH,FAILED_BREAKOUT,1,-1.0093941321566515
GROUP_A_TREND_PULLBACK#1,GROUP_A_TREND_PULLBACK,TRAIN,VOLATILITY,HIGH,MOMENTUM_CONTINUATION,1,-0.23366817713574115
GROUP_A_TREND_PULLBACK#1,GROUP_A_TREND_PULLBACK,TRAIN,VOLATILITY,HIGH,REVERSAL_CONTEXT,4,-0.81380801008752
GROUP_A_TREND_PULLBACK#1,GROUP_A_TREND_PULLBACK,TRAIN,VOL_STATE,COMPRESSION,PULLBACK,7,-0.8739547518088118
GROUP_A_TREND_PULLBACK#1,GROUP_A_TREND_PULLBACK,TRAIN,VOL_STATE,COMPRESSION,CONSOLIDATION,1,-1.0303158915903743
GROUP_A_TREND_PULLBACK#1,GROUP_A_TREND_PULLBACK,TRAIN,VOL_STATE,COMPRESSION,COMPRESSION,2,-0.5399443462421103
GROUP_A_TREND_PULLBACK#1,GROUP_A_TREND_PULLBACK,TRAIN,VOL_STATE,COMPRESSION,FAILED_BREAKOUT,1,-1.0093941321566515
GROUP_A_TREND_PULLBACK#1,GROUP_A_TREND_PULLBACK,TRAIN,VOL_STATE,COMPRESSION,REVERSAL_CONTEXT,3,-1.0065070775889744
GROUP_A_TREND_PULLBACK#1,GROUP_A_TREND_PULLBACK,TRAIN,VOL_STATE,EXPANSION,PULLBACK,21,-0.028131469540522442
GROUP_A_TREND_PULLBACK#1,GROUP_A_TREND_PULLBACK,TRAIN,VOL_STATE,EXPANSION,COMPRESSION,6,0.022989581542941506
GROUP_A_TREND_PULLBACK#1,GROUP_A_TREND_PULLBACK,TRAIN,VOL_STATE,EXPANSION,RANGE_EXTREME,1,0.8133506884053342
GROUP_A_TREND_PULLBACK#1,GROUP_A_TREND_PULLBACK,TRAIN,VOL_STATE,EXPANSION,MOMENTUM_CONTINUATION,1,-0.23366817713574115
GROUP_A_TREND_PULLBACK#1,GROUP_A_TREND_PULLBACK,TRAIN,VOL_STATE,EXPANSION,REVERSAL_CONTEXT,5,-0.2510381782163307
GROUP_A_TREND_PULLBACK#1,GROUP_A_TREND_PULLBACK,VALIDATION,DIRECTION,DOWN,PULLBACK,3,-1.007011933953388
GROUP_A_TREND_PULLBACK#1,GROUP_A_TREND_PULLBACK,VALIDATION,DIRECTION,DOWN,REVERSAL_CONTEXT,2,-1.0072914581109453
GROUP_A_TREND_PULLBACK#1,GROUP_A_TREND_PULLBACK,VALIDATION,DIRECTION,UP,PULLBACK,9,-0.5947687082303318
GROUP_A_TREND_PULLBACK#1,GROUP_A_TREND_PULLBACK,VALIDATION,DIRECTION,UP,COMPRESSION,1,-1.0168963769340322
GROUP_A_TREND_PULLBACK#1,GROUP_A_TREND_PULLBACK,VALIDATION,DIRECTION,UP,FAILED_BREAKOUT,1,-1.0055351983261562
GROUP_A_TREND_PULLBACK#1,GROUP_A_TREND_PULLBACK,VALIDATION,DIRECTION,UP,REVERSAL_CONTEXT,3,-1.0118283311924967
GROUP_A_TREND_PULLBACK#1,GROUP_A_TREND_PULLBACK,VALIDATION,TREND_STRENGTH,TRENDING,PULLBACK,12,-0.697829514661096
GROUP_A_TREND_PULLBACK#1,GROUP_A_TREND_PULLBACK,VALIDATION,TREND_STRENGTH,TRENDING,COMPRESSION,1,-1.0168963769340322
GROUP_A_TREND_PULLBACK#1,GROUP_A_TREND_PULLBACK,VALIDATION,TREND_STRENGTH,TRENDING,FAILED_BREAKOUT,1,-1.0055351983261562
GROUP_A_TREND_PULLBACK#1,GROUP_A_TREND_PULLBACK,VALIDATION,TREND_STRENGTH,TRENDING,REVERSAL_CONTEXT,5,-1.0100135819598761
GROUP_A_TREND_PULLBACK#1,GROUP_A_TREND_PULLBACK,VALIDATION,VOLATILITY,LOW,PULLBACK,3,-0.34756420637646196
GROUP_A_TREND_PULLBACK#1,GROUP_A_TREND_PULLBACK,VALIDATION,VOLATILITY,LOW,FAILED_BREAKOUT,1,-1.0055351983261562
GROUP_A_TREND_PULLBACK#1,GROUP_A_TREND_PULLBACK,VALIDATION,VOLATILITY,LOW,REVERSAL_CONTEXT,1,-1.0055351983261562
GROUP_A_TREND_PULLBACK#1,GROUP_A_TREND_PULLBACK,VALIDATION,VOLATILITY,NORMAL,PULLBACK,6,-0.7187008747198421
GROUP_A_TREND_PULLBACK#1,GROUP_A_TREND_PULLBACK,VALIDATION,VOLATILITY,NORMAL,COMPRESSION,1,-1.0168963769340322
GROUP_A_TREND_PULLBACK#1,GROUP_A_TREND_PULLBACK,VALIDATION,VOLATILITY,NORMAL,REVERSAL_CONTEXT,2,-1.014974897625667
GROUP_A_TREND_PULLBACK#1,GROUP_A_TREND_PULLBACK,VALIDATION,VOLATILITY,HIGH,PULLBACK,3,-1.0063521028282372
GROUP_A_TREND_PULLBACK#1,GROUP_A_TREND_PULLBACK,VALIDATION,VOLATILITY,HIGH,REVERSAL_CONTEXT,2,-1.0072914581109453
GROUP_A_TREND_PULLBACK#1,GROUP_A_TREND_PULLBACK,VALIDATION,VOL_STATE,COMPRESSION,PULLBACK,3,-0.3459200803621641
GROUP_A_TREND_PULLBACK#1,GROUP_A_TREND_PULLBACK,VALIDATION,VOL_STATE,COMPRESSION,FAILED_BREAKOUT,1,-1.0055351983261562
GROUP_A_TREND_PULLBACK#1,GROUP_A_TREND_PULLBACK,VALIDATION,VOL_STATE,COMPRESSION,REVERSAL_CONTEXT,1,-1.0055351983261562
GROUP_A_TREND_PULLBACK#1,GROUP_A_TREND_PULLBACK,VALIDATION,VOL_STATE,EXPANSION,PULLBACK,9,-0.8151326594274064
GROUP_A_TREND_PULLBACK#1,GROUP_A_TREND_PULLBACK,VALIDATION,VOL_STATE,EXPANSION,COMPRESSION,1,-1.0168963769340322
GROUP_A_TREND_PULLBACK#1,GROUP_A_TREND_PULLBACK,VALIDATION,VOL_STATE,EXPANSION,REVERSAL_CONTEXT,4,-1.0111331778683061
OPENING_RANGE_BREAKOUT_RETEST#0,OPENING_RANGE_BREAKOUT_RETEST,TRAIN,DIRECTION,UNDEFINED,RANGE_EXTREME,1,-1.0179051029543424
OPENING_RANGE_BREAKOUT_RETEST#0,OPENING_RANGE_BREAKOUT_RETEST,TRAIN,DIRECTION,UNDEFINED,RETEST,1,-1.0179051029543424
OPENING_RANGE_BREAKOUT_RETEST#0,OPENING_RANGE_BREAKOUT_RETEST,TRAIN,DIRECTION,DOWN,TREND_CONTINUATION,29,-0.040474498556488894
OPENING_RANGE_BREAKOUT_RETEST#0,OPENING_RANGE_BREAKOUT_RETEST,TRAIN,DIRECTION,DOWN,PULLBACK,3,-1.0124982394346853
OPENING_RANGE_BREAKOUT_RETEST#0,OPENING_RANGE_BREAKOUT_RETEST,TRAIN,DIRECTION,DOWN,CONSOLIDATION,2,-1.0167167355948519
OPENING_RANGE_BREAKOUT_RETEST#0,OPENING_RANGE_BREAKOUT_RETEST,TRAIN,DIRECTION,DOWN,COMPRESSION,3,-0.01436472587239838
OPENING_RANGE_BREAKOUT_RETEST#0,OPENING_RANGE_BREAKOUT_RETEST,TRAIN,DIRECTION,DOWN,RANGE_EXTREME,29,-0.352758315899276
OPENING_RANGE_BREAKOUT_RETEST#0,OPENING_RANGE_BREAKOUT_RETEST,TRAIN,DIRECTION,DOWN,BREAKOUT_SETUP,3,0.9949552276453524
OPENING_RANGE_BREAKOUT_RETEST#0,OPENING_RANGE_BREAKOUT_RETEST,TRAIN,DIRECTION,DOWN,RETEST,6,0.996548927445024
OPENING_RANGE_BREAKOUT_RETEST#0,OPENING_RANGE_BREAKOUT_RETEST,TRAIN,DIRECTION,DOWN,FAILED_BREAKOUT,3,-0.007710798922303086
OPENING_RANGE_BREAKOUT_RETEST#0,OPENING_RANGE_BREAKOUT_RETEST,TRAIN,DIRECTION,DOWN,MOMENTUM_CONTINUATION,26,-0.04434945740210287
OPENING_RANGE_BREAKOUT_RETEST#0,OPENING_RANGE_BREAKOUT_RETEST,TRAIN,DIRECTION,DOWN,REVERSAL_CONTEXT,7,-0.5806602102143607
OPENING_RANGE_BREAKOUT_RETEST#0,OPENING_RANGE_BREAKOUT_RETEST,TRAIN,DIRECTION,NEUTRAL,TREND_CONTINUATION,18,-0.17672083914909079
OPENING_RANGE_BREAKOUT_RETEST#0,OPENING_RANGE_BREAKOUT_RETEST,TRAIN,DIRECTION,NEUTRAL,PULLBACK,2,-1.0133094576857955
OPENING_RANGE_BREAKOUT_RETEST#0,OPENING_RANGE_BREAKOUT_RETEST,TRAIN,DIRECTION,NEUTRAL,CONSOLIDATION,4,0.49006581064572563
OPENING_RANGE_BREAKOUT_RETEST#0,OPENING_RANGE_BREAKOUT_RETEST,TRAIN,DIRECTION,NEUTRAL,COMPRESSION,7,0.27453186392978485
OPENING_RANGE_BREAKOUT_RETEST#0,OPENING_RANGE_BREAKOUT_RETEST,TRAIN,DIRECTION,NEUTRAL,RANGE_EXTREME,19,-0.06264640036006758
OPENING_RANGE_BREAKOUT_RETEST#0,OPENING_RANGE_BREAKOUT_RETEST,TRAIN,DIRECTION,NEUTRAL,BREAKOUT_SETUP,1,-1.0170386777986022
OPENING_RANGE_BREAKOUT_RETEST#0,OPENING_RANGE_BREAKOUT_RETEST,TRAIN,DIRECTION,NEUTRAL,RETEST,7,-0.5828677259706451
OPENING_RANGE_BREAKOUT_RETEST#0,OPENING_RANGE_BREAKOUT_RETEST,TRAIN,DIRECTION,NEUTRAL,FAILED_BREAKOUT,4,0.4948153530826853
OPENING_RANGE_BREAKOUT_RETEST#0,OPENING_RANGE_BREAKOUT_RETEST,TRAIN,DIRECTION,NEUTRAL,MOMENTUM_CONTINUATION,13,-0.08486193350284862
OPENING_RANGE_BREAKOUT_RETEST#0,OPENING_RANGE_BREAKOUT_RETEST,TRAIN,DIRECTION,NEUTRAL,REVERSAL_CONTEXT,6,-0.00789291717347503
OPENING_RANGE_BREAKOUT_RETEST#0,OPENING_RANGE_BREAKOUT_RETEST,TRAIN,DIRECTION,UP,TREND_CONTINUATION,40,0.11521208422408155
OPENING_RANGE_BREAKOUT_RETEST#0,OPENING_RANGE_BREAKOUT_RETEST,TRAIN,DIRECTION,UP,PULLBACK,4,2.0
OPENING_RANGE_BREAKOUT_RETEST#0,OPENING_RANGE_BREAKOUT_RETEST,TRAIN,DIRECTION,UP,CONSOLIDATION,8,0.11428407501810808
OPENING_RANGE_BREAKOUT_RETEST#0,OPENING_RANGE_BREAKOUT_RETEST,TRAIN,DIRECTION,UP,COMPRESSION,2,-1.0207668681482125
OPENING_RANGE_BREAKOUT_RETEST#0,OPENING_RANGE_BREAKOUT_RETEST,TRAIN,DIRECTION,UP,RANGE_EXTREME,49,0.0005924195542133333
OPENING_RANGE_BREAKOUT_RETEST#0,OPENING_RANGE_BREAKOUT_RETEST,TRAIN,DIRECTION,UP,BREAKOUT_SETUP,2,-1.0113685679423812
OPENING_RANGE_BREAKOUT_RETEST#0,OPENING_RANGE_BREAKOUT_RETEST,TRAIN,DIRECTION,UP,RETEST,12,-0.010862246185809202
OPENING_RANGE_BREAKOUT_RETEST#0,OPENING_RANGE_BREAKOUT_RETEST,TRAIN,DIRECTION,UP,FAILED_BREAKOUT,3,-0.016422848954254537
OPENING_RANGE_BREAKOUT_RETEST#0,OPENING_RANGE_BREAKOUT_RETEST,TRAIN,DIRECTION,UP,MOMENTUM_CONTINUATION,33,0.26433142177798097
OPENING_RANGE_BREAKOUT_RETEST#0,OPENING_RANGE_BREAKOUT_RETEST,TRAIN,DIRECTION,UP,REVERSAL_CONTEXT,10,0.6432295583923202
OPENING_RANGE_BREAKOUT_RETEST#0,OPENING_RANGE_BREAKOUT_RETEST,TRAIN,TREND_STRENGTH,UNDEFINED,RANGE_EXTREME,1,-1.0179051029543424
OPENING_RANGE_BREAKOUT_RETEST#0,OPENING_RANGE_BREAKOUT_RETEST,TRAIN,TREND_STRENGTH,UNDEFINED,RETEST,1,-1.0179051029543424
OPENING_RANGE_BREAKOUT_RETEST#0,OPENING_RANGE_BREAKOUT_RETEST,TRAIN,TREND_STRENGTH,WEAK,TREND_CONTINUATION,48,0.05326822649067542
OPENING_RANGE_BREAKOUT_RETEST#0,OPENING_RANGE_BREAKOUT_RETEST,TRAIN,TREND_STRENGTH,WEAK,PULLBACK,6,-0.5106856056126078
OPENING_RANGE_BREAKOUT_RETEST#0,OPENING_RANGE_BREAKOUT_RETEST,TRAIN,TREND_STRENGTH,WEAK,CONSOLIDATION,6,0.9972475607947401
OPENING_RANGE_BREAKOUT_RETEST#0,OPENING_RANGE_BREAKOUT_RETEST,TRAIN,TREND_STRENGTH,WEAK,COMPRESSION,8,0.11362870450720924
OPENING_RANGE_BREAKOUT_RETEST#0,OPENING_RANGE_BREAKOUT_RETEST,TRAIN,TREND_STRENGTH,WEAK,RANGE_EXTREME,53,-0.047422765462930214
OPENING_RANGE_BREAKOUT_RETEST#0,OPENING_RANGE_BREAKOUT_RETEST,TRAIN,TREND_STRENGTH,WEAK,BREAKOUT_SETUP,1,-1.0170386777986022
OPENING_RANGE_BREAKOUT_RETEST#0,OPENING_RANGE_BREAKOUT_RETEST,TRAIN,TREND_STRENGTH,WEAK,RETEST,13,0.1437204189549982
OPENING_RANGE_BREAKOUT_RETEST#0,OPENING_RANGE_BREAKOUT_RETEST,TRAIN,TREND_STRENGTH,WEAK,FAILED_BREAKOUT,8,0.11441867913092732
OPENING_RANGE_BREAKOUT_RETEST#0,OPENING_RANGE_BREAKOUT_RETEST,TRAIN,TREND_STRENGTH,WEAK,MOMENTUM_CONTINUATION,39,0.14572527534710902
OPENING_RANGE_BREAKOUT_RETEST#0,OPENING_RANGE_BREAKOUT_RETEST,TRAIN,TREND_STRENGTH,WEAK,REVERSAL_CONTEXT,16,-0.07281439787434327
OPENING_RANGE_BREAKOUT_RETEST#0,OPENING_RANGE_BREAKOUT_RETEST,TRAIN,TREND_STRENGTH,TRENDING,TREND_CONTINUATION,39,-0.0590545401387428
OPENING_RANGE_BREAKOUT_RETEST#0,OPENING_RANGE_BREAKOUT_RETEST,TRAIN,TREND_STRENGTH,TRENDING,PULLBACK,3,2.0
OPENING_RANGE_BREAKOUT_RETEST#0,OPENING_RANGE_BREAKOUT_RETEST,TRAIN,TREND_STRENGTH,TRENDING,CONSOLIDATION,8,-0.6427978741537972
OPENING_RANGE_BREAKOUT_RETEST#0,OPENING_RANGE_BREAKOUT_RETEST,TRAIN,TREND_STRENGTH,TRENDING,COMPRESSION,4,-0.2679836256156999
OPENING_RANGE_BREAKOUT_RETEST#0,OPENING_RANGE_BREAKOUT_RETEST,TRAIN,TREND_STRENGTH,TRENDING,RANGE_EXTREME,44,-0.2017690372779212
OPENING_RANGE_BREAKOUT_RETEST#0,OPENING_RANGE_BREAKOUT_RETEST,TRAIN,TREND_STRENGTH,TRENDING,BREAKOUT_SETUP,5,0.1924257094102589
OPENING_RANGE_BREAKOUT_RETEST#0,OPENING_RANGE_BREAKOUT_RETEST,TRAIN,TREND_STRENGTH,TRENDING,RETEST,12,-0.008291076480754963
OPENING_RANGE_BREAKOUT_RETEST#0,OPENING_RANGE_BREAKOUT_RETEST,TRAIN,TREND_STRENGTH,TRENDING,FAILED_BREAKOUT,2,0.4957555178268249
OPENING_RANGE_BREAKOUT_RETEST#0,OPENING_RANGE_BREAKOUT_RETEST,TRAIN,TREND_STRENGTH,TRENDING,MOMENTUM_CONTINUATION,33,0.02373818642861862
OPENING_RANGE_BREAKOUT_RETEST#0,OPENING_RANGE_BREAKOUT_RETEST,TRAIN,TREND_STRENGTH,TRENDING,REVERSAL_CONTEXT,7,0.49790671076733123
OPENING_RANGE_BREAKOUT_RETEST#0,OPENING_RANGE_BREAKOUT_RETEST,TRAIN,VOLATILITY,UNDEFINED,RANGE_EXTREME,1,-1.0179051029543424
OPENING_RANGE_BREAKOUT_RETEST#0,OPENING_RANGE_BREAKOUT_RETEST,TRAIN,VOLATILITY,UNDEFINED,RETEST,1,-1.0179051029543424
OPENING_RANGE_BREAKOUT_RETEST#0,OPENING_RANGE_BREAKOUT_RETEST,TRAIN,VOLATILITY,LOW,TREND_CONTINUATION,29,-0.1850818451616947
OPENING_RANGE_BREAKOUT_RETEST#0,OPENING_RANGE_BREAKOUT_RETEST,TRAIN,VOLATILITY,LOW,PULLBACK,2,2.0
OPENING_RANGE_BREAKOUT_RETEST#0,OPENING_RANGE_BREAKOUT_RETEST,TRAIN,VOLATILITY,LOW,CONSOLIDATION,8,0.11014676501176579
OPENING_RANGE_BREAKOUT_RETEST#0,OPENING_RANGE_BREAKOUT_RETEST,TRAIN,VOLATILITY,LOW,COMPRESSION,6,-0.01660437523816523
OPENING_RANGE_BREAKOUT_RETEST#0,OPENING_RANGE_BREAKOUT_RETEST,TRAIN,VOLATILITY,LOW,RANGE_EXTREME,39,-0.049801425575952706
OPENING_RANGE_BREAKOUT_RETEST#0,OPENING_RANGE_BREAKOUT_RETEST,TRAIN,VOLATILITY,LOW,BREAKOUT_SETUP,2,0.4928987359750039
OPENING_RANGE_BREAKOUT_RETEST#0,OPENING_RANGE_BREAKOUT_RETEST,TRAIN,VOLATILITY,LOW,RETEST,9,-0.3469994091258843
OPENING_RANGE_BREAKOUT_RETEST#0,OPENING_RANGE_BREAKOUT_RETEST,TRAIN,VOLATILITY,LOW,FAILED_BREAKOUT,2,-1.0223496741091944
OPENING_RANGE_BREAKOUT_RETEST#0,OPENING_RANGE_BREAKOUT_RETEST,TRAIN,VOLATILITY,LOW,MOMENTUM_CONTINUATION,24,-0.010400458505293067
OPENING_RANGE_BREAKOUT_RETEST#0,OPENING_RANGE_BREAKOUT_RETEST,TRAIN,VOLATILITY,LOW,REVERSAL_CONTEXT,5,-0.10903121464793766
OPENING_RANGE_BREAKOUT_RETEST#0,OPENING_RANGE_BREAKOUT_RETEST,TRAIN,VOLATILITY,NORMAL,TREND_CONTINUATION,34,-0.1838642583387728
OPENING_RANGE_BREAKOUT_RETEST#0,OPENING_RANGE_BREAKOUT_RETEST,TRAIN,VOLATILITY,NORMAL,PULLBACK,5,-0.4106212958050248
OPENING_RANGE_BREAKOUT_RETEST#0,OPENING_RANGE_BREAKOUT_RETEST,TRAIN,VOLATILITY,NORMAL,CONSOLIDATION,5,0.1932829616110721
OPENING_RANGE_BREAKOUT_RETEST#0,OPENING_RANGE_BREAKOUT_RETEST,TRAIN,VOLATILITY,NORMAL,COMPRESSION,4,-0.26178283798430496
OPENING_RANGE_BREAKOUT_RETEST#0,OPENING_RANGE_BREAKOUT_RETEST,TRAIN,VOLATILITY,NORMAL,RANGE_EXTREME,39,-0.36769596735507476
OPENING_RANGE_BREAKOUT_RETEST#0,OPENING_RANGE_BREAKOUT_RETEST,TRAIN,VOLATILITY,NORMAL,BREAKOUT_SETUP,3,-0.007889641632904398
OPENING_RANGE_BREAKOUT_RETEST#0,OPENING_RANGE_BREAKOUT_RETEST,TRAIN,VOLATILITY,NORMAL,RETEST,6,-0.5092534284588665
OPENING_RANGE_BREAKOUT_RETEST#0,OPENING_RANGE_BREAKOUT_RETEST,TRAIN,VOLATILITY,NORMAL,FAILED_BREAKOUT,5,0.19200975625316147
OPENING_RANGE_BREAKOUT_RETEST#0,OPENING_RANGE_BREAKOUT_RETEST,TRAIN,VOLATILITY,NORMAL,MOMENTUM_CONTINUATION,28,-0.11351684932675256
OPENING_RANGE_BREAKOUT_RETEST#0,OPENING_RANGE_BREAKOUT_RETEST,TRAIN,VOLATILITY,NORMAL,REVERSAL_CONTEXT,12,-0.008981586738729211
OPENING_RANGE_BREAKOUT_RETEST#0,OPENING_RANGE_BREAKOUT_RETEST,TRAIN,VOLATILITY,HIGH,TREND_CONTINUATION,24,0.4946877541395363
OPENING_RANGE_BREAKOUT_RETEST#0,OPENING_RANGE_BREAKOUT_RETEST,TRAIN,VOLATILITY,HIGH,PULLBACK,2,0.4944964226747385
OPENING_RANGE_BREAKOUT_RETEST#0,OPENING_RANGE_BREAKOUT_RETEST,TRAIN,VOLATILITY,HIGH,CONSOLIDATION,1,-1.0064865566114232
OPENING_RANGE_BREAKOUT_RETEST#0,OPENING_RANGE_BREAKOUT_RETEST,TRAIN,VOLATILITY,HIGH,COMPRESSION,2,0.4919263684805426
OPENING_RANGE_BREAKOUT_RETEST#0,OPENING_RANGE_BREAKOUT_RETEST,TRAIN,VOLATILITY,HIGH,RANGE_EXTREME,19,0.257429163923486
OPENING_RANGE_BREAKOUT_RETEST#0,OPENING_RANGE_BREAKOUT_RETEST,TRAIN,VOLATILITY,HIGH,BREAKOUT_SETUP,1,-1.0170386777986022
OPENING_RANGE_BREAKOUT_RETEST#0,OPENING_RANGE_BREAKOUT_RETEST,TRAIN,VOLATILITY,HIGH,RETEST,10,0.7947387781532074
OPENING_RANGE_BREAKOUT_RETEST#0,OPENING_RANGE_BREAKOUT_RETEST,TRAIN,VOLATILITY,HIGH,FAILED_BREAKOUT,3,0.9971703452178833
OPENING_RANGE_BREAKOUT_RETEST#0,OPENING_RANGE_BREAKOUT_RETEST,TRAIN,VOLATILITY,HIGH,MOMENTUM_CONTINUATION,20,0.4947364337978885
OPENING_RANGE_BREAKOUT_RETEST#0,OPENING_RANGE_BREAKOUT_RETEST,TRAIN,VOLATILITY,HIGH,REVERSAL_CONTEXT,6,0.49554195391437755
OPENING_RANGE_BREAKOUT_RETEST#0,OPENING_RANGE_BREAKOUT_RETEST,TRAIN,VOL_STATE,UNDEFINED,RANGE_EXTREME,1,-1.0179051029543424
OPENING_RANGE_BREAKOUT_RETEST#0,OPENING_RANGE_BREAKOUT_RETEST,TRAIN,VOL_STATE,UNDEFINED,RETEST,1,-1.0179051029543424
OPENING_RANGE_BREAKOUT_RETEST#0,OPENING_RANGE_BREAKOUT_RETEST,TRAIN,VOL_STATE,COMPRESSION,TREND_CONTINUATION,9,-0.6804495521664456
OPENING_RANGE_BREAKOUT_RETEST#0,OPENING_RANGE_BREAKOUT_RETEST,TRAIN,VOL_STATE,COMPRESSION,CONSOLIDATION,1,-1.0070241983633614
OPENING_RANGE_BREAKOUT_RETEST#0,OPENING_RANGE_BREAKOUT_RETEST,TRAIN,VOL_STATE,COMPRESSION,RANGE_EXTREME,11,-0.8749672156496764
OPENING_RANGE_BREAKOUT_RETEST#0,OPENING_RANGE_BREAKOUT_RETEST,TRAIN,VOL_STATE,COMPRESSION,RETEST,5,-0.4133925615752533
OPENING_RANGE_BREAKOUT_RETEST#0,OPENING_RANGE_BREAKOUT_RETEST,TRAIN,VOL_STATE,COMPRESSION,MOMENTUM_CONTINUATION,9,-0.6804495521664456
OPENING_RANGE_BREAKOUT_RETEST#0,OPENING_RANGE_BREAKOUT_RETEST,TRAIN,VOL_STATE,COMPRESSION,REVERSAL_CONTEXT,2,1.2616003576218309
OPENING_RANGE_BREAKOUT_RETEST#0,OPENING_RANGE_BREAKOUT_RETEST,TRAIN,VOL_STATE,EXPANSION,TREND_CONTINUATION,78,0.08176658686717256
OPENING_RANGE_BREAKOUT_RETEST#0,OPENING_RANGE_BREAKOUT_RETEST,TRAIN,VOL_STATE,EXPANSION,PULLBACK,9,0.32620959625826146
OPENING_RANGE_BREAKOUT_RETEST#0,OPENING_RANGE_BREAKOUT_RETEST,TRAIN,VOL_STATE,EXPANSION,CONSOLIDATION,13,0.14216358230010964
OPENING_RANGE_BREAKOUT_RETEST#0,OPENING_RANGE_BREAKOUT_RETEST,TRAIN,VOL_STATE,EXPANSION,COMPRESSION,12,-0.013575405533760502
OPENING_RANGE_BREAKOUT_RETEST#0,OPENING_RANGE_BREAKOUT_RETEST,TRAIN,VOL_STATE,EXPANSION,RANGE_EXTREME,86,-0.020541916716481368
OPENING_RANGE_BREAKOUT_RETEST#0,OPENING_RANGE_BREAKOUT_RETEST,TRAIN,VOL_STATE,EXPANSION,BREAKOUT_SETUP,6,-0.00915168845788461
OPENING_RANGE_BREAKOUT_RETEST#0,OPENING_RANGE_BREAKOUT_RETEST,TRAIN,VOL_STATE,EXPANSION,RETEST,20,0.19179176682610918
OPENING_RANGE_BREAKOUT_RETEST#0,OPENING_RANGE_BREAKOUT_RETEST,TRAIN,VOL_STATE,EXPANSION,FAILED_BREAKOUT,10,0.19068604687010682
OPENING_RANGE_BREAKOUT_RETEST#0,OPENING_RANGE_BREAKOUT_RETEST,TRAIN,VOL_STATE,EXPANSION,MOMENTUM_CONTINUATION,63,0.19985225174888369
OPENING_RANGE_BREAKOUT_RETEST#0,OPENING_RANGE_BREAKOUT_RETEST,TRAIN,VOL_STATE,EXPANSION,REVERSAL_CONTEXT,21,-0.009661147898182574
OPENING_RANGE_BREAKOUT_RETEST#0,OPENING_RANGE_BREAKOUT_RETEST,VALIDATION,DIRECTION,DOWN,TREND_CONTINUATION,14,0.7082542360974815
OPENING_RANGE_BREAKOUT_RETEST#0,OPENING_RANGE_BREAKOUT_RETEST,VALIDATION,DIRECTION,DOWN,PULLBACK,1,-1.0148665725117076
OPENING_RANGE_BREAKOUT_RETEST#0,OPENING_RANGE_BREAKOUT_RETEST,VALIDATION,DIRECTION,DOWN,CONSOLIDATION,4,0.4921726304432694
OPENING_RANGE_BREAKOUT_RETEST#0,OPENING_RANGE_BREAKOUT_RETEST,VALIDATION,DIRECTION,DOWN,COMPRESSION,2,0.4798224374495551
OPENING_RANGE_BREAKOUT_RETEST#0,OPENING_RANGE_BREAKOUT_RETEST,VALIDATION,DIRECTION,DOWN,RANGE_EXTREME,13,0.37794011856709775
OPENING_RANGE_BREAKOUT_RETEST#0,OPENING_RANGE_BREAKOUT_RETEST,VALIDATION,DIRECTION,DOWN,BREAKOUT_SETUP,1,-1.0064428838348045
OPENING_RANGE_BREAKOUT_RETEST#0,OPENING_RANGE_BREAKOUT_RETEST,VALIDATION,DIRECTION,DOWN,RETEST,2,0.49418874941887503
OPENING_RANGE_BREAKOUT_RETEST#0,OPENING_RANGE_BREAKOUT_RETEST,VALIDATION,DIRECTION,DOWN,FAILED_BREAKOUT,3,0.9942489072923855
OPENING_RANGE_BREAKOUT_RETEST#0,OPENING_RANGE_BREAKOUT_RETEST,VALIDATION,DIRECTION,DOWN,MOMENTUM_CONTINUATION,12,0.7444010486239655
OPENING_RANGE_BREAKOUT_RETEST#0,OPENING_RANGE_BREAKOUT_RETEST,VALIDATION,DIRECTION,DOWN,REVERSAL_CONTEXT,4,0.49197003734136213
OPENING_RANGE_BREAKOUT_RETEST#0,OPENING_RANGE_BREAKOUT_RETEST,VALIDATION,DIRECTION,NEUTRAL,TREND_CONTINUATION,9,0.32318916269566356
OPENING_RANGE_BREAKOUT_RETEST#0,OPENING_RANGE_BREAKOUT_RETEST,VALIDATION,DIRECTION,NEUTRAL,PULLBACK,3,-1.0214183361642697
OPENING_RANGE_BREAKOUT_RETEST#0,OPENING_RANGE_BREAKOUT_RETEST,VALIDATION,DIRECTION,NEUTRAL,CONSOLIDATION,2,0.48985801217038605
OPENING_RANGE_BREAKOUT_RETEST#0,OPENING_RANGE_BREAKOUT_RETEST,VALIDATION,DIRECTION,NEUTRAL,COMPRESSION,2,0.4931861542654672
OPENING_RANGE_BREAKOUT_RETEST#0,OPENING_RANGE_BREAKOUT_RETEST,VALIDATION,DIRECTION,NEUTRAL,RANGE_EXTREME,7,0.7070585425390549
OPENING_RANGE_BREAKOUT_RETEST#0,OPENING_RANGE_BREAKOUT_RETEST,VALIDATION,DIRECTION,NEUTRAL,BREAKOUT_SETUP,1,-1.020283975659228
OPENING_RANGE_BREAKOUT_RETEST#0,OPENING_RANGE_BREAKOUT_RETEST,VALIDATION,DIRECTION,NEUTRAL,RETEST,4,-0.26482398380520333
OPENING_RANGE_BREAKOUT_RETEST#0,OPENING_RANGE_BREAKOUT_RETEST,VALIDATION,DIRECTION,NEUTRAL,FAILED_BREAKOUT,1,2.0
OPENING_RANGE_BREAKOUT_RETEST#0,OPENING_RANGE_BREAKOUT_RETEST,VALIDATION,DIRECTION,NEUTRAL,MOMENTUM_CONTINUATION,6,0.49011734412986446
OPENING_RANGE_BREAKOUT_RETEST#0,OPENING_RANGE_BREAKOUT_RETEST,VALIDATION,DIRECTION,NEUTRAL,REVERSAL_CONTEXT,1,2.0
OPENING_RANGE_BREAKOUT_RETEST#0,OPENING_RANGE_BREAKOUT_RETEST,VALIDATION,DIRECTION,UP,TREND_CONTINUATION,19,-0.3809412976109236
OPENING_RANGE_BREAKOUT_RETEST#0,OPENING_RANGE_BREAKOUT_RETEST,VALIDATION,DIRECTION,UP,PULLBACK,1,2.0
OPENING_RANGE_BREAKOUT_RETEST#0,OPENING_RANGE_BREAKOUT_RETEST,VALIDATION,DIRECTION,UP,CONSOLIDATION,2,0.49181870244620773
OPENING_RANGE_BREAKOUT_RETEST#0,OPENING_RANGE_BREAKOUT_RETEST,VALIDATION,DIRECTION,UP,RANGE_EXTREME,19,-0.5390391892098394
OPENING_RANGE_BREAKOUT_RETEST#0,OPENING_RANGE_BREAKOUT_RETEST,VALIDATION,DIRECTION,UP,RETEST,6,-0.5107663304636315
OPENING_RANGE_BREAKOUT_RETEST#0,OPENING_RANGE_BREAKOUT_RETEST,VALIDATION,DIRECTION,UP,FAILED_BREAKOUT,1,-1.0122346607940282
OPENING_RANGE_BREAKOUT_RETEST#0,OPENING_RANGE_BREAKOUT_RETEST,VALIDATION,DIRECTION,UP,MOMENTUM_CONTINUATION,11,-0.7419257191387122
OPENING_RANGE_BREAKOUT_RETEST#0,OPENING_RANGE_BREAKOUT_RETEST,VALIDATION,DIRECTION,UP,REVERSAL_CONTEXT,6,-0.009818124203130663
OPENING_RANGE_BREAKOUT_RETEST#0,OPENING_RANGE_BREAKOUT_RETEST,VALIDATION,TREND_STRENGTH,WEAK,TREND_CONTINUATION,24,0.36590803904712205
OPENING_RANGE_BREAKOUT_RETEST#0,OPENING_RANGE_BREAKOUT_RETEST,VALIDATION,TREND_STRENGTH,WEAK,PULLBACK,3,-0.012175764880939374
OPENING_RANGE_BREAKOUT_RETEST#0,OPENING_RANGE_BREAKOUT_RETEST,VALIDATION,TREND_STRENGTH,WEAK,CONSOLIDATION,7,0.27600627871518074
OPENING_RANGE_BREAKOUT_RETEST#0,OPENING_RANGE_BREAKOUT_RETEST,VALIDATION,TREND_STRENGTH,WEAK,COMPRESSION,4,0.4865042958575112
OPENING_RANGE_BREAKOUT_RETEST#0,OPENING_RANGE_BREAKOUT_RETEST,VALIDATION,TREND_STRENGTH,WEAK,RANGE_EXTREME,23,0.2964114624590945
OPENING_RANGE_BREAKOUT_RETEST#0,OPENING_RANGE_BREAKOUT_RETEST,VALIDATION,TREND_STRENGTH,WEAK,BREAKOUT_SETUP,1,-1.020283975659228
OPENING_RANGE_BREAKOUT_RETEST#0,OPENING_RANGE_BREAKOUT_RETEST,VALIDATION,TREND_STRENGTH,WEAK,RETEST,7,-0.5846364465662983
OPENING_RANGE_BREAKOUT_RETEST#0,OPENING_RANGE_BREAKOUT_RETEST,VALIDATION,TREND_STRENGTH,WEAK,FAILED_BREAKOUT,2,0.4913733609385782
OPENING_RANGE_BREAKOUT_RETEST#0,OPENING_RANGE_BREAKOUT_RETEST,VALIDATION,TREND_STRENGTH,WEAK,MOMENTUM_CONTINUATION,17,0.22522072762481088
OPENING_RANGE_BREAKOUT_RETEST#0,OPENING_RANGE_BREAKOUT_RETEST,VALIDATION,TREND_STRENGTH,WEAK,REVERSAL_CONTEXT,5,0.1909306181630926
OPENING_RANGE_BREAKOUT_RETEST#0,OPENING_RANGE_BREAKOUT_RETEST,VALIDATION,TREND_STRENGTH,TRENDING,TREND_CONTINUATION,18,-0.1775231012284869
OPENING_RANGE_BREAKOUT_RETEST#0,OPENING_RANGE_BREAKOUT_RETEST,VALIDATION,TREND_STRENGTH,TRENDING,PULLBACK,2,-1.0212971431808495
OPENING_RANGE_BREAKOUT_RETEST#0,OPENING_RANGE_BREAKOUT_RETEST,VALIDATION,TREND_STRENGTH,TRENDING,CONSOLIDATION,1,2.0
OPENING_RANGE_BREAKOUT_RETEST#0,OPENING_RANGE_BREAKOUT_RETEST,VALIDATION,TREND_STRENGTH,TRENDING,RANGE_EXTREME,16,-0.4497860557750294
OPENING_RANGE_BREAKOUT_RETEST#0,OPENING_RANGE_BREAKOUT_RETEST,VALIDATION,TREND_STRENGTH,TRENDING,BREAKOUT_SETUP,1,-1.0064428838348045
OPENING_RANGE_BREAKOUT_RETEST#0,OPENING_RANGE_BREAKOUT_RETEST,VALIDATION,TREND_STRENGTH,TRENDING,RETEST,5,0.1913877413598472
OPENING_RANGE_BREAKOUT_RETEST#0,OPENING_RANGE_BREAKOUT_RETEST,VALIDATION,TREND_STRENGTH,TRENDING,FAILED_BREAKOUT,3,0.9959217797353239
OPENING_RANGE_BREAKOUT_RETEST#0,OPENING_RANGE_BREAKOUT_RETEST,VALIDATION,TREND_STRENGTH,TRENDING,MOMENTUM_CONTINUATION,12,-0.009701552656737444
OPENING_RANGE_BREAKOUT_RETEST#0,OPENING_RANGE_BREAKOUT_RETEST,VALIDATION,TREND_STRENGTH,TRENDING,REVERSAL_CONTEXT,6,0.4923863855552002
OPENING_RANGE_BREAKOUT_RETEST#0,OPENING_RANGE_BREAKOUT_RETEST,VALIDATION,VOLATILITY,LOW,TREND_CONTINUATION,12,0.23824724547850637
OPENING_RANGE_BREAKOUT_RETEST#0,OPENING_RANGE_BREAKOUT_RETEST,VALIDATION,VOLATILITY,LOW,PULLBACK,3,-0.014198095453899606
OPENING_RANGE_BREAKOUT_RETEST#0,OPENING_RANGE_BREAKOUT_RETEST,VALIDATION,VOLATILITY,LOW,CONSOLIDATION,4,0.49000726181902493
OPENING_RANGE_BREAKOUT_RETEST#0,OPENING_RANGE_BREAKOUT_RETEST,VALIDATION,VOLATILITY,LOW,COMPRESSION,2,2.0
OPENING_RANGE_BREAKOUT_RETEST#0,OPENING_RANGE_BREAKOUT_RETEST,VALIDATION,VOLATILITY,LOW,RANGE_EXTREME,13,-0.08945242493433479
OPENING_RANGE_BREAKOUT_RETEST#0,OPENING_RANGE_BREAKOUT_RETEST,VALIDATION,VOLATILITY,LOW,BREAKOUT_SETUP,1,-1.020283975659228
OPENING_RANGE_BREAKOUT_RETEST#0,OPENING_RANGE_BREAKOUT_RETEST,VALIDATION,VOLATILITY,LOW,RETEST,4,-0.2610407349600878
OPENING_RANGE_BREAKOUT_RETEST#0,OPENING_RANGE_BREAKOUT_RETEST,VALIDATION,VOLATILITY,LOW,FAILED_BREAKOUT,1,2.0
OPENING_RANGE_BREAKOUT_RETEST#0,OPENING_RANGE_BREAKOUT_RETEST,VALIDATION,VOLATILITY,LOW,MOMENTUM_CONTINUATION,8,0.11358364694915402
OPENING_RANGE_BREAKOUT_RETEST#0,OPENING_RANGE_BREAKOUT_RETEST,VALIDATION,VOLATILITY,LOW,REVERSAL_CONTEXT,5,0.7933105948250458
OPENING_RANGE_BREAKOUT_RETEST#0,OPENING_RANGE_BREAKOUT_RETEST,VALIDATION,VOLATILITY,NORMAL,TREND_CONTINUATION,19,0.09605363240527402
OPENING_RANGE_BREAKOUT_RETEST#0,OPENING_RANGE_BREAKOUT_RETEST,VALIDATION,VOLATILITY,NORMAL,PULLBACK,2,-1.018263647321409
OPENING_RANGE_BREAKOUT_RETEST#0,OPENING_RANGE_BREAKOUT_RETEST,VALIDATION,VOLATILITY,NORMAL,CONSOLIDATION,1,-1.0163625951075845
OPENING_RANGE_BREAKOUT_RETEST#0,OPENING_RANGE_BREAKOUT_RETEST,VALIDATION,VOLATILITY,NORMAL,COMPRESSION,2,-1.0269914082849776
OPENING_RANGE_BREAKOUT_RETEST#0,OPENING_RANGE_BREAKOUT_RETEST,VALIDATION,VOLATILITY,NORMAL,RANGE_EXTREME,15,-0.20905841089291133
OPENING_RANGE_BREAKOUT_RETEST#0,OPENING_RANGE_BREAKOUT_RETEST,VALIDATION,VOLATILITY,NORMAL,RETEST,5,-0.4125156639000318
OPENING_RANGE_BREAKOUT_RETEST#0,OPENING_RANGE_BREAKOUT_RETEST,VALIDATION,VOLATILITY,NORMAL,FAILED_BREAKOUT,2,0.4938826696029859
OPENING_RANGE_BREAKOUT_RETEST#0,OPENING_RANGE_BREAKOUT_RETEST,VALIDATION,VOLATILITY,NORMAL,MOMENTUM_CONTINUATION,12,-0.010222943890279815
OPENING_RANGE_BREAKOUT_RETEST#0,OPENING_RANGE_BREAKOUT_RETEST,VALIDATION,VOLATILITY,NORMAL,REVERSAL_CONTEXT,3,-0.008969391700235288
OPENING_RANGE_BREAKOUT_RETEST#0,OPENING_RANGE_BREAKOUT_RETEST,VALIDATION,VOLATILITY,HIGH,TREND_CONTINUATION,11,0.08203555941598938
OPENING_RANGE_BREAKOUT_RETEST#0,OPENING_RANGE_BREAKOUT_RETEST,VALIDATION,VOLATILITY,HIGH,CONSOLIDATION,3,0.9961258329459167
OPENING_RANGE_BREAKOUT_RETEST#0,OPENING_RANGE_BREAKOUT_RETEST,VALIDATION,VOLATILITY,HIGH,RANGE_EXTREME,11,0.3563313119726115
OPENING_RANGE_BREAKOUT_RETEST#0,OPENING_RANGE_BREAKOUT_RETEST,VALIDATION,VOLATILITY,HIGH,BREAKOUT_SETUP,1,-1.0064428838348045
OPENING_RANGE_BREAKOUT_RETEST#0,OPENING_RANGE_BREAKOUT_RETEST,VALIDATION,VOLATILITY,HIGH,RETEST,3,-0.009591719941447252
OPENING_RANGE_BREAKOUT_RETEST#0,OPENING_RANGE_BREAKOUT_RETEST,VALIDATION,VOLATILITY,HIGH,FAILED_BREAKOUT,2,0.4913733609385782
OPENING_RANGE_BREAKOUT_RETEST#0,OPENING_RANGE_BREAKOUT_RETEST,VALIDATION,VOLATILITY,HIGH,MOMENTUM_CONTINUATION,9,0.3251488765367847
OPENING_RANGE_BREAKOUT_RETEST#0,OPENING_RANGE_BREAKOUT_RETEST,VALIDATION,VOLATILITY,HIGH,REVERSAL_CONTEXT,3,-0.010224464959286491
OPENING_RANGE_BREAKOUT_RETEST#0,OPENING_RANGE_BREAKOUT_RETEST,VALIDATION,VOL_STATE,COMPRESSION,TREND_CONTINUATION,5,-1.0141569483712307
OPENING_RANGE_BREAKOUT_RETEST#0,OPENING_RANGE_BREAKOUT_RETEST,VALIDATION,VOL_STATE,COMPRESSION,RANGE_EXTREME,5,-1.0159639163008152
OPENING_RANGE_BREAKOUT_RETEST#0,OPENING_RANGE_BREAKOUT_RETEST,VALIDATION,VOL_STATE,COMPRESSION,RETEST,1,-1.0158378207158696
OPENING_RANGE_BREAKOUT_RETEST#0,OPENING_RANGE_BREAKOUT_RETEST,VALIDATION,VOL_STATE,COMPRESSION,FAILED_BREAKOUT,1,-1.0172532781228436
OPENING_RANGE_BREAKOUT_RETEST#0,OPENING_RANGE_BREAKOUT_RETEST,VALIDATION,VOL_STATE,COMPRESSION,MOMENTUM_CONTINUATION,3,-1.0156120022003243
OPENING_RANGE_BREAKOUT_RETEST#0,OPENING_RANGE_BREAKOUT_RETEST,VALIDATION,VOL_STATE,COMPRESSION,REVERSAL_CONTEXT,3,-0.011944577161968617
OPENING_RANGE_BREAKOUT_RETEST#0,OPENING_RANGE_BREAKOUT_RETEST,VALIDATION,VOL_STATE,EXPANSION,TREND_CONTINUATION,37,0.28803140153714374
OPENING_RANGE_BREAKOUT_RETEST#0,OPENING_RANGE_BREAKOUT_RETEST,VALIDATION,VOL_STATE,EXPANSION,PULLBACK,5,-0.41582431620090343
OPENING_RANGE_BREAKOUT_RETEST#0,OPENING_RANGE_BREAKOUT_RETEST,VALIDATION,VOL_STATE,EXPANSION,CONSOLIDATION,8,0.49150549387578313
OPENING_RANGE_BREAKOUT_RETEST#0,OPENING_RANGE_BREAKOUT_RETEST,VALIDATION,VOL_STATE,EXPANSION,COMPRESSION,4,0.4865042958575112
OPENING_RANGE_BREAKOUT_RETEST#0,OPENING_RANGE_BREAKOUT_RETEST,VALIDATION,VOL_STATE,EXPANSION,RANGE_EXTREME,34,0.13825606840184648
OPENING_RANGE_BREAKOUT_RETEST#0,OPENING_RANGE_BREAKOUT_RETEST,VALIDATION,VOL_STATE,EXPANSION,BREAKOUT_SETUP,2,-1.0133634297470162
OPENING_RANGE_BREAKOUT_RETEST#0,OPENING_RANGE_BREAKOUT_RETEST,VALIDATION,VOL_STATE,EXPANSION,RETEST,11,-0.19269805440445298
OPENING_RANGE_BREAKOUT_RETEST#0,OPENING_RANGE_BREAKOUT_RETEST,VALIDATION,VOL_STATE,EXPANSION,FAILED_BREAKOUT,4,1.2469413348014928
OPENING_RANGE_BREAKOUT_RETEST#0,OPENING_RANGE_BREAKOUT_RETEST,VALIDATION,VOL_STATE,EXPANSION,MOMENTUM_CONTINUATION,26,0.2599680670900734
OPENING_RANGE_BREAKOUT_RETEST#0,OPENING_RANGE_BREAKOUT_RETEST,VALIDATION,VOL_STATE,EXPANSION,REVERSAL_CONTEXT,8,0.4931006419540712
OPENING_RANGE_BREAKOUT_RETEST#1,OPENING_RANGE_BREAKOUT_RETEST,TRAIN,DIRECTION,UNDEFINED,RANGE_EXTREME,1,-1.0179051029543424
OPENING_RANGE_BREAKOUT_RETEST#1,OPENING_RANGE_BREAKOUT_RETEST,TRAIN,DIRECTION,UNDEFINED,RETEST,1,-1.0179051029543424
OPENING_RANGE_BREAKOUT_RETEST#1,OPENING_RANGE_BREAKOUT_RETEST,TRAIN,DIRECTION,DOWN,TREND_CONTINUATION,27,0.32457413307364846
OPENING_RANGE_BREAKOUT_RETEST#1,OPENING_RANGE_BREAKOUT_RETEST,TRAIN,DIRECTION,DOWN,PULLBACK,5,-0.41852434317412596
OPENING_RANGE_BREAKOUT_RETEST#1,OPENING_RANGE_BREAKOUT_RETEST,TRAIN,DIRECTION,DOWN,CONSOLIDATION,1,-1.0064865566114232
OPENING_RANGE_BREAKOUT_RETEST#1,OPENING_RANGE_BREAKOUT_RETEST,TRAIN,DIRECTION,DOWN,COMPRESSION,7,1.1399477326685652
OPENING_RANGE_BREAKOUT_RETEST#1,OPENING_RANGE_BREAKOUT_RETEST,TRAIN,DIRECTION,DOWN,RANGE_EXTREME,20,0.19175799988398756
OPENING_RANGE_BREAKOUT_RETEST#1,OPENING_RANGE_BREAKOUT_RETEST,TRAIN,DIRECTION,DOWN,BREAKOUT_SETUP,4,0.49608477238191795
OPENING_RANGE_BREAKOUT_RETEST#1,OPENING_RANGE_BREAKOUT_RETEST,TRAIN,DIRECTION,DOWN,RETEST,6,0.9966781222437415
OPENING_RANGE_BREAKOUT_RETEST#1,OPENING_RANGE_BREAKOUT_RETEST,TRAIN,DIRECTION,DOWN,FAILED_BREAKOUT,7,-0.5857968559148237
OPENING_RANGE_BREAKOUT_RETEST#1,OPENING_RANGE_BREAKOUT_RETEST,TRAIN,DIRECTION,DOWN,MOMENTUM_CONTINUATION,21,0.2767083094484202
OPENING_RANGE_BREAKOUT_RETEST#1,OPENING_RANGE_BREAKOUT_RETEST,TRAIN,DIRECTION,DOWN,REVERSAL_CONTEXT,8,-0.6402474763197994
OPENING_RANGE_BREAKOUT_RETEST#1,OPENING_RANGE_BREAKOUT_RETEST,TRAIN,DIRECTION,NEUTRAL,TREND_CONTINUATION,12,-0.5122078692981488
OPENING_RANGE_BREAKOUT_RETEST#1,OPENING_RANGE_BREAKOUT_RETEST,TRAIN,DIRECTION,NEUTRAL,PULLBACK,1,-1.014563460278162
OPENING_RANGE_BREAKOUT_RETEST#1,OPENING_RANGE_BREAKOUT_RETEST,TRAIN,DIRECTION,NEUTRAL,CONSOLIDATION,1,-1.0181471735777141
OPENING_RANGE_BREAKOUT_RETEST#1,OPENING_RANGE_BREAKOUT_RETEST,TRAIN,DIRECTION,NEUTRAL,COMPRESSION,4,-1.018327264831879
OPENING_RANGE_BREAKOUT_RETEST#1,OPENING_RANGE_BREAKOUT_RETEST,TRAIN,DIRECTION,NEUTRAL,RANGE_EXTREME,12,-0.5123401528155698
OPENING_RANGE_BREAKOUT_RETEST#1,OPENING_RANGE_BREAKOUT_RETEST,TRAIN,DIRECTION,NEUTRAL,BREAKOUT_SETUP,2,-1.018499378819461
OPENING_RANGE_BREAKOUT_RETEST#1,OPENING_RANGE_BREAKOUT_RETEST,TRAIN,DIRECTION,NEUTRAL,RETEST,5,-1.013403412490202
OPENING_RANGE_BREAKOUT_RETEST#1,OPENING_RANGE_BREAKOUT_RETEST,TRAIN,DIRECTION,NEUTRAL,FAILED_BREAKOUT,4,0.4948153530826853
OPENING_RANGE_BREAKOUT_RETEST#1,OPENING_RANGE_BREAKOUT_RETEST,TRAIN,DIRECTION,NEUTRAL,MOMENTUM_CONTINUATION,9,-0.6800178641904163
OPENING_RANGE_BREAKOUT_RETEST#1,OPENING_RANGE_BREAKOUT_RETEST,TRAIN,DIRECTION,NEUTRAL,REVERSAL_CONTEXT,5,0.19293959041051578
OPENING_RANGE_BREAKOUT_RETEST#1,OPENING_RANGE_BREAKOUT_RETEST,TRAIN,DIRECTION,UP,TREND_CONTINUATION,37,-0.10975159698696724
OPENING_RANGE_BREAKOUT_RETEST#1,OPENING_RANGE_BREAKOUT_RETEST,TRAIN,DIRECTION,UP,PULLBACK,5,1.3959705852724893
OPENING_RANGE_BREAKOUT_RETEST#1,OPENING_RANGE_BREAKOUT_RETEST,TRAIN,DIRECTION,UP,CONSOLIDATION,5,0.7882645447423426
OPENING_RANGE_BREAKOUT_RETEST#1,OPENING_RANGE_BREAKOUT_RETEST,TRAIN,DIRECTION,UP,COMPRESSION,6,-1.0164474530260723
OPENING_RANGE_BREAKOUT_RETEST#1,OPENING_RANGE_BREAKOUT_RETEST,TRAIN,DIRECTION,UP,RANGE_EXTREME,36,0.041476286643126144
OPENING_RANGE_BREAKOUT_RETEST#1,OPENING_RANGE_BREAKOUT_RETEST,TRAIN,DIRECTION,UP,BREAKOUT_SETUP,2,-1.0113685679423812
OPENING_RANGE_BREAKOUT_RETEST#1,OPENING_RANGE_BREAKOUT_RETEST,TRAIN,DIRECTION,UP,RETEST,13,-0.4387054672697276
OPENING_RANGE_BREAKOUT_RETEST#1,OPENING_RANGE_BREAKOUT_RETEST,TRAIN,DIRECTION,UP,FAILED_BREAKOUT,7,-0.5895470154183062
OPENING_RANGE_BREAKOUT_RETEST#1,OPENING_RANGE_BREAKOUT_RETEST,TRAIN,DIRECTION,UP,MOMENTUM_CONTINUATION,21,0.20289528389778488
OPENING_RANGE_BREAKOUT_RETEST#1,OPENING_RANGE_BREAKOUT_RETEST,TRAIN,DIRECTION,UP,REVERSAL_CONTEXT,12,0.36636430060962644
OPENING_RANGE_BREAKOUT_RETEST#1,OPENING_RANGE_BREAKOUT_RETEST,TRAIN,TREND_STRENGTH,UNDEFINED,RANGE_EXTREME,1,-1.0179051029543424
OPENING_RANGE_BREAKOUT_RETEST#1,OPENING_RANGE_BREAKOUT_RETEST,TRAIN,TREND_STRENGTH,UNDEFINED,RETEST,1,-1.0179051029543424
OPENING_RANGE_BREAKOUT_RETEST#1,OPENING_RANGE_BREAKOUT_RETEST,TRAIN,TREND_STRENGTH,WEAK,TREND_CONTINUATION,39,0.03753644863100936
OPENING_RANGE_BREAKOUT_RETEST#1,OPENING_RANGE_BREAKOUT_RETEST,TRAIN,TREND_STRENGTH,WEAK,PULLBACK,8,-0.2659165312232932
OPENING_RANGE_BREAKOUT_RETEST#1,OPENING_RANGE_BREAKOUT_RETEST,TRAIN,TREND_STRENGTH,WEAK,CONSOLIDATION,4,0.49423757409766234
OPENING_RANGE_BREAKOUT_RETEST#1,OPENING_RANGE_BREAKOUT_RETEST,TRAIN,TREND_STRENGTH,WEAK,COMPRESSION,9,-0.00906984461684441
OPENING_RANGE_BREAKOUT_RETEST#1,OPENING_RANGE_BREAKOUT_RETEST,TRAIN,TREND_STRENGTH,WEAK,RANGE_EXTREME,36,-0.041501819898013506
OPENING_RANGE_BREAKOUT_RETEST#1,OPENING_RANGE_BREAKOUT_RETEST,TRAIN,TREND_STRENGTH,WEAK,BREAKOUT_SETUP,4,-1.0131649170278125
OPENING_RANGE_BREAKOUT_RETEST#1,OPENING_RANGE_BREAKOUT_RETEST,TRAIN,TREND_STRENGTH,WEAK,RETEST,12,-0.2621843195290429
OPENING_RANGE_BREAKOUT_RETEST#1,OPENING_RANGE_BREAKOUT_RETEST,TRAIN,TREND_STRENGTH,WEAK,FAILED_BREAKOUT,11,-0.19616159565471733
OPENING_RANGE_BREAKOUT_RETEST#1,OPENING_RANGE_BREAKOUT_RETEST,TRAIN,TREND_STRENGTH,WEAK,MOMENTUM_CONTINUATION,29,0.12717152993927044
OPENING_RANGE_BREAKOUT_RETEST#1,OPENING_RANGE_BREAKOUT_RETEST,TRAIN,TREND_STRENGTH,WEAK,REVERSAL_CONTEXT,15,-0.012916188775645413
OPENING_RANGE_BREAKOUT_RETEST#1,OPENING_RANGE_BREAKOUT_RETEST,TRAIN,TREND_STRENGTH,TRENDING,TREND_CONTINUATION,37,-0.07858711955990354
OPENING_RANGE_BREAKOUT_RETEST#1,OPENING_RANGE_BREAKOUT_RETEST,TRAIN,TREND_STRENGTH,TRENDING,PULLBACK,3,2.0
OPENING_RANGE_BREAKOUT_RETEST#1,OPENING_RANGE_BREAKOUT_RETEST,TRAIN,TREND_STRENGTH,TRENDING,CONSOLIDATION,3,-0.020087100956024468
OPENING_RANGE_BREAKOUT_RETEST#1,OPENING_RANGE_BREAKOUT_RETEST,TRAIN,TREND_STRENGTH,TRENDING,COMPRESSION,8,-0.26384138090654913
OPENING_RANGE_BREAKOUT_RETEST#1,OPENING_RANGE_BREAKOUT_RETEST,TRAIN,TREND_STRENGTH,TRENDING,RANGE_EXTREME,32,0.02107156248043566
OPENING_RANGE_BREAKOUT_RETEST#1,OPENING_RANGE_BREAKOUT_RETEST,TRAIN,TREND_STRENGTH,TRENDING,BREAKOUT_SETUP,4,0.4943157160288094
OPENING_RANGE_BREAKOUT_RETEST#1,OPENING_RANGE_BREAKOUT_RETEST,TRAIN,TREND_STRENGTH,TRENDING,RETEST,12,-0.13699229742887523
OPENING_RANGE_BREAKOUT_RETEST#1,OPENING_RANGE_BREAKOUT_RETEST,TRAIN,TREND_STRENGTH,TRENDING,FAILED_BREAKOUT,7,-0.5843383049713253
OPENING_RANGE_BREAKOUT_RETEST#1,OPENING_RANGE_BREAKOUT_RETEST,TRAIN,TREND_STRENGTH,TRENDING,MOMENTUM_CONTINUATION,22,0.011979105196259866
OPENING_RANGE_BREAKOUT_RETEST#1,OPENING_RANGE_BREAKOUT_RETEST,TRAIN,TREND_STRENGTH,TRENDING,REVERSAL_CONTEXT,10,0.04328325804443842
OPENING_RANGE_BREAKOUT_RETEST#1,OPENING_RANGE_BREAKOUT_RETEST,TRAIN,VOLATILITY,UNDEFINED,RANGE_EXTREME,1,-1.0179051029543424
OPENING_RANGE_BREAKOUT_RETEST#1,OPENING_RANGE_BREAKOUT_RETEST,TRAIN,VOLATILITY,UNDEFINED,RETEST,1,-1.0179051029543424
OPENING_RANGE_BREAKOUT_RETEST#1,OPENING_RANGE_BREAKOUT_RETEST,TRAIN,VOLATILITY,LOW,TREND_CONTINUATION,21,-0.44394494306844223
OPENING_RANGE_BREAKOUT_RETEST#1,OPENING_RANGE_BREAKOUT_RETEST,TRAIN,VOLATILITY,LOW,PULLBACK,1,2.0
OPENING_RANGE_BREAKOUT_RETEST#1,OPENING_RANGE_BREAKOUT_RETEST,TRAIN,VOLATILITY,LOW,CONSOLIDATION,3,-0.020087100956024468
OPENING_RANGE_BREAKOUT_RETEST#1,OPENING_RANGE_BREAKOUT_RETEST,TRAIN,VOLATILITY,LOW,COMPRESSION,5,-0.4147498008926599
OPENING_RANGE_BREAKOUT_RETEST#1,OPENING_RANGE_BREAKOUT_RETEST,TRAIN,VOLATILITY,LOW,RANGE_EXTREME,23,-0.16516806190330843
OPENING_RANGE_BREAKOUT_RETEST#1,OPENING_RANGE_BREAKOUT_RETEST,TRAIN,VOLATILITY,LOW,BREAKOUT_SETUP,3,0.995265823983336
OPENING_RANGE_BREAKOUT_RETEST#1,OPENING_RANGE_BREAKOUT_RETEST,TRAIN,VOLATILITY,LOW,RETEST,8,-0.6403600596208302
OPENING_RANGE_BREAKOUT_RETEST#1,OPENING_RANGE_BREAKOUT_RETEST,TRAIN,VOLATILITY,LOW,FAILED_BREAKOUT,3,-1.018325437467723
OPENING_RANGE_BREAKOUT_RETEST#1,OPENING_RANGE_BREAKOUT_RETEST,TRAIN,VOLATILITY,LOW,MOMENTUM_CONTINUATION,15,-0.4149520771745206
OPENING_RANGE_BREAKOUT_RETEST#1,OPENING_RANGE_BREAKOUT_RETEST,TRAIN,VOLATILITY,LOW,REVERSAL_CONTEXT,5,-0.1063551194319016
OPENING_RANGE_BREAKOUT_RETEST#1,OPENING_RANGE_BREAKOUT_RETEST,TRAIN,VOLATILITY,NORMAL,TREND_CONTINUATION,32,-0.025937555770185403
OPENING_RANGE_BREAKOUT_RETEST#1,OPENING_RANGE_BREAKOUT_RETEST,TRAIN,VOLATILITY,NORMAL,PULLBACK,7,-0.15948975906647617
OPENING_RANGE_BREAKOUT_RETEST#1,OPENING_RANGE_BREAKOUT_RETEST,TRAIN,VOLATILITY,NORMAL,CONSOLIDATION,2,2.0
OPENING_RANGE_BREAKOUT_RETEST#1,OPENING_RANGE_BREAKOUT_RETEST,TRAIN,VOLATILITY,NORMAL,COMPRESSION,6,-0.010087947532735009
OPENING_RANGE_BREAKOUT_RETEST#1,OPENING_RANGE_BREAKOUT_RETEST,TRAIN,VOLATILITY,NORMAL,RANGE_EXTREME,28,0.007081346681713071
OPENING_RANGE_BREAKOUT_RETEST#1,OPENING_RANGE_BREAKOUT_RETEST,TRAIN,VOLATILITY,NORMAL,BREAKOUT_SETUP,2,-1.014247343837545
OPENING_RANGE_BREAKOUT_RETEST#1,OPENING_RANGE_BREAKOUT_RETEST,TRAIN,VOLATILITY,NORMAL,RETEST,9,-0.17933431328784444
OPENING_RANGE_BREAKOUT_RETEST#1,OPENING_RANGE_BREAKOUT_RETEST,TRAIN,VOLATILITY,NORMAL,FAILED_BREAKOUT,9,-0.34700620771938184
OPENING_RANGE_BREAKOUT_RETEST#1,OPENING_RANGE_BREAKOUT_RETEST,TRAIN,VOLATILITY,NORMAL,MOMENTUM_CONTINUATION,20,0.4158589366930743
OPENING_RANGE_BREAKOUT_RETEST#1,OPENING_RANGE_BREAKOUT_RETEST,TRAIN,VOLATILITY,NORMAL,REVERSAL_CONTEXT,13,-0.08915547299286362
OPENING_RANGE_BREAKOUT_RETEST#1,OPENING_RANGE_BREAKOUT_RETEST,TRAIN,VOLATILITY,HIGH,TREND_CONTINUATION,23,0.3786540722598329
OPENING_RANGE_BREAKOUT_RETEST#1,OPENING_RANGE_BREAKOUT_RETEST,TRAIN,VOLATILITY,HIGH,PULLBACK,3,0.9963653545596628
OPENING_RANGE_BREAKOUT_RETEST#1,OPENING_RANGE_BREAKOUT_RETEST,TRAIN,VOLATILITY,HIGH,CONSOLIDATION,2,-1.0115248518046753
OPENING_RANGE_BREAKOUT_RETEST#1,OPENING_RANGE_BREAKOUT_RETEST,TRAIN,VOLATILITY,HIGH,COMPRESSION,6,-0.00968049319071381
OPENING_RANGE_BREAKOUT_RETEST#1,OPENING_RANGE_BREAKOUT_RETEST,TRAIN,VOLATILITY,HIGH,RANGE_EXTREME,17,0.16357718821962242
OPENING_RANGE_BREAKOUT_RETEST#1,OPENING_RANGE_BREAKOUT_RETEST,TRAIN,VOLATILITY,HIGH,BREAKOUT_SETUP,3,-1.010899862756977
OPENING_RANGE_BREAKOUT_RETEST#1,OPENING_RANGE_BREAKOUT_RETEST,TRAIN,VOLATILITY,HIGH,RETEST,7,0.27810998472317444
OPENING_RANGE_BREAKOUT_RETEST#1,OPENING_RANGE_BREAKOUT_RETEST,TRAIN,VOLATILITY,HIGH,FAILED_BREAKOUT,6,-0.011685584187260326
OPENING_RANGE_BREAKOUT_RETEST#1,OPENING_RANGE_BREAKOUT_RETEST,TRAIN,VOLATILITY,HIGH,MOMENTUM_CONTINUATION,16,0.11616356914455539
OPENING_RANGE_BREAKOUT_RETEST#1,OPENING_RANGE_BREAKOUT_RETEST,TRAIN,VOLATILITY,HIGH,REVERSAL_CONTEXT,7,0.27569807069663405
OPENING_RANGE_BREAKOUT_RETEST#1,OPENING_RANGE_BREAKOUT_RETEST,TRAIN,VOL_STATE,UNDEFINED,RANGE_EXTREME,1,-1.0179051029543424
OPENING_RANGE_BREAKOUT_RETEST#1,OPENING_RANGE_BREAKOUT_RETEST,TRAIN,VOL_STATE,UNDEFINED,RETEST,1,-1.0179051029543424
OPENING_RANGE_BREAKOUT_RETEST#1,OPENING_RANGE_BREAKOUT_RETEST,TRAIN,VOL_STATE,COMPRESSION,TREND_CONTINUATION,3,-0.011851487645255046
OPENING_RANGE_BREAKOUT_RETEST#1,OPENING_RANGE_BREAKOUT_RETEST,TRAIN,VOL_STATE,COMPRESSION,RANGE_EXTREME,4,-0.6313461903762446
OPENING_RANGE_BREAKOUT_RETEST#1,OPENING_RANGE_BREAKOUT_RETEST,TRAIN,VOL_STATE,COMPRESSION,RETEST,3,-0.011851487645255046
OPENING_RANGE_BREAKOUT_RETEST#1,OPENING_RANGE_BREAKOUT_RETEST,TRAIN,VOL_STATE,COMPRESSION,MOMENTUM_CONTINUATION,3,-0.011851487645255046
OPENING_RANGE_BREAKOUT_RETEST#1,OPENING_RANGE_BREAKOUT_RETEST,TRAIN,VOL_STATE,COMPRESSION,REVERSAL_CONTEXT,2,1.2616003576218309
OPENING_RANGE_BREAKOUT_RETEST#1,OPENING_RANGE_BREAKOUT_RETEST,TRAIN,VOL_STATE,EXPANSION,TREND_CONTINUATION,73,-0.01929106115303154
OPENING_RANGE_BREAKOUT_RETEST#1,OPENING_RANGE_BREAKOUT_RETEST,TRAIN,VOL_STATE,EXPANSION,PULLBACK,11,0.3520607045648777
OPENING_RANGE_BREAKOUT_RETEST#1,OPENING_RANGE_BREAKOUT_RETEST,TRAIN,VOL_STATE,EXPANSION,CONSOLIDATION,7,0.273812713360368
OPENING_RANGE_BREAKOUT_RETEST#1,OPENING_RANGE_BREAKOUT_RETEST,TRAIN,VOL_STATE,EXPANSION,COMPRESSION,17,-0.12896233228258785
OPENING_RANGE_BREAKOUT_RETEST#1,OPENING_RANGE_BREAKOUT_RETEST,TRAIN,VOL_STATE,EXPANSION,RANGE_EXTREME,64,0.026650144446100504
OPENING_RANGE_BREAKOUT_RETEST#1,OPENING_RANGE_BREAKOUT_RETEST,TRAIN,VOL_STATE,EXPANSION,BREAKOUT_SETUP,8,-0.25942460049950156
OPENING_RANGE_BREAKOUT_RETEST#1,OPENING_RANGE_BREAKOUT_RETEST,TRAIN,VOL_STATE,EXPANSION,RETEST,21,-0.22640785431234542
OPENING_RANGE_BREAKOUT_RETEST#1,OPENING_RANGE_BREAKOUT_RETEST,TRAIN,VOL_STATE,EXPANSION,FAILED_BREAKOUT,18,-0.34711920483339825
OPENING_RANGE_BREAKOUT_RETEST#1,OPENING_RANGE_BREAKOUT_RETEST,TRAIN,VOL_STATE,EXPANSION,MOMENTUM_CONTINUATION,48,0.08306394053109012
OPENING_RANGE_BREAKOUT_RETEST#1,OPENING_RANGE_BREAKOUT_RETEST,TRAIN,VOL_STATE,EXPANSION,REVERSAL_CONTEXT,23,-0.09930917245365038
OPENING_RANGE_BREAKOUT_RETEST#1,OPENING_RANGE_BREAKOUT_RETEST,VALIDATION,DIRECTION,DOWN,TREND_CONTINUATION,10,-0.10636969926668789
OPENING_RANGE_BREAKOUT_RETEST#1,OPENING_RANGE_BREAKOUT_RETEST,VALIDATION,DIRECTION,DOWN,CONSOLIDATION,3,2.0
OPENING_RANGE_BREAKOUT_RETEST#1,OPENING_RANGE_BREAKOUT_RETEST,VALIDATION,DIRECTION,DOWN,COMPRESSION,2,0.4798224374495551
OPENING_RANGE_BREAKOUT_RETEST#1,OPENING_RANGE_BREAKOUT_RETEST,VALIDATION,DIRECTION,DOWN,RANGE_EXTREME,6,-0.003787290512763164
OPENING_RANGE_BREAKOUT_RETEST#1,OPENING_RANGE_BREAKOUT_RETEST,VALIDATION,DIRECTION,DOWN,BREAKOUT_SETUP,1,2.0
OPENING_RANGE_BREAKOUT_RETEST#1,OPENING_RANGE_BREAKOUT_RETEST,VALIDATION,DIRECTION,DOWN,RETEST,2,0.4972496493302896
OPENING_RANGE_BREAKOUT_RETEST#1,OPENING_RANGE_BREAKOUT_RETEST,VALIDATION,DIRECTION,DOWN,FAILED_BREAKOUT,4,0.49320294891099603
OPENING_RANGE_BREAKOUT_RETEST#1,OPENING_RANGE_BREAKOUT_RETEST,VALIDATION,DIRECTION,DOWN,MOMENTUM_CONTINUATION,4,1.2476737694240254
OPENING_RANGE_BREAKOUT_RETEST#1,OPENING_RANGE_BREAKOUT_RETEST,VALIDATION,DIRECTION,DOWN,REVERSAL_CONTEXT,4,0.49320294891099603
OPENING_RANGE_BREAKOUT_RETEST#1,OPENING_RANGE_BREAKOUT_RETEST,VALIDATION,DIRECTION,NEUTRAL,TREND_CONTINUATION,10,0.4920081554208937
OPENING_RANGE_BREAKOUT_RETEST#1,OPENING_RANGE_BREAKOUT_RETEST,VALIDATION,DIRECTION,NEUTRAL,PULLBACK,2,-1.0191881658606001
OPENING_RANGE_BREAKOUT_RETEST#1,OPENING_RANGE_BREAKOUT_RETEST,VALIDATION,DIRECTION,NEUTRAL,CONSOLIDATION,1,2.0
OPENING_RANGE_BREAKOUT_RETEST#1,OPENING_RANGE_BREAKOUT_RETEST,VALIDATION,DIRECTION,NEUTRAL,COMPRESSION,3,-0.012288197222191174
OPENING_RANGE_BREAKOUT_RETEST#1,OPENING_RANGE_BREAKOUT_RETEST,VALIDATION,DIRECTION,NEUTRAL,RANGE_EXTREME,6,0.9932684068567333
OPENING_RANGE_BREAKOUT_RETEST#1,OPENING_RANGE_BREAKOUT_RETEST,VALIDATION,DIRECTION,NEUTRAL,BREAKOUT_SETUP,1,2.0
OPENING_RANGE_BREAKOUT_RETEST#1,OPENING_RANGE_BREAKOUT_RETEST,VALIDATION,DIRECTION,NEUTRAL,RETEST,4,1.2457118353344772
OPENING_RANGE_BREAKOUT_RETEST#1,OPENING_RANGE_BREAKOUT_RETEST,VALIDATION,DIRECTION,NEUTRAL,FAILED_BREAKOUT,3,0.9974909045289172
OPENING_RANGE_BREAKOUT_RETEST#1,OPENING_RANGE_BREAKOUT_RETEST,VALIDATION,DIRECTION,NEUTRAL,MOMENTUM_CONTINUATION,6,0.9932684068567333
OPENING_RANGE_BREAKOUT_RETEST#1,OPENING_RANGE_BREAKOUT_RETEST,VALIDATION,DIRECTION,NEUTRAL,REVERSAL_CONTEXT,3,0.9974909045289172
OPENING_RANGE_BREAKOUT_RETEST#1,OPENING_RANGE_BREAKOUT_RETEST,VALIDATION,DIRECTION,UP,TREND_CONTINUATION,15,-0.010933940083564112
OPENING_RANGE_BREAKOUT_RETEST#1,OPENING_RANGE_BREAKOUT_RETEST,VALIDATION,DIRECTION,UP,PULLBACK,2,2.0
OPENING_RANGE_BREAKOUT_RETEST#1,OPENING_RANGE_BREAKOUT_RETEST,VALIDATION,DIRECTION,UP,CONSOLIDATION,2,0.49181870244620773
OPENING_RANGE_BREAKOUT_RETEST#1,OPENING_RANGE_BREAKOUT_RETEST,VALIDATION,DIRECTION,UP,RANGE_EXTREME,13,-0.32079822124271123
OPENING_RANGE_BREAKOUT_RETEST#1,OPENING_RANGE_BREAKOUT_RETEST,VALIDATION,DIRECTION,UP,RETEST,5,0.1917964945505418
OPENING_RANGE_BREAKOUT_RETEST#1,OPENING_RANGE_BREAKOUT_RETEST,VALIDATION,DIRECTION,UP,FAILED_BREAKOUT,1,-1.0122346607940282
OPENING_RANGE_BREAKOUT_RETEST#1,OPENING_RANGE_BREAKOUT_RETEST,VALIDATION,DIRECTION,UP,MOMENTUM_CONTINUATION,9,-0.34446565756550146
OPENING_RANGE_BREAKOUT_RETEST#1,OPENING_RANGE_BREAKOUT_RETEST,VALIDATION,DIRECTION,UP,REVERSAL_CONTEXT,5,-0.41178174904375686
OPENING_RANGE_BREAKOUT_RETEST#1,OPENING_RANGE_BREAKOUT_RETEST,VALIDATION,TREND_STRENGTH,WEAK,TREND_CONTINUATION,19,0.25612609381169876
OPENING_RANGE_BREAKOUT_RETEST#1,OPENING_RANGE_BREAKOUT_RETEST,VALIDATION,TREND_STRENGTH,WEAK,PULLBACK,3,-0.012792110573733417
OPENING_RANGE_BREAKOUT_RETEST#1,OPENING_RANGE_BREAKOUT_RETEST,VALIDATION,TREND_STRENGTH,WEAK,CONSOLIDATION,4,1.2459093512231039
OPENING_RANGE_BREAKOUT_RETEST#1,OPENING_RANGE_BREAKOUT_RETEST,VALIDATION,TREND_STRENGTH,WEAK,COMPRESSION,4,0.4865042958575112
OPENING_RANGE_BREAKOUT_RETEST#1,OPENING_RANGE_BREAKOUT_RETEST,VALIDATION,TREND_STRENGTH,WEAK,RANGE_EXTREME,12,0.24253090618270887
OPENING_RANGE_BREAKOUT_RETEST#1,OPENING_RANGE_BREAKOUT_RETEST,VALIDATION,TREND_STRENGTH,WEAK,BREAKOUT_SETUP,1,2.0
OPENING_RANGE_BREAKOUT_RETEST#1,OPENING_RANGE_BREAKOUT_RETEST,VALIDATION,TREND_STRENGTH,WEAK,RETEST,6,0.49392543087268176
OPENING_RANGE_BREAKOUT_RETEST#1,OPENING_RANGE_BREAKOUT_RETEST,VALIDATION,TREND_STRENGTH,WEAK,FAILED_BREAKOUT,4,0.4938048588659771
OPENING_RANGE_BREAKOUT_RETEST#1,OPENING_RANGE_BREAKOUT_RETEST,VALIDATION,TREND_STRENGTH,WEAK,MOMENTUM_CONTINUATION,9,0.6595608447234017
OPENING_RANGE_BREAKOUT_RETEST#1,OPENING_RANGE_BREAKOUT_RETEST,VALIDATION,TREND_STRENGTH,WEAK,REVERSAL_CONTEXT,7,0.2781608292003163
OPENING_RANGE_BREAKOUT_RETEST#1,OPENING_RANGE_BREAKOUT_RETEST,VALIDATION,TREND_STRENGTH,TRENDING,TREND_CONTINUATION,16,-0.07337627013335499
OPENING_RANGE_BREAKOUT_RETEST#1,OPENING_RANGE_BREAKOUT_RETEST,VALIDATION,TREND_STRENGTH,TRENDING,PULLBACK,1,2.0
OPENING_RANGE_BREAKOUT_RETEST#1,OPENING_RANGE_BREAKOUT_RETEST,VALIDATION,TREND_STRENGTH,TRENDING,CONSOLIDATION,2,2.0
OPENING_RANGE_BREAKOUT_RETEST#1,OPENING_RANGE_BREAKOUT_RETEST,VALIDATION,TREND_STRENGTH,TRENDING,COMPRESSION,1,-1.023236900197508
OPENING_RANGE_BREAKOUT_RETEST#1,OPENING_RANGE_BREAKOUT_RETEST,VALIDATION,TREND_STRENGTH,TRENDING,RANGE_EXTREME,13,-0.08798931171414856
OPENING_RANGE_BREAKOUT_RETEST#1,OPENING_RANGE_BREAKOUT_RETEST,VALIDATION,TREND_STRENGTH,TRENDING,BREAKOUT_SETUP,1,2.0
OPENING_RANGE_BREAKOUT_RETEST#1,OPENING_RANGE_BREAKOUT_RETEST,VALIDATION,TREND_STRENGTH,TRENDING,RETEST,5,0.7945553055030212
OPENING_RANGE_BREAKOUT_RETEST#1,OPENING_RANGE_BREAKOUT_RETEST,VALIDATION,TREND_STRENGTH,TRENDING,FAILED_BREAKOUT,4,0.4944576032431999
OPENING_RANGE_BREAKOUT_RETEST#1,OPENING_RANGE_BREAKOUT_RETEST,VALIDATION,TREND_STRENGTH,TRENDING,MOMENTUM_CONTINUATION,10,0.19140669982363734
OPENING_RANGE_BREAKOUT_RETEST#1,OPENING_RANGE_BREAKOUT_RETEST,VALIDATION,TREND_STRENGTH,TRENDING,REVERSAL_CONTEXT,5,0.1918499919219475
OPENING_RANGE_BREAKOUT_RETEST#1,OPENING_RANGE_BREAKOUT_RETEST,VALIDATION,VOLATILITY,LOW,TREND_CONTINUATION,11,0.6263922731685136
OPENING_RANGE_BREAKOUT_RETEST#1,OPENING_RANGE_BREAKOUT_RETEST,VALIDATION,VOLATILITY,LOW,PULLBACK,1,2.0
OPENING_RANGE_BREAKOUT_RETEST#1,OPENING_RANGE_BREAKOUT_RETEST,VALIDATION,VOLATILITY,LOW,CONSOLIDATION,3,2.0
OPENING_RANGE_BREAKOUT_RETEST#1,OPENING_RANGE_BREAKOUT_RETEST,VALIDATION,VOLATILITY,LOW,COMPRESSION,2,2.0
OPENING_RANGE_BREAKOUT_RETEST#1,OPENING_RANGE_BREAKOUT_RETEST,VALIDATION,VOLATILITY,LOW,RANGE_EXTREME,9,0.655887031159765
OPENING_RANGE_BREAKOUT_RETEST#1,OPENING_RANGE_BREAKOUT_RETEST,VALIDATION,VOLATILITY,LOW,BREAKOUT_SETUP,2,2.0
OPENING_RANGE_BREAKOUT_RETEST#1,OPENING_RANGE_BREAKOUT_RETEST,VALIDATION,VOLATILITY,LOW,RETEST,4,1.2448543789235367
OPENING_RANGE_BREAKOUT_RETEST#1,OPENING_RANGE_BREAKOUT_RETEST,VALIDATION,VOLATILITY,LOW,FAILED_BREAKOUT,1,2.0
OPENING_RANGE_BREAKOUT_RETEST#1,OPENING_RANGE_BREAKOUT_RETEST,VALIDATION,VOLATILITY,LOW,MOMENTUM_CONTINUATION,7,0.706313424767682
OPENING_RANGE_BREAKOUT_RETEST#1,OPENING_RANGE_BREAKOUT_RETEST,VALIDATION,VOLATILITY,LOW,REVERSAL_CONTEXT,3,0.9938065155456459
OPENING_RANGE_BREAKOUT_RETEST#1,OPENING_RANGE_BREAKOUT_RETEST,VALIDATION,VOLATILITY,NORMAL,TREND_CONTINUATION,13,-0.08430693126693395
OPENING_RANGE_BREAKOUT_RETEST#1,OPENING_RANGE_BREAKOUT_RETEST,VALIDATION,VOLATILITY,NORMAL,PULLBACK,2,-1.0191881658606001
OPENING_RANGE_BREAKOUT_RETEST#1,OPENING_RANGE_BREAKOUT_RETEST,VALIDATION,VOLATILITY,NORMAL,CONSOLIDATION,1,-1.0163625951075845
OPENING_RANGE_BREAKOUT_RETEST#1,OPENING_RANGE_BREAKOUT_RETEST,VALIDATION,VOLATILITY,NORMAL,COMPRESSION,2,-1.0269914082849776
OPENING_RANGE_BREAKOUT_RETEST#1,OPENING_RANGE_BREAKOUT_RETEST,VALIDATION,VOLATILITY,NORMAL,RANGE_EXTREME,10,-0.4081278276026392
OPENING_RANGE_BREAKOUT_RETEST#1,OPENING_RANGE_BREAKOUT_RETEST,VALIDATION,VOLATILITY,NORMAL,RETEST,3,-0.006811680980479314
OPENING_RANGE_BREAKOUT_RETEST#1,OPENING_RANGE_BREAKOUT_RETEST,VALIDATION,VOLATILITY,NORMAL,FAILED_BREAKOUT,2,0.4938826696029859
OPENING_RANGE_BREAKOUT_RETEST#1,OPENING_RANGE_BREAKOUT_RETEST,VALIDATION,VOLATILITY,NORMAL,MOMENTUM_CONTINUATION,6,-0.007397481910547676
OPENING_RANGE_BREAKOUT_RETEST#1,OPENING_RANGE_BREAKOUT_RETEST,VALIDATION,VOLATILITY,NORMAL,REVERSAL_CONTEXT,3,-0.008969391700235288
OPENING_RANGE_BREAKOUT_RETEST#1,OPENING_RANGE_BREAKOUT_RETEST,VALIDATION,VOLATILITY,HIGH,TREND_CONTINUATION,11,-0.19108631255408295
OPENING_RANGE_BREAKOUT_RETEST#1,OPENING_RANGE_BREAKOUT_RETEST,VALIDATION,VOLATILITY,HIGH,PULLBACK,1,2.0
OPENING_RANGE_BREAKOUT_RETEST#1,OPENING_RANGE_BREAKOUT_RETEST,VALIDATION,VOLATILITY,HIGH,CONSOLIDATION,2,2.0
OPENING_RANGE_BREAKOUT_RETEST#1,OPENING_RANGE_BREAKOUT_RETEST,VALIDATION,VOLATILITY,HIGH,COMPRESSION,1,-1.023236900197508
OPENING_RANGE_BREAKOUT_RETEST#1,OPENING_RANGE_BREAKOUT_RETEST,VALIDATION,VOLATILITY,HIGH,RANGE_EXTREME,6,-0.009199197083819813
OPENING_RANGE_BREAKOUT_RETEST#1,OPENING_RANGE_BREAKOUT_RETEST,VALIDATION,VOLATILITY,HIGH,RETEST,4,0.49433665999962184
OPENING_RANGE_BREAKOUT_RETEST#1,OPENING_RANGE_BREAKOUT_RETEST,VALIDATION,VOLATILITY,HIGH,FAILED_BREAKOUT,5,0.1930569018461472
OPENING_RANGE_BREAKOUT_RETEST#1,OPENING_RANGE_BREAKOUT_RETEST,VALIDATION,VOLATILITY,HIGH,MOMENTUM_CONTINUATION,6,0.4917175864727503
OPENING_RANGE_BREAKOUT_RETEST#1,OPENING_RANGE_BREAKOUT_RETEST,VALIDATION,VOLATILITY,HIGH,REVERSAL_CONTEXT,6,-0.008022601254046599
OPENING_RANGE_BREAKOUT_RETEST#1,OPENING_RANGE_BREAKOUT_RETEST,VALIDATION,VOL_STATE,COMPRESSION,TREND_CONTINUATION,3,-0.011944577161968617
OPENING_RANGE_BREAKOUT_RETEST#1,OPENING_RANGE_BREAKOUT_RETEST,VALIDATION,VOL_STATE,COMPRESSION,PULLBACK,1,2.0
OPENING_RANGE_BREAKOUT_RETEST#1,OPENING_RANGE_BREAKOUT_RETEST,VALIDATION,VOL_STATE,COMPRESSION,RANGE_EXTREME,3,-0.014956190377943082
OPENING_RANGE_BREAKOUT_RETEST#1,OPENING_RANGE_BREAKOUT_RETEST,VALIDATION,VOL_STATE,COMPRESSION,RETEST,1,2.0
OPENING_RANGE_BREAKOUT_RETEST#1,OPENING_RANGE_BREAKOUT_RETEST,VALIDATION,VOL_STATE,COMPRESSION,FAILED_BREAKOUT,1,-1.0172532781228436
OPENING_RANGE_BREAKOUT_RETEST#1,OPENING_RANGE_BREAKOUT_RETEST,VALIDATION,VOL_STATE,COMPRESSION,MOMENTUM_CONTINUATION,2,0.4907097733184689
OPENING_RANGE_BREAKOUT_RETEST#1,OPENING_RANGE_BREAKOUT_RETEST,VALIDATION,VOL_STATE,COMPRESSION,REVERSAL_CONTEXT,2,-1.017916865742953
OPENING_RANGE_BREAKOUT_RETEST#1,OPENING_RANGE_BREAKOUT_RETEST,VALIDATION,VOL_STATE,EXPANSION,TREND_CONTINUATION,32,0.11650653724295323
OPENING_RANGE_BREAKOUT_RETEST#1,OPENING_RANGE_BREAKOUT_RETEST,VALIDATION,VOL_STATE,EXPANSION,PULLBACK,3,-0.012792110573733417
OPENING_RANGE_BREAKOUT_RETEST#1,OPENING_RANGE_BREAKOUT_RETEST,VALIDATION,VOL_STATE,EXPANSION,CONSOLIDATION,6,1.4972729008154027
OPENING_RANGE_BREAKOUT_RETEST#1,OPENING_RANGE_BREAKOUT_RETEST,VALIDATION,VOL_STATE,EXPANSION,COMPRESSION,5,0.18455605664650734
OPENING_RANGE_BREAKOUT_RETEST#1,OPENING_RANGE_BREAKOUT_RETEST,VALIDATION,VOL_STATE,EXPANSION,RANGE_EXTREME,22,0.08233538150192742
OPENING_RANGE_BREAKOUT_RETEST#1,OPENING_RANGE_BREAKOUT_RETEST,VALIDATION,VOL_STATE,EXPANSION,BREAKOUT_SETUP,2,2.0
OPENING_RANGE_BREAKOUT_RETEST#1,OPENING_RANGE_BREAKOUT_RETEST,VALIDATION,VOL_STATE,EXPANSION,RETEST,10,0.49363291127511955
OPENING_RANGE_BREAKOUT_RETEST#1,OPENING_RANGE_BREAKOUT_RETEST,VALIDATION,VOL_STATE,EXPANSION,FAILED_BREAKOUT,7,0.7100433037942216
OPENING_RANGE_BREAKOUT_RETEST#1,OPENING_RANGE_BREAKOUT_RETEST,VALIDATION,VOL_STATE,EXPANSION,MOMENTUM_CONTINUATION,17,0.40404088553588535
OPENING_RANGE_BREAKOUT_RETEST#1,OPENING_RANGE_BREAKOUT_RETEST,VALIDATION,VOL_STATE,EXPANSION,REVERSAL_CONTEXT,10,0.4942209495497858
OPENING_RANGE_BREAKOUT_RETEST#2,OPENING_RANGE_BREAKOUT_RETEST,TRAIN,DIRECTION,UNDEFINED,RANGE_EXTREME,1,-1.0179051029543424
OPENING_RANGE_BREAKOUT_RETEST#2,OPENING_RANGE_BREAKOUT_RETEST,TRAIN,DIRECTION,UNDEFINED,RETEST,1,-1.0179051029543424
OPENING_RANGE_BREAKOUT_RETEST#2,OPENING_RANGE_BREAKOUT_RETEST,TRAIN,DIRECTION,DOWN,TREND_CONTINUATION,29,-0.05899992564149231
OPENING_RANGE_BREAKOUT_RETEST#2,OPENING_RANGE_BREAKOUT_RETEST,TRAIN,DIRECTION,DOWN,PULLBACK,3,-0.17549585455116437
OPENING_RANGE_BREAKOUT_RETEST#2,OPENING_RANGE_BREAKOUT_RETEST,TRAIN,DIRECTION,DOWN,CONSOLIDATION,2,-1.0167167355948519
OPENING_RANGE_BREAKOUT_RETEST#2,OPENING_RANGE_BREAKOUT_RETEST,TRAIN,DIRECTION,DOWN,COMPRESSION,3,0.6576843618072731
OPENING_RANGE_BREAKOUT_RETEST#2,OPENING_RANGE_BREAKOUT_RETEST,TRAIN,DIRECTION,DOWN,RANGE_EXTREME,29,-0.3195596050532472
OPENING_RANGE_BREAKOUT_RETEST#2,OPENING_RANGE_BREAKOUT_RETEST,TRAIN,DIRECTION,DOWN,BREAKOUT_SETUP,3,0.6616218943120004
OPENING_RANGE_BREAKOUT_RETEST#2,OPENING_RANGE_BREAKOUT_RETEST,TRAIN,DIRECTION,DOWN,RETEST,6,0.6632155941116862
OPENING_RANGE_BREAKOUT_RETEST#2,OPENING_RANGE_BREAKOUT_RETEST,TRAIN,DIRECTION,DOWN,FAILED_BREAKOUT,3,-0.17437746558896228
OPENING_RANGE_BREAKOUT_RETEST#2,OPENING_RANGE_BREAKOUT_RETEST,TRAIN,DIRECTION,DOWN,MOMENTUM_CONTINUATION,26,-0.04578166453537673
OPENING_RANGE_BREAKOUT_RETEST#2,OPENING_RANGE_BREAKOUT_RETEST,TRAIN,DIRECTION,DOWN,REVERSAL_CONTEXT,7,-0.29337347383570567
OPENING_RANGE_BREAKOUT_RETEST#2,OPENING_RANGE_BREAKOUT_RETEST,TRAIN,DIRECTION,NEUTRAL,TREND_CONTINUATION,18,-0.31560972803797427
OPENING_RANGE_BREAKOUT_RETEST#2,OPENING_RANGE_BREAKOUT_RETEST,TRAIN,DIRECTION,NEUTRAL,PULLBACK,2,-1.0133094576857955
OPENING_RANGE_BREAKOUT_RETEST#2,OPENING_RANGE_BREAKOUT_RETEST,TRAIN,DIRECTION,NEUTRAL,CONSOLIDATION,4,0.8718436336090141
OPENING_RANGE_BREAKOUT_RETEST#2,OPENING_RANGE_BREAKOUT_RETEST,TRAIN,DIRECTION,NEUTRAL,COMPRESSION,7,0.4212620484802354
OPENING_RANGE_BREAKOUT_RETEST#2,OPENING_RANGE_BREAKOUT_RETEST,TRAIN,DIRECTION,NEUTRAL,RANGE_EXTREME,19,-0.08753527973621719
OPENING_RANGE_BREAKOUT_RETEST#2,OPENING_RANGE_BREAKOUT_RETEST,TRAIN,DIRECTION,NEUTRAL,BREAKOUT_SETUP,1,-1.0170386777986022
OPENING_RANGE_BREAKOUT_RETEST#2,OPENING_RANGE_BREAKOUT_RETEST,TRAIN,DIRECTION,NEUTRAL,RETEST,7,-0.6542962973992166
OPENING_RANGE_BREAKOUT_RETEST#2,OPENING_RANGE_BREAKOUT_RETEST,TRAIN,DIRECTION,NEUTRAL,FAILED_BREAKOUT,4,0.24481535308268748
OPENING_RANGE_BREAKOUT_RETEST#2,OPENING_RANGE_BREAKOUT_RETEST,TRAIN,DIRECTION,NEUTRAL,MOMENTUM_CONTINUATION,13,-0.23870808734899257
OPENING_RANGE_BREAKOUT_RETEST#2,OPENING_RANGE_BREAKOUT_RETEST,TRAIN,DIRECTION,NEUTRAL,REVERSAL_CONTEXT,6,-0.17455958384014023
OPENING_RANGE_BREAKOUT_RETEST#2,OPENING_RANGE_BREAKOUT_RETEST,TRAIN,DIRECTION,UP,TREND_CONTINUATION,40,-0.07228791577591986
OPENING_RANGE_BREAKOUT_RETEST#2,OPENING_RANGE_BREAKOUT_RETEST,TRAIN,DIRECTION,UP,PULLBACK,4,1.499999999999977
OPENING_RANGE_BREAKOUT_RETEST#2,OPENING_RANGE_BREAKOUT_RETEST,TRAIN,DIRECTION,UP,CONSOLIDATION,8,0.24153146804220457
OPENING_RANGE_BREAKOUT_RETEST#2,OPENING_RANGE_BREAKOUT_RETEST,TRAIN,DIRECTION,UP,COMPRESSION,2,-1.0207668681482125
OPENING_RANGE_BREAKOUT_RETEST#2,OPENING_RANGE_BREAKOUT_RETEST,TRAIN,DIRECTION,UP,RANGE_EXTREME,49,-0.09135087781417221
OPENING_RANGE_BREAKOUT_RETEST#2,OPENING_RANGE_BREAKOUT_RETEST,TRAIN,DIRECTION,UP,BREAKOUT_SETUP,2,-1.0113685679423812
OPENING_RANGE_BREAKOUT_RETEST#2,OPENING_RANGE_BREAKOUT_RETEST,TRAIN,DIRECTION,UP,RETEST,12,-0.177528912852475
OPENING_RANGE_BREAKOUT_RETEST#2,OPENING_RANGE_BREAKOUT_RETEST,TRAIN,DIRECTION,UP,FAILED_BREAKOUT,3,-0.1830895156209212
OPENING_RANGE_BREAKOUT_RETEST#2,OPENING_RANGE_BREAKOUT_RETEST,TRAIN,DIRECTION,UP,MOMENTUM_CONTINUATION,33,0.052210209656768466
OPENING_RANGE_BREAKOUT_RETEST#2,OPENING_RANGE_BREAKOUT_RETEST,TRAIN,DIRECTION,UP,REVERSAL_CONTEXT,10,0.74270740128723
OPENING_RANGE_BREAKOUT_RETEST#2,OPENING_RANGE_BREAKOUT_RETEST,TRAIN,TREND_STRENGTH,UNDEFINED,RANGE_EXTREME,1,-1.0179051029543424
OPENING_RANGE_BREAKOUT_RETEST#2,OPENING_RANGE_BREAKOUT_RETEST,TRAIN,TREND_STRENGTH,UNDEFINED,RETEST,1,-1.0179051029543424
OPENING_RANGE_BREAKOUT_RETEST#2,OPENING_RANGE_BREAKOUT_RETEST,TRAIN,TREND_STRENGTH,WEAK,TREND_CONTINUATION,48,-0.1238151068426573
OPENING_RANGE_BREAKOUT_RETEST#2,OPENING_RANGE_BREAKOUT_RETEST,TRAIN,TREND_STRENGTH,WEAK,PULLBACK,6,-0.1755177465041807
OPENING_RANGE_BREAKOUT_RETEST#2,OPENING_RANGE_BREAKOUT_RETEST,TRAIN,TREND_STRENGTH,WEAK,CONSOLIDATION,6,0.6639142274614018
OPENING_RANGE_BREAKOUT_RETEST#2,OPENING_RANGE_BREAKOUT_RETEST,TRAIN,TREND_STRENGTH,WEAK,COMPRESSION,8,0.24064711238708597
OPENING_RANGE_BREAKOUT_RETEST#2,OPENING_RANGE_BREAKOUT_RETEST,TRAIN,TREND_STRENGTH,WEAK,RANGE_EXTREME,53,-0.20780012395349673
OPENING_RANGE_BREAKOUT_RETEST#2,OPENING_RANGE_BREAKOUT_RETEST,TRAIN,TREND_STRENGTH,WEAK,BREAKOUT_SETUP,1,-1.0170386777986022
OPENING_RANGE_BREAKOUT_RETEST#2,OPENING_RANGE_BREAKOUT_RETEST,TRAIN,TREND_STRENGTH,WEAK,RETEST,13,-0.04858727335269568
OPENING_RANGE_BREAKOUT_RETEST#2,OPENING_RANGE_BREAKOUT_RETEST,TRAIN,TREND_STRENGTH,WEAK,FAILED_BREAKOUT,8,-0.0730813208690688
OPENING_RANGE_BREAKOUT_RETEST#2,OPENING_RANGE_BREAKOUT_RETEST,TRAIN,TREND_STRENGTH,WEAK,MOMENTUM_CONTINUATION,39,-0.046582416960582296
OPENING_RANGE_BREAKOUT_RETEST#2,OPENING_RANGE_BREAKOUT_RETEST,TRAIN,TREND_STRENGTH,WEAK,REVERSAL_CONTEXT,16,-0.07212645070868114
OPENING_RANGE_BREAKOUT_RETEST#2,OPENING_RANGE_BREAKOUT_RETEST,TRAIN,TREND_STRENGTH,TRENDING,TREND_CONTINUATION,39,-0.11129139617630912
OPENING_RANGE_BREAKOUT_RETEST#2,OPENING_RANGE_BREAKOUT_RETEST,TRAIN,TREND_STRENGTH,TRENDING,PULLBACK,3,1.4999999999999691
OPENING_RANGE_BREAKOUT_RETEST#2,OPENING_RANGE_BREAKOUT_RETEST,TRAIN,TREND_STRENGTH,TRENDING,CONSOLIDATION,8,-0.07466156964805276
OPENING_RANGE_BREAKOUT_RETEST#2,OPENING_RANGE_BREAKOUT_RETEST,TRAIN,TREND_STRENGTH,TRENDING,COMPRESSION,4,0.2387941973475886
OPENING_RANGE_BREAKOUT_RETEST#2,OPENING_RANGE_BREAKOUT_RETEST,TRAIN,TREND_STRENGTH,TRENDING,RANGE_EXTREME,44,-0.09984512056571376
OPENING_RANGE_BREAKOUT_RETEST#2,OPENING_RANGE_BREAKOUT_RETEST,TRAIN,TREND_STRENGTH,TRENDING,BREAKOUT_SETUP,5,-0.007574290589752275
OPENING_RANGE_BREAKOUT_RETEST#2,OPENING_RANGE_BREAKOUT_RETEST,TRAIN,TREND_STRENGTH,TRENDING,RETEST,12,-0.17495774314742119
OPENING_RANGE_BREAKOUT_RETEST#2,OPENING_RANGE_BREAKOUT_RETEST,TRAIN,TREND_STRENGTH,TRENDING,FAILED_BREAKOUT,2,0.24575551782682492
OPENING_RANGE_BREAKOUT_RETEST#2,OPENING_RANGE_BREAKOUT_RETEST,TRAIN,TREND_STRENGTH,TRENDING,MOMENTUM_CONTINUATION,33,-0.02284476464607966
OPENING_RANGE_BREAKOUT_RETEST#2,OPENING_RANGE_BREAKOUT_RETEST,TRAIN,TREND_STRENGTH,TRENDING,REVERSAL_CONTEXT,7,0.7828750577600596
OPENING_RANGE_BREAKOUT_RETEST#2,OPENING_RANGE_BREAKOUT_RETEST,TRAIN,VOLATILITY,UNDEFINED,RANGE_EXTREME,1,-1.0179051029543424
OPENING_RANGE_BREAKOUT_RETEST#2,OPENING_RANGE_BREAKOUT_RETEST,TRAIN,VOLATILITY,UNDEFINED,RETEST,1,-1.0179051029543424
OPENING_RANGE_BREAKOUT_RETEST#2,OPENING_RANGE_BREAKOUT_RETEST,TRAIN,VOLATILITY,LOW,TREND_CONTINUATION,29,-0.3230128796444484
OPENING_RANGE_BREAKOUT_RETEST#2,OPENING_RANGE_BREAKOUT_RETEST,TRAIN,VOLATILITY,LOW,PULLBACK,2,1.4999999999999636
OPENING_RANGE_BREAKOUT_RETEST#2,OPENING_RANGE_BREAKOUT_RETEST,TRAIN,VOLATILITY,LOW,CONSOLIDATION,8,0.23853567649340313
OPENING_RANGE_BREAKOUT_RETEST#2,OPENING_RANGE_BREAKOUT_RETEST,TRAIN,VOLATILITY,LOW,COMPRESSION,6,0.2379141734040271
OPENING_RANGE_BREAKOUT_RETEST#2,OPENING_RANGE_BREAKOUT_RETEST,TRAIN,VOLATILITY,LOW,RANGE_EXTREME,39,-0.11380371848340247
OPENING_RANGE_BREAKOUT_RETEST#2,OPENING_RANGE_BREAKOUT_RETEST,TRAIN,VOLATILITY,LOW,BREAKOUT_SETUP,2,0.2428987359749909
OPENING_RANGE_BREAKOUT_RETEST#2,OPENING_RANGE_BREAKOUT_RETEST,TRAIN,VOLATILITY,LOW,RETEST,9,-0.4581105202369948
OPENING_RANGE_BREAKOUT_RETEST#2,OPENING_RANGE_BREAKOUT_RETEST,TRAIN,VOLATILITY,LOW,FAILED_BREAKOUT,2,-1.0223496741091944
OPENING_RANGE_BREAKOUT_RETEST#2,OPENING_RANGE_BREAKOUT_RETEST,TRAIN,VOLATILITY,LOW,MOMENTUM_CONTINUATION,24,-0.1770671251719538
OPENING_RANGE_BREAKOUT_RETEST#2,OPENING_RANGE_BREAKOUT_RETEST,TRAIN,VOLATILITY,LOW,REVERSAL_CONTEXT,5,-0.013671357696674357
OPENING_RANGE_BREAKOUT_RETEST#2,OPENING_RANGE_BREAKOUT_RETEST,TRAIN,VOLATILITY,NORMAL,TREND_CONTINUATION,34,-0.19966535791127316
OPENING_RANGE_BREAKOUT_RETEST#2,OPENING_RANGE_BREAKOUT_RETEST,TRAIN,VOLATILITY,NORMAL,PULLBACK,5,-0.5106212958050287
OPENING_RANGE_BREAKOUT_RETEST#2,OPENING_RANGE_BREAKOUT_RETEST,TRAIN,VOLATILITY,NORMAL,CONSOLIDATION,5,0.49687879044963745
OPENING_RANGE_BREAKOUT_RETEST#2,OPENING_RANGE_BREAKOUT_RETEST,TRAIN,VOLATILITY,NORMAL,COMPRESSION,4,-0.38678283798429486
OPENING_RANGE_BREAKOUT_RETEST#2,OPENING_RANGE_BREAKOUT_RETEST,TRAIN,VOLATILITY,NORMAL,RANGE_EXTREME,39,-0.30408720431077246
OPENING_RANGE_BREAKOUT_RETEST#2,OPENING_RANGE_BREAKOUT_RETEST,TRAIN,VOLATILITY,NORMAL,BREAKOUT_SETUP,3,-0.17455630829958105
OPENING_RANGE_BREAKOUT_RETEST#2,OPENING_RANGE_BREAKOUT_RETEST,TRAIN,VOLATILITY,NORMAL,RETEST,6,-0.5925867617921997
OPENING_RANGE_BREAKOUT_RETEST#2,OPENING_RANGE_BREAKOUT_RETEST,TRAIN,VOLATILITY,NORMAL,FAILED_BREAKOUT,5,-0.007990243746826131
OPENING_RANGE_BREAKOUT_RETEST#2,OPENING_RANGE_BREAKOUT_RETEST,TRAIN,VOLATILITY,NORMAL,MOMENTUM_CONTINUATION,28,-0.11484675595050375
OPENING_RANGE_BREAKOUT_RETEST#2,OPENING_RANGE_BREAKOUT_RETEST,TRAIN,VOLATILITY,NORMAL,REVERSAL_CONTEXT,12,0.034183341944007774
OPENING_RANGE_BREAKOUT_RETEST#2,OPENING_RANGE_BREAKOUT_RETEST,TRAIN,VOLATILITY,HIGH,TREND_CONTINUATION,24,0.24468775413952848
OPENING_RANGE_BREAKOUT_RETEST#2,OPENING_RANGE_BREAKOUT_RETEST,TRAIN,VOLATILITY,HIGH,PULLBACK,2,1.50000000000002
OPENING_RANGE_BREAKOUT_RETEST#2,OPENING_RANGE_BREAKOUT_RETEST,TRAIN,VOLATILITY,HIGH,CONSOLIDATION,1,-1.0064865566114232
OPENING_RANGE_BREAKOUT_RETEST#2,OPENING_RANGE_BREAKOUT_RETEST,TRAIN,VOLATILITY,HIGH,COMPRESSION,2,1.5000000000000293
OPENING_RANGE_BREAKOUT_RETEST#2,OPENING_RANGE_BREAKOUT_RETEST,TRAIN,VOLATILITY,HIGH,RANGE_EXTREME,19,0.04690284813400465
OPENING_RANGE_BREAKOUT_RETEST#2,OPENING_RANGE_BREAKOUT_RETEST,TRAIN,VOLATILITY,HIGH,BREAKOUT_SETUP,1,-1.0170386777986022
OPENING_RANGE_BREAKOUT_RETEST#2,OPENING_RANGE_BREAKOUT_RETEST,TRAIN,VOLATILITY,HIGH,RETEST,10,0.49473877815320544
OPENING_RANGE_BREAKOUT_RETEST#2,OPENING_RANGE_BREAKOUT_RETEST,TRAIN,VOLATILITY,HIGH,FAILED_BREAKOUT,3,0.6638370118845396
OPENING_RANGE_BREAKOUT_RETEST#2,OPENING_RANGE_BREAKOUT_RETEST,TRAIN,VOLATILITY,HIGH,MOMENTUM_CONTINUATION,20,0.24473643379788274
OPENING_RANGE_BREAKOUT_RETEST#2,OPENING_RANGE_BREAKOUT_RETEST,TRAIN,VOLATILITY,HIGH,REVERSAL_CONTEXT,6,0.6640431463561329
OPENING_RANGE_BREAKOUT_RETEST#2,OPENING_RANGE_BREAKOUT_RETEST,TRAIN,VOL_STATE,UNDEFINED,RANGE_EXTREME,1,-1.0179051029543424
OPENING_RANGE_BREAKOUT_RETEST#2,OPENING_RANGE_BREAKOUT_RETEST,TRAIN,VOL_STATE,UNDEFINED,RETEST,1,-1.0179051029543424
OPENING_RANGE_BREAKOUT_RETEST#2,OPENING_RANGE_BREAKOUT_RETEST,TRAIN,VOL_STATE,COMPRESSION,TREND_CONTINUATION,9,-0.7360051077220011
OPENING_RANGE_BREAKOUT_RETEST#2,OPENING_RANGE_BREAKOUT_RETEST,TRAIN,VOL_STATE,COMPRESSION,CONSOLIDATION,1,-1.0070241983633614
OPENING_RANGE_BREAKOUT_RETEST#2,OPENING_RANGE_BREAKOUT_RETEST,TRAIN,VOL_STATE,COMPRESSION,RANGE_EXTREME,11,-0.7861672806718295
OPENING_RANGE_BREAKOUT_RETEST#2,OPENING_RANGE_BREAKOUT_RETEST,TRAIN,VOL_STATE,COMPRESSION,RETEST,5,-0.5133925615752533
OPENING_RANGE_BREAKOUT_RETEST#2,OPENING_RANGE_BREAKOUT_RETEST,TRAIN,VOL_STATE,COMPRESSION,MOMENTUM_CONTINUATION,9,-0.7360051077220011
OPENING_RANGE_BREAKOUT_RETEST#2,OPENING_RANGE_BREAKOUT_RETEST,TRAIN,VOL_STATE,COMPRESSION,REVERSAL_CONTEXT,2,1.4999999999999891
OPENING_RANGE_BREAKOUT_RETEST#2,OPENING_RANGE_BREAKOUT_RETEST,TRAIN,VOL_STATE,EXPANSION,TREND_CONTINUATION,78,-0.046915943715712775
OPENING_RANGE_BREAKOUT_RETEST#2,OPENING_RANGE_BREAKOUT_RETEST,TRAIN,VOL_STATE,EXPANSION,PULLBACK,9,0.3829881689972026
OPENING_RANGE_BREAKOUT_RETEST#2,OPENING_RANGE_BREAKOUT_RETEST,TRAIN,VOL_STATE,EXPANSION,CONSOLIDATION,13,0.3379397696882578
OPENING_RANGE_BREAKOUT_RETEST#2,OPENING_RANGE_BREAKOUT_RETEST,TRAIN,VOL_STATE,EXPANSION,COMPRESSION,12,0.24002947404058683
OPENING_RANGE_BREAKOUT_RETEST#2,OPENING_RANGE_BREAKOUT_RETEST,TRAIN,VOL_STATE,EXPANSION,RANGE_EXTREME,86,-0.07859013705856525
OPENING_RANGE_BREAKOUT_RETEST#2,OPENING_RANGE_BREAKOUT_RETEST,TRAIN,VOL_STATE,EXPANSION,BREAKOUT_SETUP,6,-0.1758183551245606
OPENING_RANGE_BREAKOUT_RETEST#2,OPENING_RANGE_BREAKOUT_RETEST,TRAIN,VOL_STATE,EXPANSION,RETEST,20,-0.0082082331738916
OPENING_RANGE_BREAKOUT_RETEST#2,OPENING_RANGE_BREAKOUT_RETEST,TRAIN,VOL_STATE,EXPANSION,FAILED_BREAKOUT,10,-0.009313953129890074
OPENING_RANGE_BREAKOUT_RETEST#2,OPENING_RANGE_BREAKOUT_RETEST,TRAIN,VOL_STATE,EXPANSION,MOMENTUM_CONTINUATION,63,0.06434054721769317
OPENING_RANGE_BREAKOUT_RETEST#2,OPENING_RANGE_BREAKOUT_RETEST,TRAIN,VOL_STATE,EXPANSION,REVERSAL_CONTEXT,21,0.06314772347531149
OPENING_RANGE_BREAKOUT_RETEST#2,OPENING_RANGE_BREAKOUT_RETEST,VALIDATION,DIRECTION,DOWN,TREND_CONTINUATION,14,0.4225399503831956
OPENING_RANGE_BREAKOUT_RETEST#2,OPENING_RANGE_BREAKOUT_RETEST,VALIDATION,DIRECTION,DOWN,PULLBACK,1,-1.0148665725117076
OPENING_RANGE_BREAKOUT_RETEST#2,OPENING_RANGE_BREAKOUT_RETEST,VALIDATION,DIRECTION,DOWN,CONSOLIDATION,4,0.24217263044329923
OPENING_RANGE_BREAKOUT_RETEST#2,OPENING_RANGE_BREAKOUT_RETEST,VALIDATION,DIRECTION,DOWN,COMPRESSION,2,0.22982243744961472
OPENING_RANGE_BREAKOUT_RETEST#2,OPENING_RANGE_BREAKOUT_RETEST,VALIDATION,DIRECTION,DOWN,RANGE_EXTREME,13,0.1471708877978682
OPENING_RANGE_BREAKOUT_RETEST#2,OPENING_RANGE_BREAKOUT_RETEST,VALIDATION,DIRECTION,DOWN,BREAKOUT_SETUP,1,-1.0064428838348045
OPENING_RANGE_BREAKOUT_RETEST#2,OPENING_RANGE_BREAKOUT_RETEST,VALIDATION,DIRECTION,DOWN,RETEST,2,0.24418874941884716
OPENING_RANGE_BREAKOUT_RETEST#2,OPENING_RANGE_BREAKOUT_RETEST,VALIDATION,DIRECTION,DOWN,FAILED_BREAKOUT,3,0.6609155739590457
OPENING_RANGE_BREAKOUT_RETEST#2,OPENING_RANGE_BREAKOUT_RETEST,VALIDATION,DIRECTION,DOWN,MOMENTUM_CONTINUATION,12,0.4527343819572985
OPENING_RANGE_BREAKOUT_RETEST#2,OPENING_RANGE_BREAKOUT_RETEST,VALIDATION,DIRECTION,DOWN,REVERSAL_CONTEXT,4,0.2419700373413573
OPENING_RANGE_BREAKOUT_RETEST#2,OPENING_RANGE_BREAKOUT_RETEST,VALIDATION,DIRECTION,NEUTRAL,TREND_CONTINUATION,9,0.10096694047343911
OPENING_RANGE_BREAKOUT_RETEST#2,OPENING_RANGE_BREAKOUT_RETEST,VALIDATION,DIRECTION,NEUTRAL,PULLBACK,3,-0.17884243154760604
OPENING_RANGE_BREAKOUT_RETEST#2,OPENING_RANGE_BREAKOUT_RETEST,VALIDATION,DIRECTION,NEUTRAL,CONSOLIDATION,2,0.23985801217038605
OPENING_RANGE_BREAKOUT_RETEST#2,OPENING_RANGE_BREAKOUT_RETEST,VALIDATION,DIRECTION,NEUTRAL,COMPRESSION,2,0.2431861542654672
OPENING_RANGE_BREAKOUT_RETEST#2,OPENING_RANGE_BREAKOUT_RETEST,VALIDATION,DIRECTION,NEUTRAL,RANGE_EXTREME,7,0.4213442568247663
OPENING_RANGE_BREAKOUT_RETEST#2,OPENING_RANGE_BREAKOUT_RETEST,VALIDATION,DIRECTION,NEUTRAL,BREAKOUT_SETUP,1,-1.020283975659228
OPENING_RANGE_BREAKOUT_RETEST#2,OPENING_RANGE_BREAKOUT_RETEST,VALIDATION,DIRECTION,NEUTRAL,RETEST,4,-0.38982398380522215
OPENING_RANGE_BREAKOUT_RETEST#2,OPENING_RANGE_BREAKOUT_RETEST,VALIDATION,DIRECTION,NEUTRAL,FAILED_BREAKOUT,1,1.4999999999999247
OPENING_RANGE_BREAKOUT_RETEST#2,OPENING_RANGE_BREAKOUT_RETEST,VALIDATION,DIRECTION,NEUTRAL,MOMENTUM_CONTINUATION,6,0.2401173441298611
OPENING_RANGE_BREAKOUT_RETEST#2,OPENING_RANGE_BREAKOUT_RETEST,VALIDATION,DIRECTION,NEUTRAL,REVERSAL_CONTEXT,1,1.4999999999999247
OPENING_RANGE_BREAKOUT_RETEST#2,OPENING_RANGE_BREAKOUT_RETEST,VALIDATION,DIRECTION,UP,TREND_CONTINUATION,19,-0.08929198512935697
OPENING_RANGE_BREAKOUT_RETEST#2,OPENING_RANGE_BREAKOUT_RETEST,VALIDATION,DIRECTION,UP,PULLBACK,1,1.4999999999999667
OPENING_RANGE_BREAKOUT_RETEST#2,OPENING_RANGE_BREAKOUT_RETEST,VALIDATION,DIRECTION,UP,CONSOLIDATION,2,0.24181870244624037
OPENING_RANGE_BREAKOUT_RETEST#2,OPENING_RANGE_BREAKOUT_RETEST,VALIDATION,DIRECTION,UP,RANGE_EXTREME,19,-0.35373632327067966
OPENING_RANGE_BREAKOUT_RETEST#2,OPENING_RANGE_BREAKOUT_RETEST,VALIDATION,DIRECTION,UP,RETEST,6,-0.1740025830793118
OPENING_RANGE_BREAKOUT_RETEST#2,OPENING_RANGE_BREAKOUT_RETEST,VALIDATION,DIRECTION,UP,FAILED_BREAKOUT,1,-1.0122346607940282
OPENING_RANGE_BREAKOUT_RETEST#2,OPENING_RANGE_BREAKOUT_RETEST,VALIDATION,DIRECTION,UP,MOMENTUM_CONTINUATION,11,-0.3300191650754884
OPENING_RANGE_BREAKOUT_RETEST#2,OPENING_RANGE_BREAKOUT_RETEST,VALIDATION,DIRECTION,UP,REVERSAL_CONTEXT,6,-0.17648479086980287
OPENING_RANGE_BREAKOUT_RETEST#2,OPENING_RANGE_BREAKOUT_RETEST,VALIDATION,TREND_STRENGTH,WEAK,TREND_CONTINUATION,24,0.13674137238045314
OPENING_RANGE_BREAKOUT_RETEST#2,OPENING_RANGE_BREAKOUT_RETEST,VALIDATION,TREND_STRENGTH,WEAK,PULLBACK,3,-0.17884243154761714
OPENING_RANGE_BREAKOUT_RETEST#2,OPENING_RANGE_BREAKOUT_RETEST,VALIDATION,TREND_STRENGTH,WEAK,CONSOLIDATION,7,0.06172056442948347
OPENING_RANGE_BREAKOUT_RETEST#2,OPENING_RANGE_BREAKOUT_RETEST,VALIDATION,TREND_STRENGTH,WEAK,COMPRESSION,4,0.2365042958575409
OPENING_RANGE_BREAKOUT_RETEST#2,OPENING_RANGE_BREAKOUT_RETEST,VALIDATION,TREND_STRENGTH,WEAK,RANGE_EXTREME,23,0.07902015811126457
OPENING_RANGE_BREAKOUT_RETEST#2,OPENING_RANGE_BREAKOUT_RETEST,VALIDATION,TREND_STRENGTH,WEAK,BREAKOUT_SETUP,1,-1.020283975659228
OPENING_RANGE_BREAKOUT_RETEST#2,OPENING_RANGE_BREAKOUT_RETEST,VALIDATION,TREND_STRENGTH,WEAK,RETEST,7,-0.6560650179948805
OPENING_RANGE_BREAKOUT_RETEST#2,OPENING_RANGE_BREAKOUT_RETEST,VALIDATION,TREND_STRENGTH,WEAK,FAILED_BREAKOUT,2,0.24137336093854056
OPENING_RANGE_BREAKOUT_RETEST#2,OPENING_RANGE_BREAKOUT_RETEST,VALIDATION,TREND_STRENGTH,WEAK,MOMENTUM_CONTINUATION,17,0.01933837468363114
OPENING_RANGE_BREAKOUT_RETEST#2,OPENING_RANGE_BREAKOUT_RETEST,VALIDATION,TREND_STRENGTH,WEAK,REVERSAL_CONTEXT,5,-0.009069381836929135
OPENING_RANGE_BREAKOUT_RETEST#2,OPENING_RANGE_BREAKOUT_RETEST,VALIDATION,TREND_STRENGTH,TRENDING,TREND_CONTINUATION,18,0.10255117305761298
OPENING_RANGE_BREAKOUT_RETEST#2,OPENING_RANGE_BREAKOUT_RETEST,VALIDATION,TREND_STRENGTH,TRENDING,PULLBACK,2,0.24256671374414618
OPENING_RANGE_BREAKOUT_RETEST#2,OPENING_RANGE_BREAKOUT_RETEST,VALIDATION,TREND_STRENGTH,TRENDING,CONSOLIDATION,1,1.5000000000000653
OPENING_RANGE_BREAKOUT_RETEST#2,OPENING_RANGE_BREAKOUT_RETEST,VALIDATION,TREND_STRENGTH,TRENDING,RANGE_EXTREME,16,-0.22973890247227174
OPENING_RANGE_BREAKOUT_RETEST#2,OPENING_RANGE_BREAKOUT_RETEST,VALIDATION,TREND_STRENGTH,TRENDING,BREAKOUT_SETUP,1,-1.0064428838348045
OPENING_RANGE_BREAKOUT_RETEST#2,OPENING_RANGE_BREAKOUT_RETEST,VALIDATION,TREND_STRENGTH,TRENDING,RETEST,5,0.49550423822101985
OPENING_RANGE_BREAKOUT_RETEST#2,OPENING_RANGE_BREAKOUT_RETEST,VALIDATION,TREND_STRENGTH,TRENDING,FAILED_BREAKOUT,3,0.6625884464019841
OPENING_RANGE_BREAKOUT_RETEST#2,OPENING_RANGE_BREAKOUT_RETEST,VALIDATION,TREND_STRENGTH,TRENDING,MOMENTUM_CONTINUATION,12,0.24287945523455381
OPENING_RANGE_BREAKOUT_RETEST#2,OPENING_RANGE_BREAKOUT_RETEST,VALIDATION,TREND_STRENGTH,TRENDING,REVERSAL_CONTEXT,6,0.2423863855551971
OPENING_RANGE_BREAKOUT_RETEST#2,OPENING_RANGE_BREAKOUT_RETEST,VALIDATION,VOLATILITY,LOW,TREND_CONTINUATION,12,0.23996245250398177
OPENING_RANGE_BREAKOUT_RETEST#2,OPENING_RANGE_BREAKOUT_RETEST,VALIDATION,VOLATILITY,LOW,PULLBACK,3,0.6617111424960863
OPENING_RANGE_BREAKOUT_RETEST#2,OPENING_RANGE_BREAKOUT_RETEST,VALIDATION,VOLATILITY,LOW,CONSOLIDATION,4,0.24000726181905468
OPENING_RANGE_BREAKOUT_RETEST#2,OPENING_RANGE_BREAKOUT_RETEST,VALIDATION,VOLATILITY,LOW,COMPRESSION,2,1.5000000000000595
OPENING_RANGE_BREAKOUT_RETEST#2,OPENING_RANGE_BREAKOUT_RETEST,VALIDATION,VOLATILITY,LOW,RANGE_EXTREME,13,-0.2432985787804912
OPENING_RANGE_BREAKOUT_RETEST#2,OPENING_RANGE_BREAKOUT_RETEST,VALIDATION,VOLATILITY,LOW,BREAKOUT_SETUP,1,-1.020283975659228
OPENING_RANGE_BREAKOUT_RETEST#2,OPENING_RANGE_BREAKOUT_RETEST,VALIDATION,VOLATILITY,LOW,RETEST,4,0.24410488611636155
OPENING_RANGE_BREAKOUT_RETEST#2,OPENING_RANGE_BREAKOUT_RETEST,VALIDATION,VOLATILITY,LOW,FAILED_BREAKOUT,1,1.4999999999999443
OPENING_RANGE_BREAKOUT_RETEST#2,OPENING_RANGE_BREAKOUT_RETEST,VALIDATION,VOLATILITY,LOW,MOMENTUM_CONTINUATION,8,0.24115645748737868
OPENING_RANGE_BREAKOUT_RETEST#2,OPENING_RANGE_BREAKOUT_RETEST,VALIDATION,VOLATILITY,LOW,REVERSAL_CONTEXT,5,0.49331059482502815
OPENING_RANGE_BREAKOUT_RETEST#2,OPENING_RANGE_BREAKOUT_RETEST,VALIDATION,VOLATILITY,NORMAL,TREND_CONTINUATION,19,0.17609334044969618
OPENING_RANGE_BREAKOUT_RETEST#2,OPENING_RANGE_BREAKOUT_RETEST,VALIDATION,VOLATILITY,NORMAL,PULLBACK,2,-1.018263647321409
OPENING_RANGE_BREAKOUT_RETEST#2,OPENING_RANGE_BREAKOUT_RETEST,VALIDATION,VOLATILITY,NORMAL,CONSOLIDATION,1,-1.0163625951075845
OPENING_RANGE_BREAKOUT_RETEST#2,OPENING_RANGE_BREAKOUT_RETEST,VALIDATION,VOLATILITY,NORMAL,COMPRESSION,2,-1.0269914082849776
OPENING_RANGE_BREAKOUT_RETEST#2,OPENING_RANGE_BREAKOUT_RETEST,VALIDATION,VOLATILITY,NORMAL,RANGE_EXTREME,15,-0.007674780703309899
OPENING_RANGE_BREAKOUT_RETEST#2,OPENING_RANGE_BREAKOUT_RETEST,VALIDATION,VOLATILITY,NORMAL,RETEST,5,-0.5125156639000468
OPENING_RANGE_BREAKOUT_RETEST#2,OPENING_RANGE_BREAKOUT_RETEST,VALIDATION,VOLATILITY,NORMAL,FAILED_BREAKOUT,2,0.24388266960294824
OPENING_RANGE_BREAKOUT_RETEST#2,OPENING_RANGE_BREAKOUT_RETEST,VALIDATION,VOLATILITY,NORMAL,MOMENTUM_CONTINUATION,12,0.03230952364218912
OPENING_RANGE_BREAKOUT_RETEST#2,OPENING_RANGE_BREAKOUT_RETEST,VALIDATION,VOLATILITY,NORMAL,REVERSAL_CONTEXT,3,-0.17563605836692706
OPENING_RANGE_BREAKOUT_RETEST#2,OPENING_RANGE_BREAKOUT_RETEST,VALIDATION,VOLATILITY,HIGH,TREND_CONTINUATION,11,-0.09978262240219098
OPENING_RANGE_BREAKOUT_RETEST#2,OPENING_RANGE_BREAKOUT_RETEST,VALIDATION,VOLATILITY,HIGH,CONSOLIDATION,3,0.6627924996126051
OPENING_RANGE_BREAKOUT_RETEST#2,OPENING_RANGE_BREAKOUT_RETEST,VALIDATION,VOLATILITY,HIGH,RANGE_EXTREME,11,0.12905858469988832
OPENING_RANGE_BREAKOUT_RETEST#2,OPENING_RANGE_BREAKOUT_RETEST,VALIDATION,VOLATILITY,HIGH,BREAKOUT_SETUP,1,-1.0064428838348045
OPENING_RANGE_BREAKOUT_RETEST#2,OPENING_RANGE_BREAKOUT_RETEST,VALIDATION,VOLATILITY,HIGH,RETEST,3,-0.17625838660809215
OPENING_RANGE_BREAKOUT_RETEST#2,OPENING_RANGE_BREAKOUT_RETEST,VALIDATION,VOLATILITY,HIGH,FAILED_BREAKOUT,2,0.2413733609385963
OPENING_RANGE_BREAKOUT_RETEST#2,OPENING_RANGE_BREAKOUT_RETEST,VALIDATION,VOLATILITY,HIGH,MOMENTUM_CONTINUATION,9,0.10292665431456428
OPENING_RANGE_BREAKOUT_RETEST#2,OPENING_RANGE_BREAKOUT_RETEST,VALIDATION,VOLATILITY,HIGH,REVERSAL_CONTEXT,3,-0.17689113162594108
OPENING_RANGE_BREAKOUT_RETEST#2,OPENING_RANGE_BREAKOUT_RETEST,VALIDATION,VOL_STATE,COMPRESSION,TREND_CONTINUATION,5,-1.0141569483712307
OPENING_RANGE_BREAKOUT_RETEST#2,OPENING_RANGE_BREAKOUT_RETEST,VALIDATION,VOL_STATE,COMPRESSION,RANGE_EXTREME,5,-1.0159639163008152
OPENING_RANGE_BREAKOUT_RETEST#2,OPENING_RANGE_BREAKOUT_RETEST,VALIDATION,VOL_STATE,COMPRESSION,RETEST,1,-1.0158378207158696
OPENING_RANGE_BREAKOUT_RETEST#2,OPENING_RANGE_BREAKOUT_RETEST,VALIDATION,VOL_STATE,COMPRESSION,FAILED_BREAKOUT,1,-1.0172532781228436
OPENING_RANGE_BREAKOUT_RETEST#2,OPENING_RANGE_BREAKOUT_RETEST,VALIDATION,VOL_STATE,COMPRESSION,MOMENTUM_CONTINUATION,3,-1.0156120022003243
OPENING_RANGE_BREAKOUT_RETEST#2,OPENING_RANGE_BREAKOUT_RETEST,VALIDATION,VOL_STATE,COMPRESSION,REVERSAL_CONTEXT,3,-0.17861124382863527
OPENING_RANGE_BREAKOUT_RETEST#2,OPENING_RANGE_BREAKOUT_RETEST,VALIDATION,VOL_STATE,EXPANSION,TREND_CONTINUATION,37,0.27563510254119084
OPENING_RANGE_BREAKOUT_RETEST#2,OPENING_RANGE_BREAKOUT_RETEST,VALIDATION,VOL_STATE,EXPANSION,PULLBACK,5,-0.010278773430911815
OPENING_RANGE_BREAKOUT_RETEST#2,OPENING_RANGE_BREAKOUT_RETEST,VALIDATION,VOL_STATE,EXPANSION,CONSOLIDATION,8,0.24150549387580622
OPENING_RANGE_BREAKOUT_RETEST#2,OPENING_RANGE_BREAKOUT_RETEST,VALIDATION,VOL_STATE,EXPANSION,COMPRESSION,4,0.2365042958575409
OPENING_RANGE_BREAKOUT_RETEST#2,OPENING_RANGE_BREAKOUT_RETEST,VALIDATION,VOL_STATE,EXPANSION,RANGE_EXTREME,34,0.09474884642667097
OPENING_RANGE_BREAKOUT_RETEST#2,OPENING_RANGE_BREAKOUT_RETEST,VALIDATION,VOL_STATE,EXPANSION,BREAKOUT_SETUP,2,-1.0133634297470162
OPENING_RANGE_BREAKOUT_RETEST#2,OPENING_RANGE_BREAKOUT_RETEST,VALIDATION,VOL_STATE,EXPANSION,RETEST,11,-0.0999178285584723
OPENING_RANGE_BREAKOUT_RETEST#2,OPENING_RANGE_BREAKOUT_RETEST,VALIDATION,VOL_STATE,EXPANSION,FAILED_BREAKOUT,4,0.8719413348014692
OPENING_RANGE_BREAKOUT_RETEST#2,OPENING_RANGE_BREAKOUT_RETEST,VALIDATION,VOL_STATE,EXPANSION,MOMENTUM_CONTINUATION,26,0.24192853227066727
OPENING_RANGE_BREAKOUT_RETEST#2,OPENING_RANGE_BREAKOUT_RETEST,VALIDATION,VOL_STATE,EXPANSION,REVERSAL_CONTEXT,8,0.2431006419540553
PREVIOUS_DAY_LEVELS#0,PREVIOUS_DAY_LEVELS,TRAIN,DIRECTION,DOWN,TREND_CONTINUATION,26,0.0907680591578537
PREVIOUS_DAY_LEVELS#0,PREVIOUS_DAY_LEVELS,TRAIN,DIRECTION,DOWN,PULLBACK,4,-0.38435048213046397
PREVIOUS_DAY_LEVELS#0,PREVIOUS_DAY_LEVELS,TRAIN,DIRECTION,DOWN,CONSOLIDATION,7,-0.39466089648203173
PREVIOUS_DAY_LEVELS#0,PREVIOUS_DAY_LEVELS,TRAIN,DIRECTION,DOWN,COMPRESSION,3,1.4999999999999638
PREVIOUS_DAY_LEVELS#0,PREVIOUS_DAY_LEVELS,TRAIN,DIRECTION,DOWN,RANGE_EXTREME,33,-0.08823566748959011
PREVIOUS_DAY_LEVELS#0,PREVIOUS_DAY_LEVELS,TRAIN,DIRECTION,DOWN,BREAKOUT_SETUP,1,-1.0111006271854361
PREVIOUS_DAY_LEVELS#0,PREVIOUS_DAY_LEVELS,TRAIN,DIRECTION,DOWN,RETEST,10,0.27837749725681143
PREVIOUS_DAY_LEVELS#0,PREVIOUS_DAY_LEVELS,TRAIN,DIRECTION,DOWN,FAILED_BREAKOUT,4,0.241587295305553
PREVIOUS_DAY_LEVELS#0,PREVIOUS_DAY_LEVELS,TRAIN,DIRECTION,DOWN,MOMENTUM_CONTINUATION,22,0.17730839884150185
PREVIOUS_DAY_LEVELS#0,PREVIOUS_DAY_LEVELS,TRAIN,DIRECTION,DOWN,REVERSAL_CONTEXT,12,-0.11056414315773168
PREVIOUS_DAY_LEVELS#0,PREVIOUS_DAY_LEVELS,TRAIN,DIRECTION,NEUTRAL,TREND_CONTINUATION,66,-0.009663335967736908
PREVIOUS_DAY_LEVELS#0,PREVIOUS_DAY_LEVELS,TRAIN,DIRECTION,NEUTRAL,PULLBACK,8,-0.3885940011192034
PREVIOUS_DAY_LEVELS#0,PREVIOUS_DAY_LEVELS,TRAIN,DIRECTION,NEUTRAL,CONSOLIDATION,8,-0.07176439316142791
PREVIOUS_DAY_LEVELS#0,PREVIOUS_DAY_LEVELS,TRAIN,DIRECTION,NEUTRAL,COMPRESSION,10,-0.4035438702758878
PREVIOUS_DAY_LEVELS#0,PREVIOUS_DAY_LEVELS,TRAIN,DIRECTION,NEUTRAL,RANGE_EXTREME,83,0.014160304509130193
PREVIOUS_DAY_LEVELS#0,PREVIOUS_DAY_LEVELS,TRAIN,DIRECTION,NEUTRAL,BREAKOUT_SETUP,1,1.5
PREVIOUS_DAY_LEVELS#0,PREVIOUS_DAY_LEVELS,TRAIN,DIRECTION,NEUTRAL,RETEST,16,-0.23830823157298736
PREVIOUS_DAY_LEVELS#0,PREVIOUS_DAY_LEVELS,TRAIN,DIRECTION,NEUTRAL,FAILED_BREAKOUT,8,-0.0693211493407439
PREVIOUS_DAY_LEVELS#0,PREVIOUS_DAY_LEVELS,TRAIN,DIRECTION,NEUTRAL,MOMENTUM_CONTINUATION,54,-0.04044856218353688
PREVIOUS_DAY_LEVELS#0,PREVIOUS_DAY_LEVELS,TRAIN,DIRECTION,NEUTRAL,REVERSAL_CONTEXT,27,-0.309851625639595
PREVIOUS_DAY_LEVELS#0,PREVIOUS_DAY_LEVELS,TRAIN,DIRECTION,UP,TREND_CONTINUATION,43,-0.4802414527660065
PREVIOUS_DAY_LEVELS#0,PREVIOUS_DAY_LEVELS,TRAIN,DIRECTION,UP,PULLBACK,6,0.6634531408385934
PREVIOUS_DAY_LEVELS#0,PREVIOUS_DAY_LEVELS,TRAIN,DIRECTION,UP,CONSOLIDATION,14,-0.08710857638202558
PREVIOUS_DAY_LEVELS#0,PREVIOUS_DAY_LEVELS,TRAIN,DIRECTION,UP,COMPRESSION,5,-0.35818285399709904
PREVIOUS_DAY_LEVELS#0,PREVIOUS_DAY_LEVELS,TRAIN,DIRECTION,UP,RANGE_EXTREME,54,-0.30987032282984267
PREVIOUS_DAY_LEVELS#0,PREVIOUS_DAY_LEVELS,TRAIN,DIRECTION,UP,BREAKOUT_SETUP,6,0.6635764322876835
PREVIOUS_DAY_LEVELS#0,PREVIOUS_DAY_LEVELS,TRAIN,DIRECTION,UP,RETEST,9,-0.7337547612308369
PREVIOUS_DAY_LEVELS#0,PREVIOUS_DAY_LEVELS,TRAIN,DIRECTION,UP,FAILED_BREAKOUT,8,-0.38453488251881546
PREVIOUS_DAY_LEVELS#0,PREVIOUS_DAY_LEVELS,TRAIN,DIRECTION,UP,MOMENTUM_CONTINUATION,32,-0.4541214894853302
PREVIOUS_DAY_LEVELS#0,PREVIOUS_DAY_LEVELS,TRAIN,DIRECTION,UP,REVERSAL_CONTEXT,29,-0.0458428510545104
PREVIOUS_DAY_LEVELS#0,PREVIOUS_DAY_LEVELS,TRAIN,TREND_STRENGTH,RANGE_LIKE,TREND_CONTINUATION,74,-0.20396898425626755
PREVIOUS_DAY_LEVELS#0,PREVIOUS_DAY_LEVELS,TRAIN,TREND_STRENGTH,RANGE_LIKE,PULLBACK,12,-0.1781105211549762
PREVIOUS_DAY_LEVELS#0,PREVIOUS_DAY_LEVELS,TRAIN,TREND_STRENGTH,RANGE_LIKE,CONSOLIDATION,16,-0.08929456301653727
PREVIOUS_DAY_LEVELS#0,PREVIOUS_DAY_LEVELS,TRAIN,TREND_STRENGTH,RANGE_LIKE,COMPRESSION,15,-0.07591874122052551
PREVIOUS_DAY_LEVELS#0,PREVIOUS_DAY_LEVELS,TRAIN,TREND_STRENGTH,RANGE_LIKE,RANGE_EXTREME,99,-0.045646767418046345
PREVIOUS_DAY_LEVELS#0,PREVIOUS_DAY_LEVELS,TRAIN,TREND_STRENGTH,RANGE_LIKE,BREAKOUT_SETUP,3,0.6631286596260325
PREVIOUS_DAY_LEVELS#0,PREVIOUS_DAY_LEVELS,TRAIN,TREND_STRENGTH,RANGE_LIKE,RETEST,18,-0.15782964816757927
PREVIOUS_DAY_LEVELS#0,PREVIOUS_DAY_LEVELS,TRAIN,TREND_STRENGTH,RANGE_LIKE,FAILED_BREAKOUT,10,-0.5084095437446535
PREVIOUS_DAY_LEVELS#0,PREVIOUS_DAY_LEVELS,TRAIN,TREND_STRENGTH,RANGE_LIKE,MOMENTUM_CONTINUATION,63,-0.20081911261661156
PREVIOUS_DAY_LEVELS#0,PREVIOUS_DAY_LEVELS,TRAIN,TREND_STRENGTH,RANGE_LIKE,REVERSAL_CONTEXT,40,-0.19395882117659097
PREVIOUS_DAY_LEVELS#0,PREVIOUS_DAY_LEVELS,TRAIN,TREND_STRENGTH,WEAK,TREND_CONTINUATION,61,-0.0628604634383757
PREVIOUS_DAY_LEVELS#0,PREVIOUS_DAY_LEVELS,TRAIN,TREND_STRENGTH,WEAK,PULLBACK,6,0.24531519356929865
PREVIOUS_DAY_LEVELS#0,PREVIOUS_DAY_LEVELS,TRAIN,TREND_STRENGTH,WEAK,CONSOLIDATION,13,-0.24058065244226204
PREVIOUS_DAY_LEVELS#0,PREVIOUS_DAY_LEVELS,TRAIN,TREND_STRENGTH,WEAK,COMPRESSION,3,-0.0625239514788664
PREVIOUS_DAY_LEVELS#0,PREVIOUS_DAY_LEVELS,TRAIN,TREND_STRENGTH,WEAK,RANGE_EXTREME,71,-0.1964850593144167
PREVIOUS_DAY_LEVELS#0,PREVIOUS_DAY_LEVELS,TRAIN,TREND_STRENGTH,WEAK,BREAKOUT_SETUP,5,0.49619439753251343
PREVIOUS_DAY_LEVELS#0,PREVIOUS_DAY_LEVELS,TRAIN,TREND_STRENGTH,WEAK,RETEST,17,-0.28188328921534045
PREVIOUS_DAY_LEVELS#0,PREVIOUS_DAY_LEVELS,TRAIN,TREND_STRENGTH,WEAK,FAILED_BREAKOUT,10,0.24195963637922735
PREVIOUS_DAY_LEVELS#0,PREVIOUS_DAY_LEVELS,TRAIN,TREND_STRENGTH,WEAK,MOMENTUM_CONTINUATION,45,-0.003638247824044131
PREVIOUS_DAY_LEVELS#0,PREVIOUS_DAY_LEVELS,TRAIN,TREND_STRENGTH,WEAK,REVERSAL_CONTEXT,28,-0.11656619441710743
PREVIOUS_DAY_LEVELS#0,PREVIOUS_DAY_LEVELS,TRAIN,VOLATILITY,LOW,TREND_CONTINUATION,27,-0.26923257895575226
PREVIOUS_DAY_LEVELS#0,PREVIOUS_DAY_LEVELS,TRAIN,VOLATILITY,LOW,PULLBACK,3,-0.1752717864410848
PREVIOUS_DAY_LEVELS#0,PREVIOUS_DAY_LEVELS,TRAIN,VOLATILITY,LOW,CONSOLIDATION,11,0.29368101994563145
PREVIOUS_DAY_LEVELS#0,PREVIOUS_DAY_LEVELS,TRAIN,VOLATILITY,LOW,COMPRESSION,2,1.49999999999998
PREVIOUS_DAY_LEVELS#0,PREVIOUS_DAY_LEVELS,TRAIN,VOLATILITY,LOW,RANGE_EXTREME,43,-0.09526298029415659
PREVIOUS_DAY_LEVELS#0,PREVIOUS_DAY_LEVELS,TRAIN,VOLATILITY,LOW,BREAKOUT_SETUP,2,1.4999999999999796
PREVIOUS_DAY_LEVELS#0,PREVIOUS_DAY_LEVELS,TRAIN,VOLATILITY,LOW,RETEST,9,-0.2534528362356394
PREVIOUS_DAY_LEVELS#0,PREVIOUS_DAY_LEVELS,TRAIN,VOLATILITY,LOW,FAILED_BREAKOUT,6,-0.17300425950218967
PREVIOUS_DAY_LEVELS#0,PREVIOUS_DAY_LEVELS,TRAIN,VOLATILITY,LOW,MOMENTUM_CONTINUATION,22,-0.3289904651458533
PREVIOUS_DAY_LEVELS#0,PREVIOUS_DAY_LEVELS,TRAIN,VOLATILITY,LOW,REVERSAL_CONTEXT,17,-0.2727704482895337
PREVIOUS_DAY_LEVELS#0,PREVIOUS_DAY_LEVELS,TRAIN,VOLATILITY,NORMAL,TREND_CONTINUATION,54,-0.03713810896303392
PREVIOUS_DAY_LEVELS#0,PREVIOUS_DAY_LEVELS,TRAIN,VOLATILITY,NORMAL,PULLBACK,7,0.42070864246256334
PREVIOUS_DAY_LEVELS#0,PREVIOUS_DAY_LEVELS,TRAIN,VOLATILITY,NORMAL,CONSOLIDATION,12,-0.34998089431406654
PREVIOUS_DAY_LEVELS#0,PREVIOUS_DAY_LEVELS,TRAIN,VOLATILITY,NORMAL,COMPRESSION,9,-0.13365841500192638
PREVIOUS_DAY_LEVELS#0,PREVIOUS_DAY_LEVELS,TRAIN,VOLATILITY,NORMAL,RANGE_EXTREME,66,-0.06250612517471076
PREVIOUS_DAY_LEVELS#0,PREVIOUS_DAY_LEVELS,TRAIN,VOLATILITY,NORMAL,BREAKOUT_SETUP,3,0.6631286596260325
PREVIOUS_DAY_LEVELS#0,PREVIOUS_DAY_LEVELS,TRAIN,VOLATILITY,NORMAL,RETEST,14,-0.29720745975761276
PREVIOUS_DAY_LEVELS#0,PREVIOUS_DAY_LEVELS,TRAIN,VOLATILITY,NORMAL,FAILED_BREAKOUT,11,-0.1004531880674474
PREVIOUS_DAY_LEVELS#0,PREVIOUS_DAY_LEVELS,TRAIN,VOLATILITY,NORMAL,MOMENTUM_CONTINUATION,42,0.002406474286393697
PREVIOUS_DAY_LEVELS#0,PREVIOUS_DAY_LEVELS,TRAIN,VOLATILITY,NORMAL,REVERSAL_CONTEXT,28,-0.013192359047260056
PREVIOUS_DAY_LEVELS#0,PREVIOUS_DAY_LEVELS,TRAIN,VOLATILITY,HIGH,TREND_CONTINUATION,54,-0.17876769609065876
PREVIOUS_DAY_LEVELS#0,PREVIOUS_DAY_LEVELS,TRAIN,VOLATILITY,HIGH,PULLBACK,8,-0.3855725287948264
PREVIOUS_DAY_LEVELS#0,PREVIOUS_DAY_LEVELS,TRAIN,VOLATILITY,HIGH,CONSOLIDATION,6,-0.5978303296078584
PREVIOUS_DAY_LEVELS#0,PREVIOUS_DAY_LEVELS,TRAIN,VOLATILITY,HIGH,COMPRESSION,7,-0.44620389110387215
PREVIOUS_DAY_LEVELS#0,PREVIOUS_DAY_LEVELS,TRAIN,VOLATILITY,HIGH,RANGE_EXTREME,61,-0.16799601264804148
PREVIOUS_DAY_LEVELS#0,PREVIOUS_DAY_LEVELS,TRAIN,VOLATILITY,HIGH,BREAKOUT_SETUP,3,-0.17300933744579736
PREVIOUS_DAY_LEVELS#0,PREVIOUS_DAY_LEVELS,TRAIN,VOLATILITY,HIGH,RETEST,12,-0.09924746841249012
PREVIOUS_DAY_LEVELS#0,PREVIOUS_DAY_LEVELS,TRAIN,VOLATILITY,HIGH,FAILED_BREAKOUT,3,-0.17382948263306774
PREVIOUS_DAY_LEVELS#0,PREVIOUS_DAY_LEVELS,TRAIN,VOLATILITY,HIGH,MOMENTUM_CONTINUATION,44,-0.12905924849427913
PREVIOUS_DAY_LEVELS#0,PREVIOUS_DAY_LEVELS,TRAIN,VOLATILITY,HIGH,REVERSAL_CONTEXT,23,-0.26155315723901273
PREVIOUS_DAY_LEVELS#0,PREVIOUS_DAY_LEVELS,TRAIN,VOL_STATE,COMPRESSION,TREND_CONTINUATION,15,-0.3433937416569286
PREVIOUS_DAY_LEVELS#0,PREVIOUS_DAY_LEVELS,TRAIN,VOL_STATE,COMPRESSION,PULLBACK,1,-1.0175577210078126
PREVIOUS_DAY_LEVELS#0,PREVIOUS_DAY_LEVELS,TRAIN,VOL_STATE,COMPRESSION,CONSOLIDATION,7,0.06427180808744692
PREVIOUS_DAY_LEVELS#0,PREVIOUS_DAY_LEVELS,TRAIN,VOL_STATE,COMPRESSION,COMPRESSION,1,1.5
PREVIOUS_DAY_LEVELS#0,PREVIOUS_DAY_LEVELS,TRAIN,VOL_STATE,COMPRESSION,RANGE_EXTREME,23,-0.24879787125579975
PREVIOUS_DAY_LEVELS#0,PREVIOUS_DAY_LEVELS,TRAIN,VOL_STATE,COMPRESSION,RETEST,7,0.06468821442554039
PREVIOUS_DAY_LEVELS#0,PREVIOUS_DAY_LEVELS,TRAIN,VOL_STATE,COMPRESSION,FAILED_BREAKOUT,1,-1.0067581266472936
PREVIOUS_DAY_LEVELS#0,PREVIOUS_DAY_LEVELS,TRAIN,VOL_STATE,COMPRESSION,MOMENTUM_CONTINUATION,14,-0.2962104764053545
PREVIOUS_DAY_LEVELS#0,PREVIOUS_DAY_LEVELS,TRAIN,VOL_STATE,COMPRESSION,REVERSAL_CONTEXT,10,-0.5104363164955894
PREVIOUS_DAY_LEVELS#0,PREVIOUS_DAY_LEVELS,TRAIN,VOL_STATE,EXPANSION,TREND_CONTINUATION,120,-0.1148107248320899
PREVIOUS_DAY_LEVELS#0,PREVIOUS_DAY_LEVELS,TRAIN,VOL_STATE,EXPANSION,PULLBACK,17,0.020713095797875926
PREVIOUS_DAY_LEVELS#0,PREVIOUS_DAY_LEVELS,TRAIN,VOL_STATE,EXPANSION,CONSOLIDATION,22,-0.22755291575573325
PREVIOUS_DAY_LEVELS#0,PREVIOUS_DAY_LEVELS,TRAIN,VOL_STATE,EXPANSION,COMPRESSION,17,-0.16625605722026365
PREVIOUS_DAY_LEVELS#0,PREVIOUS_DAY_LEVELS,TRAIN,VOL_STATE,EXPANSION,RANGE_EXTREME,147,-0.08671508943419577
PREVIOUS_DAY_LEVELS#0,PREVIOUS_DAY_LEVELS,TRAIN,VOL_STATE,EXPANSION,BREAKOUT_SETUP,8,0.558794745817583
PREVIOUS_DAY_LEVELS#0,PREVIOUS_DAY_LEVELS,TRAIN,VOL_STATE,EXPANSION,RETEST,28,-0.2887773958805714
PREVIOUS_DAY_LEVELS#0,PREVIOUS_DAY_LEVELS,TRAIN,VOL_STATE,EXPANSION,FAILED_BREAKOUT,19,-0.08724952352668257
PREVIOUS_DAY_LEVELS#0,PREVIOUS_DAY_LEVELS,TRAIN,VOL_STATE,EXPANSION,MOMENTUM_CONTINUATION,94,-0.09221679337503781
PREVIOUS_DAY_LEVELS#0,PREVIOUS_DAY_LEVELS,TRAIN,VOL_STATE,EXPANSION,REVERSAL_CONTEXT,58,-0.1020317780308061
PREVIOUS_DAY_LEVELS#0,PREVIOUS_DAY_LEVELS,VALIDATION,DIRECTION,DOWN,TREND_CONTINUATION,18,0.1941168889999187
PREVIOUS_DAY_LEVELS#0,PREVIOUS_DAY_LEVELS,VALIDATION,DIRECTION,DOWN,PULLBACK,2,-1.0142346164075913
PREVIOUS_DAY_LEVELS#0,PREVIOUS_DAY_LEVELS,VALIDATION,DIRECTION,DOWN,CONSOLIDATION,6,-0.17699994364279156
PREVIOUS_DAY_LEVELS#0,PREVIOUS_DAY_LEVELS,VALIDATION,DIRECTION,DOWN,COMPRESSION,3,-1.011418028366459
PREVIOUS_DAY_LEVELS#0,PREVIOUS_DAY_LEVELS,VALIDATION,DIRECTION,DOWN,RANGE_EXTREME,24,0.10195057621269248
PREVIOUS_DAY_LEVELS#0,PREVIOUS_DAY_LEVELS,VALIDATION,DIRECTION,DOWN,BREAKOUT_SETUP,2,-1.0153257040304102
PREVIOUS_DAY_LEVELS#0,PREVIOUS_DAY_LEVELS,VALIDATION,DIRECTION,DOWN,RETEST,5,-0.5138125192178529
PREVIOUS_DAY_LEVELS#0,PREVIOUS_DAY_LEVELS,VALIDATION,DIRECTION,DOWN,FAILED_BREAKOUT,3,-0.17638887950586826
PREVIOUS_DAY_LEVELS#0,PREVIOUS_DAY_LEVELS,VALIDATION,DIRECTION,DOWN,MOMENTUM_CONTINUATION,14,0.18063249673853907
PREVIOUS_DAY_LEVELS#0,PREVIOUS_DAY_LEVELS,VALIDATION,DIRECTION,DOWN,REVERSAL_CONTEXT,13,-0.2398404564792615
PREVIOUS_DAY_LEVELS#0,PREVIOUS_DAY_LEVELS,VALIDATION,DIRECTION,NEUTRAL,TREND_CONTINUATION,26,0.003385352941823815
PREVIOUS_DAY_LEVELS#0,PREVIOUS_DAY_LEVELS,VALIDATION,DIRECTION,NEUTRAL,PULLBACK,3,0.14881740276140523
PREVIOUS_DAY_LEVELS#0,PREVIOUS_DAY_LEVELS,VALIDATION,DIRECTION,NEUTRAL,CONSOLIDATION,5,-0.012970223319536744
PREVIOUS_DAY_LEVELS#0,PREVIOUS_DAY_LEVELS,VALIDATION,DIRECTION,NEUTRAL,COMPRESSION,5,-0.014802277326491841
PREVIOUS_DAY_LEVELS#0,PREVIOUS_DAY_LEVELS,VALIDATION,DIRECTION,NEUTRAL,RANGE_EXTREME,29,0.20646771312375356
PREVIOUS_DAY_LEVELS#0,PREVIOUS_DAY_LEVELS,VALIDATION,DIRECTION,NEUTRAL,RETEST,5,-0.5150863026546684
PREVIOUS_DAY_LEVELS#0,PREVIOUS_DAY_LEVELS,VALIDATION,DIRECTION,NEUTRAL,FAILED_BREAKOUT,4,0.23452642543927987
PREVIOUS_DAY_LEVELS#0,PREVIOUS_DAY_LEVELS,VALIDATION,DIRECTION,NEUTRAL,MOMENTUM_CONTINUATION,20,-0.1367798485068869
PREVIOUS_DAY_LEVELS#0,PREVIOUS_DAY_LEVELS,VALIDATION,DIRECTION,NEUTRAL,REVERSAL_CONTEXT,10,0.2218140008383414
PREVIOUS_DAY_LEVELS#0,PREVIOUS_DAY_LEVELS,VALIDATION,DIRECTION,UP,TREND_CONTINUATION,20,-0.007896064479481334
PREVIOUS_DAY_LEVELS#0,PREVIOUS_DAY_LEVELS,VALIDATION,DIRECTION,UP,PULLBACK,6,-1.0165798552331127
PREVIOUS_DAY_LEVELS#0,PREVIOUS_DAY_LEVELS,VALIDATION,DIRECTION,UP,CONSOLIDATION,4,-0.382473415113298
PREVIOUS_DAY_LEVELS#0,PREVIOUS_DAY_LEVELS,VALIDATION,DIRECTION,UP,COMPRESSION,3,-1.0148767335664257
PREVIOUS_DAY_LEVELS#0,PREVIOUS_DAY_LEVELS,VALIDATION,DIRECTION,UP,RANGE_EXTREME,22,-0.09907189902362189
PREVIOUS_DAY_LEVELS#0,PREVIOUS_DAY_LEVELS,VALIDATION,DIRECTION,UP,BREAKOUT_SETUP,2,-1.017376462288717
PREVIOUS_DAY_LEVELS#0,PREVIOUS_DAY_LEVELS,VALIDATION,DIRECTION,UP,RETEST,4,0.24508700951713097
PREVIOUS_DAY_LEVELS#0,PREVIOUS_DAY_LEVELS,VALIDATION,DIRECTION,UP,FAILED_BREAKOUT,4,-1.0089027965674997
PREVIOUS_DAY_LEVELS#0,PREVIOUS_DAY_LEVELS,VALIDATION,DIRECTION,UP,MOMENTUM_CONTINUATION,19,0.045337655784357035
PREVIOUS_DAY_LEVELS#0,PREVIOUS_DAY_LEVELS,VALIDATION,DIRECTION,UP,REVERSAL_CONTEXT,12,-0.8047903156072334
PREVIOUS_DAY_LEVELS#0,PREVIOUS_DAY_LEVELS,VALIDATION,TREND_STRENGTH,RANGE_LIKE,TREND_CONTINUATION,38,0.2118327548567287
PREVIOUS_DAY_LEVELS#0,PREVIOUS_DAY_LEVELS,VALIDATION,TREND_STRENGTH,RANGE_LIKE,PULLBACK,5,-0.8219672288765683
PREVIOUS_DAY_LEVELS#0,PREVIOUS_DAY_LEVELS,VALIDATION,TREND_STRENGTH,RANGE_LIKE,CONSOLIDATION,8,-0.07446661872295596
PREVIOUS_DAY_LEVELS#0,PREVIOUS_DAY_LEVELS,VALIDATION,TREND_STRENGTH,RANGE_LIKE,COMPRESSION,10,-0.5134771522000665
PREVIOUS_DAY_LEVELS#0,PREVIOUS_DAY_LEVELS,VALIDATION,TREND_STRENGTH,RANGE_LIKE,RANGE_EXTREME,43,0.21924632754517082
PREVIOUS_DAY_LEVELS#0,PREVIOUS_DAY_LEVELS,VALIDATION,TREND_STRENGTH,RANGE_LIKE,RETEST,8,-0.38810669744402226
PREVIOUS_DAY_LEVELS#0,PREVIOUS_DAY_LEVELS,VALIDATION,TREND_STRENGTH,RANGE_LIKE,FAILED_BREAKOUT,8,-0.07429253379998621
PREVIOUS_DAY_LEVELS#0,PREVIOUS_DAY_LEVELS,VALIDATION,TREND_STRENGTH,RANGE_LIKE,MOMENTUM_CONTINUATION,30,0.1579906504822874
PREVIOUS_DAY_LEVELS#0,PREVIOUS_DAY_LEVELS,VALIDATION,TREND_STRENGTH,RANGE_LIKE,REVERSAL_CONTEXT,19,-0.23107609855324163
PREVIOUS_DAY_LEVELS#0,PREVIOUS_DAY_LEVELS,VALIDATION,TREND_STRENGTH,WEAK,TREND_CONTINUATION,26,-0.17790164598689853
PREVIOUS_DAY_LEVELS#0,PREVIOUS_DAY_LEVELS,VALIDATION,TREND_STRENGTH,WEAK,PULLBACK,6,-0.5952766685911336
PREVIOUS_DAY_LEVELS#0,PREVIOUS_DAY_LEVELS,VALIDATION,TREND_STRENGTH,WEAK,CONSOLIDATION,7,-0.29443021273199677
PREVIOUS_DAY_LEVELS#0,PREVIOUS_DAY_LEVELS,VALIDATION,TREND_STRENGTH,WEAK,COMPRESSION,1,-1.0181241504304477
PREVIOUS_DAY_LEVELS#0,PREVIOUS_DAY_LEVELS,VALIDATION,TREND_STRENGTH,WEAK,RANGE_EXTREME,32,-0.09914988603964228
PREVIOUS_DAY_LEVELS#0,PREVIOUS_DAY_LEVELS,VALIDATION,TREND_STRENGTH,WEAK,BREAKOUT_SETUP,4,-1.0163510831595637
PREVIOUS_DAY_LEVELS#0,PREVIOUS_DAY_LEVELS,VALIDATION,TREND_STRENGTH,WEAK,RETEST,6,-0.17654874862365086
PREVIOUS_DAY_LEVELS#0,PREVIOUS_DAY_LEVELS,VALIDATION,TREND_STRENGTH,WEAK,FAILED_BREAKOUT,3,-1.0107772842101983
PREVIOUS_DAY_LEVELS#0,PREVIOUS_DAY_LEVELS,VALIDATION,TREND_STRENGTH,WEAK,MOMENTUM_CONTINUATION,23,-0.17761069871147955
PREVIOUS_DAY_LEVELS#0,PREVIOUS_DAY_LEVELS,VALIDATION,TREND_STRENGTH,WEAK,REVERSAL_CONTEXT,16,-0.38542649003888707
PREVIOUS_DAY_LEVELS#0,PREVIOUS_DAY_LEVELS,VALIDATION,VOLATILITY,LOW,TREND_CONTINUATION,11,-0.5549765328443569
PREVIOUS_DAY_LEVELS#0,PREVIOUS_DAY_LEVELS,VALIDATION,VOLATILITY,LOW,PULLBACK,2,-0.5277937197148117
PREVIOUS_DAY_LEVELS#0,PREVIOUS_DAY_LEVELS,VALIDATION,VOLATILITY,LOW,CONSOLIDATION,5,-0.5111968593707075
PREVIOUS_DAY_LEVELS#0,PREVIOUS_DAY_LEVELS,VALIDATION,VOLATILITY,LOW,COMPRESSION,3,-0.17847208320656124
PREVIOUS_DAY_LEVELS#0,PREVIOUS_DAY_LEVELS,VALIDATION,VOLATILITY,LOW,RANGE_EXTREME,13,-0.04594903619108529
PREVIOUS_DAY_LEVELS#0,PREVIOUS_DAY_LEVELS,VALIDATION,VOLATILITY,LOW,RETEST,1,-1.0175638886449445
PREVIOUS_DAY_LEVELS#0,PREVIOUS_DAY_LEVELS,VALIDATION,VOLATILITY,LOW,FAILED_BREAKOUT,3,-1.0106262845308471
PREVIOUS_DAY_LEVELS#0,PREVIOUS_DAY_LEVELS,VALIDATION,VOLATILITY,LOW,MOMENTUM_CONTINUATION,10,-0.7604741861287925
PREVIOUS_DAY_LEVELS#0,PREVIOUS_DAY_LEVELS,VALIDATION,VOLATILITY,LOW,REVERSAL_CONTEXT,9,-0.3467766613125952
PREVIOUS_DAY_LEVELS#0,PREVIOUS_DAY_LEVELS,VALIDATION,VOLATILITY,NORMAL,TREND_CONTINUATION,32,0.17788721618483605
PREVIOUS_DAY_LEVELS#0,PREVIOUS_DAY_LEVELS,VALIDATION,VOLATILITY,NORMAL,PULLBACK,6,-0.5974956274021394
PREVIOUS_DAY_LEVELS#0,PREVIOUS_DAY_LEVELS,VALIDATION,VOLATILITY,NORMAL,CONSOLIDATION,6,0.24086753698879082
PREVIOUS_DAY_LEVELS#0,PREVIOUS_DAY_LEVELS,VALIDATION,VOLATILITY,NORMAL,COMPRESSION,4,-0.3926891274454698
PREVIOUS_DAY_LEVELS#0,PREVIOUS_DAY_LEVELS,VALIDATION,VOLATILITY,NORMAL,RANGE_EXTREME,39,0.12922042195256614
PREVIOUS_DAY_LEVELS#0,PREVIOUS_DAY_LEVELS,VALIDATION,VOLATILITY,NORMAL,BREAKOUT_SETUP,2,-1.0152960428865778
PREVIOUS_DAY_LEVELS#0,PREVIOUS_DAY_LEVELS,VALIDATION,VOLATILITY,NORMAL,RETEST,9,-0.17780158373769747
PREVIOUS_DAY_LEVELS#0,PREVIOUS_DAY_LEVELS,VALIDATION,VOLATILITY,NORMAL,FAILED_BREAKOUT,5,-0.010459313098642476
PREVIOUS_DAY_LEVELS#0,PREVIOUS_DAY_LEVELS,VALIDATION,VOLATILITY,NORMAL,MOMENTUM_CONTINUATION,24,0.09950464669925178
PREVIOUS_DAY_LEVELS#0,PREVIOUS_DAY_LEVELS,VALIDATION,VOLATILITY,NORMAL,REVERSAL_CONTEXT,16,-0.1445762374638311
PREVIOUS_DAY_LEVELS#0,PREVIOUS_DAY_LEVELS,VALIDATION,VOLATILITY,HIGH,TREND_CONTINUATION,21,0.18269299201283323
PREVIOUS_DAY_LEVELS#0,PREVIOUS_DAY_LEVELS,VALIDATION,VOLATILITY,HIGH,PULLBACK,3,-1.0136449840290613
PREVIOUS_DAY_LEVELS#0,PREVIOUS_DAY_LEVELS,VALIDATION,VOLATILITY,HIGH,CONSOLIDATION,4,-0.3864913409967084
PREVIOUS_DAY_LEVELS#0,PREVIOUS_DAY_LEVELS,VALIDATION,VOLATILITY,HIGH,COMPRESSION,4,-1.0116807282573876
PREVIOUS_DAY_LEVELS#0,PREVIOUS_DAY_LEVELS,VALIDATION,VOLATILITY,HIGH,RANGE_EXTREME,23,0.07880594545686169
PREVIOUS_DAY_LEVELS#0,PREVIOUS_DAY_LEVELS,VALIDATION,VOLATILITY,HIGH,BREAKOUT_SETUP,2,-1.0174061234325493
PREVIOUS_DAY_LEVELS#0,PREVIOUS_DAY_LEVELS,VALIDATION,VOLATILITY,HIGH,RETEST,4,-0.3865919822524652
PREVIOUS_DAY_LEVELS#0,PREVIOUS_DAY_LEVELS,VALIDATION,VOLATILITY,HIGH,FAILED_BREAKOUT,3,-0.1808322346482436
PREVIOUS_DAY_LEVELS#0,PREVIOUS_DAY_LEVELS,VALIDATION,VOLATILITY,HIGH,MOMENTUM_CONTINUATION,19,0.30901598866370916
PREVIOUS_DAY_LEVELS#0,PREVIOUS_DAY_LEVELS,VALIDATION,VOLATILITY,HIGH,REVERSAL_CONTEXT,10,-0.5123059961899129
PREVIOUS_DAY_LEVELS#0,PREVIOUS_DAY_LEVELS,VALIDATION,VOL_STATE,COMPRESSION,TREND_CONTINUATION,10,-0.25932527211943845
PREVIOUS_DAY_LEVELS#0,PREVIOUS_DAY_LEVELS,VALIDATION,VOL_STATE,COMPRESSION,CONSOLIDATION,1,-1.009528346831825
PREVIOUS_DAY_LEVELS#0,PREVIOUS_DAY_LEVELS,VALIDATION,VOL_STATE,COMPRESSION,COMPRESSION,2,0.23070243149363445
PREVIOUS_DAY_LEVELS#0,PREVIOUS_DAY_LEVELS,VALIDATION,VOL_STATE,COMPRESSION,RANGE_EXTREME,9,-0.1727397315757393
PREVIOUS_DAY_LEVELS#0,PREVIOUS_DAY_LEVELS,VALIDATION,VOL_STATE,COMPRESSION,RETEST,3,-0.17178213310249588
PREVIOUS_DAY_LEVELS#0,PREVIOUS_DAY_LEVELS,VALIDATION,VOL_STATE,COMPRESSION,FAILED_BREAKOUT,1,-1.038595137012731
PREVIOUS_DAY_LEVELS#0,PREVIOUS_DAY_LEVELS,VALIDATION,VOL_STATE,COMPRESSION,MOMENTUM_CONTINUATION,8,-0.38183219802270674
PREVIOUS_DAY_LEVELS#0,PREVIOUS_DAY_LEVELS,VALIDATION,VOL_STATE,COMPRESSION,REVERSAL_CONTEXT,1,-1.038595137012731
PREVIOUS_DAY_LEVELS#0,PREVIOUS_DAY_LEVELS,VALIDATION,VOL_STATE,EXPANSION,TREND_CONTINUATION,54,0.1114343446313095
PREVIOUS_DAY_LEVELS#0,PREVIOUS_DAY_LEVELS,VALIDATION,VOL_STATE,EXPANSION,PULLBACK,11,-0.6983178323572403
PREVIOUS_DAY_LEVELS#0,PREVIOUS_DAY_LEVELS,VALIDATION,VOL_STATE,EXPANSION,CONSOLIDATION,14,-0.11765829229112863
PREVIOUS_DAY_LEVELS#0,PREVIOUS_DAY_LEVELS,VALIDATION,VOL_STATE,EXPANSION,COMPRESSION,9,-0.7349222817131535
PREVIOUS_DAY_LEVELS#0,PREVIOUS_DAY_LEVELS,VALIDATION,VOL_STATE,EXPANSION,RANGE_EXTREME,66,0.11832505023265824
PREVIOUS_DAY_LEVELS#0,PREVIOUS_DAY_LEVELS,VALIDATION,VOL_STATE,EXPANSION,BREAKOUT_SETUP,4,-1.0163510831595637
PREVIOUS_DAY_LEVELS#0,PREVIOUS_DAY_LEVELS,VALIDATION,VOL_STATE,EXPANSION,RETEST,11,-0.3317090610896905
PREVIOUS_DAY_LEVELS#0,PREVIOUS_DAY_LEVELS,VALIDATION,VOL_STATE,EXPANSION,FAILED_BREAKOUT,10,-0.25880769860177527
PREVIOUS_DAY_LEVELS#0,PREVIOUS_DAY_LEVELS,VALIDATION,VOL_STATE,EXPANSION,MOMENTUM_CONTINUATION,45,0.08242957840636105
PREVIOUS_DAY_LEVELS#0,PREVIOUS_DAY_LEVELS,VALIDATION,VOL_STATE,EXPANSION,REVERSAL_CONTEXT,34,-0.2799610169447368
PREVIOUS_DAY_LEVELS#1,PREVIOUS_DAY_LEVELS,TRAIN,DIRECTION,DOWN,TREND_CONTINUATION,26,0.0907680591578537
PREVIOUS_DAY_LEVELS#1,PREVIOUS_DAY_LEVELS,TRAIN,DIRECTION,DOWN,PULLBACK,4,-0.38435048213046397
PREVIOUS_DAY_LEVELS#1,PREVIOUS_DAY_LEVELS,TRAIN,DIRECTION,DOWN,CONSOLIDATION,7,-0.39466089648203173
PREVIOUS_DAY_LEVELS#1,PREVIOUS_DAY_LEVELS,TRAIN,DIRECTION,DOWN,COMPRESSION,3,1.4999999999999638
PREVIOUS_DAY_LEVELS#1,PREVIOUS_DAY_LEVELS,TRAIN,DIRECTION,DOWN,RANGE_EXTREME,33,-0.08823566748959011
PREVIOUS_DAY_LEVELS#1,PREVIOUS_DAY_LEVELS,TRAIN,DIRECTION,DOWN,BREAKOUT_SETUP,1,-1.0111006271854361
PREVIOUS_DAY_LEVELS#1,PREVIOUS_DAY_LEVELS,TRAIN,DIRECTION,DOWN,RETEST,10,0.27837749725681143
PREVIOUS_DAY_LEVELS#1,PREVIOUS_DAY_LEVELS,TRAIN,DIRECTION,DOWN,FAILED_BREAKOUT,4,0.241587295305553
PREVIOUS_DAY_LEVELS#1,PREVIOUS_DAY_LEVELS,TRAIN,DIRECTION,DOWN,MOMENTUM_CONTINUATION,22,0.17730839884150185
PREVIOUS_DAY_LEVELS#1,PREVIOUS_DAY_LEVELS,TRAIN,DIRECTION,DOWN,REVERSAL_CONTEXT,12,-0.11056414315773168
PREVIOUS_DAY_LEVELS#1,PREVIOUS_DAY_LEVELS,TRAIN,DIRECTION,NEUTRAL,TREND_CONTINUATION,66,-0.009663335967736908
PREVIOUS_DAY_LEVELS#1,PREVIOUS_DAY_LEVELS,TRAIN,DIRECTION,NEUTRAL,PULLBACK,8,-0.3885940011192034
PREVIOUS_DAY_LEVELS#1,PREVIOUS_DAY_LEVELS,TRAIN,DIRECTION,NEUTRAL,CONSOLIDATION,8,-0.07176439316142791
PREVIOUS_DAY_LEVELS#1,PREVIOUS_DAY_LEVELS,TRAIN,DIRECTION,NEUTRAL,COMPRESSION,10,-0.4035438702758878
PREVIOUS_DAY_LEVELS#1,PREVIOUS_DAY_LEVELS,TRAIN,DIRECTION,NEUTRAL,RANGE_EXTREME,83,0.014160304509130193
PREVIOUS_DAY_LEVELS#1,PREVIOUS_DAY_LEVELS,TRAIN,DIRECTION,NEUTRAL,BREAKOUT_SETUP,1,1.5
PREVIOUS_DAY_LEVELS#1,PREVIOUS_DAY_LEVELS,TRAIN,DIRECTION,NEUTRAL,RETEST,16,-0.23830823157298736
PREVIOUS_DAY_LEVELS#1,PREVIOUS_DAY_LEVELS,TRAIN,DIRECTION,NEUTRAL,FAILED_BREAKOUT,8,-0.0693211493407439
PREVIOUS_DAY_LEVELS#1,PREVIOUS_DAY_LEVELS,TRAIN,DIRECTION,NEUTRAL,MOMENTUM_CONTINUATION,54,-0.04044856218353688
PREVIOUS_DAY_LEVELS#1,PREVIOUS_DAY_LEVELS,TRAIN,DIRECTION,NEUTRAL,REVERSAL_CONTEXT,27,-0.309851625639595
PREVIOUS_DAY_LEVELS#1,PREVIOUS_DAY_LEVELS,TRAIN,DIRECTION,UP,TREND_CONTINUATION,43,-0.4802414527660065
PREVIOUS_DAY_LEVELS#1,PREVIOUS_DAY_LEVELS,TRAIN,DIRECTION,UP,PULLBACK,6,0.6634531408385934
PREVIOUS_DAY_LEVELS#1,PREVIOUS_DAY_LEVELS,TRAIN,DIRECTION,UP,CONSOLIDATION,14,-0.08710857638202558
PREVIOUS_DAY_LEVELS#1,PREVIOUS_DAY_LEVELS,TRAIN,DIRECTION,UP,COMPRESSION,5,-0.35818285399709904
PREVIOUS_DAY_LEVELS#1,PREVIOUS_DAY_LEVELS,TRAIN,DIRECTION,UP,RANGE_EXTREME,54,-0.30987032282984267
PREVIOUS_DAY_LEVELS#1,PREVIOUS_DAY_LEVELS,TRAIN,DIRECTION,UP,BREAKOUT_SETUP,6,0.6635764322876835
PREVIOUS_DAY_LEVELS#1,PREVIOUS_DAY_LEVELS,TRAIN,DIRECTION,UP,RETEST,9,-0.7337547612308369
PREVIOUS_DAY_LEVELS#1,PREVIOUS_DAY_LEVELS,TRAIN,DIRECTION,UP,FAILED_BREAKOUT,8,-0.38453488251881546
PREVIOUS_DAY_LEVELS#1,PREVIOUS_DAY_LEVELS,TRAIN,DIRECTION,UP,MOMENTUM_CONTINUATION,32,-0.4541214894853302
PREVIOUS_DAY_LEVELS#1,PREVIOUS_DAY_LEVELS,TRAIN,DIRECTION,UP,REVERSAL_CONTEXT,29,-0.0458428510545104
PREVIOUS_DAY_LEVELS#1,PREVIOUS_DAY_LEVELS,TRAIN,TREND_STRENGTH,RANGE_LIKE,TREND_CONTINUATION,74,-0.20396898425626755
PREVIOUS_DAY_LEVELS#1,PREVIOUS_DAY_LEVELS,TRAIN,TREND_STRENGTH,RANGE_LIKE,PULLBACK,12,-0.1781105211549762
PREVIOUS_DAY_LEVELS#1,PREVIOUS_DAY_LEVELS,TRAIN,TREND_STRENGTH,RANGE_LIKE,CONSOLIDATION,16,-0.08929456301653727
PREVIOUS_DAY_LEVELS#1,PREVIOUS_DAY_LEVELS,TRAIN,TREND_STRENGTH,RANGE_LIKE,COMPRESSION,15,-0.07591874122052551
PREVIOUS_DAY_LEVELS#1,PREVIOUS_DAY_LEVELS,TRAIN,TREND_STRENGTH,RANGE_LIKE,RANGE_EXTREME,99,-0.045646767418046345
PREVIOUS_DAY_LEVELS#1,PREVIOUS_DAY_LEVELS,TRAIN,TREND_STRENGTH,RANGE_LIKE,BREAKOUT_SETUP,3,0.6631286596260325
PREVIOUS_DAY_LEVELS#1,PREVIOUS_DAY_LEVELS,TRAIN,TREND_STRENGTH,RANGE_LIKE,RETEST,18,-0.15782964816757927
PREVIOUS_DAY_LEVELS#1,PREVIOUS_DAY_LEVELS,TRAIN,TREND_STRENGTH,RANGE_LIKE,FAILED_BREAKOUT,10,-0.5084095437446535
PREVIOUS_DAY_LEVELS#1,PREVIOUS_DAY_LEVELS,TRAIN,TREND_STRENGTH,RANGE_LIKE,MOMENTUM_CONTINUATION,63,-0.20081911261661156
PREVIOUS_DAY_LEVELS#1,PREVIOUS_DAY_LEVELS,TRAIN,TREND_STRENGTH,RANGE_LIKE,REVERSAL_CONTEXT,40,-0.19395882117659097
PREVIOUS_DAY_LEVELS#1,PREVIOUS_DAY_LEVELS,TRAIN,TREND_STRENGTH,WEAK,TREND_CONTINUATION,61,-0.0628604634383757
PREVIOUS_DAY_LEVELS#1,PREVIOUS_DAY_LEVELS,TRAIN,TREND_STRENGTH,WEAK,PULLBACK,6,0.24531519356929865
PREVIOUS_DAY_LEVELS#1,PREVIOUS_DAY_LEVELS,TRAIN,TREND_STRENGTH,WEAK,CONSOLIDATION,13,-0.24058065244226204
PREVIOUS_DAY_LEVELS#1,PREVIOUS_DAY_LEVELS,TRAIN,TREND_STRENGTH,WEAK,COMPRESSION,3,-0.0625239514788664
PREVIOUS_DAY_LEVELS#1,PREVIOUS_DAY_LEVELS,TRAIN,TREND_STRENGTH,WEAK,RANGE_EXTREME,71,-0.1964850593144167
PREVIOUS_DAY_LEVELS#1,PREVIOUS_DAY_LEVELS,TRAIN,TREND_STRENGTH,WEAK,BREAKOUT_SETUP,5,0.49619439753251343
PREVIOUS_DAY_LEVELS#1,PREVIOUS_DAY_LEVELS,TRAIN,TREND_STRENGTH,WEAK,RETEST,17,-0.28188328921534045
PREVIOUS_DAY_LEVELS#1,PREVIOUS_DAY_LEVELS,TRAIN,TREND_STRENGTH,WEAK,FAILED_BREAKOUT,10,0.24195963637922735
PREVIOUS_DAY_LEVELS#1,PREVIOUS_DAY_LEVELS,TRAIN,TREND_STRENGTH,WEAK,MOMENTUM_CONTINUATION,45,-0.003638247824044131
PREVIOUS_DAY_LEVELS#1,PREVIOUS_DAY_LEVELS,TRAIN,TREND_STRENGTH,WEAK,REVERSAL_CONTEXT,28,-0.11656619441710743
PREVIOUS_DAY_LEVELS#1,PREVIOUS_DAY_LEVELS,TRAIN,VOLATILITY,LOW,TREND_CONTINUATION,27,-0.26923257895575226
PREVIOUS_DAY_LEVELS#1,PREVIOUS_DAY_LEVELS,TRAIN,VOLATILITY,LOW,PULLBACK,3,-0.1752717864410848
PREVIOUS_DAY_LEVELS#1,PREVIOUS_DAY_LEVELS,TRAIN,VOLATILITY,LOW,CONSOLIDATION,11,0.29368101994563145
PREVIOUS_DAY_LEVELS#1,PREVIOUS_DAY_LEVELS,TRAIN,VOLATILITY,LOW,COMPRESSION,2,1.49999999999998
PREVIOUS_DAY_LEVELS#1,PREVIOUS_DAY_LEVELS,TRAIN,VOLATILITY,LOW,RANGE_EXTREME,43,-0.09526298029415659
PREVIOUS_DAY_LEVELS#1,PREVIOUS_DAY_LEVELS,TRAIN,VOLATILITY,LOW,BREAKOUT_SETUP,2,1.4999999999999796
PREVIOUS_DAY_LEVELS#1,PREVIOUS_DAY_LEVELS,TRAIN,VOLATILITY,LOW,RETEST,9,-0.2534528362356394
PREVIOUS_DAY_LEVELS#1,PREVIOUS_DAY_LEVELS,TRAIN,VOLATILITY,LOW,FAILED_BREAKOUT,6,-0.17300425950218967
PREVIOUS_DAY_LEVELS#1,PREVIOUS_DAY_LEVELS,TRAIN,VOLATILITY,LOW,MOMENTUM_CONTINUATION,22,-0.3289904651458533
PREVIOUS_DAY_LEVELS#1,PREVIOUS_DAY_LEVELS,TRAIN,VOLATILITY,LOW,REVERSAL_CONTEXT,17,-0.2727704482895337
PREVIOUS_DAY_LEVELS#1,PREVIOUS_DAY_LEVELS,TRAIN,VOLATILITY,NORMAL,TREND_CONTINUATION,54,-0.03713810896303392
PREVIOUS_DAY_LEVELS#1,PREVIOUS_DAY_LEVELS,TRAIN,VOLATILITY,NORMAL,PULLBACK,7,0.42070864246256334
PREVIOUS_DAY_LEVELS#1,PREVIOUS_DAY_LEVELS,TRAIN,VOLATILITY,NORMAL,CONSOLIDATION,12,-0.34998089431406654
PREVIOUS_DAY_LEVELS#1,PREVIOUS_DAY_LEVELS,TRAIN,VOLATILITY,NORMAL,COMPRESSION,9,-0.13365841500192638
PREVIOUS_DAY_LEVELS#1,PREVIOUS_DAY_LEVELS,TRAIN,VOLATILITY,NORMAL,RANGE_EXTREME,66,-0.06250612517471076
PREVIOUS_DAY_LEVELS#1,PREVIOUS_DAY_LEVELS,TRAIN,VOLATILITY,NORMAL,BREAKOUT_SETUP,3,0.6631286596260325
PREVIOUS_DAY_LEVELS#1,PREVIOUS_DAY_LEVELS,TRAIN,VOLATILITY,NORMAL,RETEST,14,-0.29720745975761276
PREVIOUS_DAY_LEVELS#1,PREVIOUS_DAY_LEVELS,TRAIN,VOLATILITY,NORMAL,FAILED_BREAKOUT,11,-0.1004531880674474
PREVIOUS_DAY_LEVELS#1,PREVIOUS_DAY_LEVELS,TRAIN,VOLATILITY,NORMAL,MOMENTUM_CONTINUATION,42,0.002406474286393697
PREVIOUS_DAY_LEVELS#1,PREVIOUS_DAY_LEVELS,TRAIN,VOLATILITY,NORMAL,REVERSAL_CONTEXT,28,-0.013192359047260056
PREVIOUS_DAY_LEVELS#1,PREVIOUS_DAY_LEVELS,TRAIN,VOLATILITY,HIGH,TREND_CONTINUATION,54,-0.17876769609065876
PREVIOUS_DAY_LEVELS#1,PREVIOUS_DAY_LEVELS,TRAIN,VOLATILITY,HIGH,PULLBACK,8,-0.3855725287948264
PREVIOUS_DAY_LEVELS#1,PREVIOUS_DAY_LEVELS,TRAIN,VOLATILITY,HIGH,CONSOLIDATION,6,-0.5978303296078584
PREVIOUS_DAY_LEVELS#1,PREVIOUS_DAY_LEVELS,TRAIN,VOLATILITY,HIGH,COMPRESSION,7,-0.44620389110387215
PREVIOUS_DAY_LEVELS#1,PREVIOUS_DAY_LEVELS,TRAIN,VOLATILITY,HIGH,RANGE_EXTREME,61,-0.16799601264804148
PREVIOUS_DAY_LEVELS#1,PREVIOUS_DAY_LEVELS,TRAIN,VOLATILITY,HIGH,BREAKOUT_SETUP,3,-0.17300933744579736
PREVIOUS_DAY_LEVELS#1,PREVIOUS_DAY_LEVELS,TRAIN,VOLATILITY,HIGH,RETEST,12,-0.09924746841249012
PREVIOUS_DAY_LEVELS#1,PREVIOUS_DAY_LEVELS,TRAIN,VOLATILITY,HIGH,FAILED_BREAKOUT,3,-0.17382948263306774
PREVIOUS_DAY_LEVELS#1,PREVIOUS_DAY_LEVELS,TRAIN,VOLATILITY,HIGH,MOMENTUM_CONTINUATION,44,-0.12905924849427913
PREVIOUS_DAY_LEVELS#1,PREVIOUS_DAY_LEVELS,TRAIN,VOLATILITY,HIGH,REVERSAL_CONTEXT,23,-0.26155315723901273
PREVIOUS_DAY_LEVELS#1,PREVIOUS_DAY_LEVELS,TRAIN,VOL_STATE,COMPRESSION,TREND_CONTINUATION,15,-0.3433937416569286
PREVIOUS_DAY_LEVELS#1,PREVIOUS_DAY_LEVELS,TRAIN,VOL_STATE,COMPRESSION,PULLBACK,1,-1.0175577210078126
PREVIOUS_DAY_LEVELS#1,PREVIOUS_DAY_LEVELS,TRAIN,VOL_STATE,COMPRESSION,CONSOLIDATION,7,0.06427180808744692
PREVIOUS_DAY_LEVELS#1,PREVIOUS_DAY_LEVELS,TRAIN,VOL_STATE,COMPRESSION,COMPRESSION,1,1.5
PREVIOUS_DAY_LEVELS#1,PREVIOUS_DAY_LEVELS,TRAIN,VOL_STATE,COMPRESSION,RANGE_EXTREME,23,-0.24879787125579975
PREVIOUS_DAY_LEVELS#1,PREVIOUS_DAY_LEVELS,TRAIN,VOL_STATE,COMPRESSION,RETEST,7,0.06468821442554039
PREVIOUS_DAY_LEVELS#1,PREVIOUS_DAY_LEVELS,TRAIN,VOL_STATE,COMPRESSION,FAILED_BREAKOUT,1,-1.0067581266472936
PREVIOUS_DAY_LEVELS#1,PREVIOUS_DAY_LEVELS,TRAIN,VOL_STATE,COMPRESSION,MOMENTUM_CONTINUATION,14,-0.2962104764053545
PREVIOUS_DAY_LEVELS#1,PREVIOUS_DAY_LEVELS,TRAIN,VOL_STATE,COMPRESSION,REVERSAL_CONTEXT,10,-0.5104363164955894
PREVIOUS_DAY_LEVELS#1,PREVIOUS_DAY_LEVELS,TRAIN,VOL_STATE,EXPANSION,TREND_CONTINUATION,120,-0.1148107248320899
PREVIOUS_DAY_LEVELS#1,PREVIOUS_DAY_LEVELS,TRAIN,VOL_STATE,EXPANSION,PULLBACK,17,0.020713095797875926
PREVIOUS_DAY_LEVELS#1,PREVIOUS_DAY_LEVELS,TRAIN,VOL_STATE,EXPANSION,CONSOLIDATION,22,-0.22755291575573325
PREVIOUS_DAY_LEVELS#1,PREVIOUS_DAY_LEVELS,TRAIN,VOL_STATE,EXPANSION,COMPRESSION,17,-0.16625605722026365
PREVIOUS_DAY_LEVELS#1,PREVIOUS_DAY_LEVELS,TRAIN,VOL_STATE,EXPANSION,RANGE_EXTREME,147,-0.08671508943419577
PREVIOUS_DAY_LEVELS#1,PREVIOUS_DAY_LEVELS,TRAIN,VOL_STATE,EXPANSION,BREAKOUT_SETUP,8,0.558794745817583
PREVIOUS_DAY_LEVELS#1,PREVIOUS_DAY_LEVELS,TRAIN,VOL_STATE,EXPANSION,RETEST,28,-0.2887773958805714
PREVIOUS_DAY_LEVELS#1,PREVIOUS_DAY_LEVELS,TRAIN,VOL_STATE,EXPANSION,FAILED_BREAKOUT,19,-0.08724952352668257
PREVIOUS_DAY_LEVELS#1,PREVIOUS_DAY_LEVELS,TRAIN,VOL_STATE,EXPANSION,MOMENTUM_CONTINUATION,94,-0.09221679337503781
PREVIOUS_DAY_LEVELS#1,PREVIOUS_DAY_LEVELS,TRAIN,VOL_STATE,EXPANSION,REVERSAL_CONTEXT,58,-0.1020317780308061
PREVIOUS_DAY_LEVELS#1,PREVIOUS_DAY_LEVELS,VALIDATION,DIRECTION,DOWN,TREND_CONTINUATION,18,0.1941168889999187
PREVIOUS_DAY_LEVELS#1,PREVIOUS_DAY_LEVELS,VALIDATION,DIRECTION,DOWN,PULLBACK,2,-1.0142346164075913
PREVIOUS_DAY_LEVELS#1,PREVIOUS_DAY_LEVELS,VALIDATION,DIRECTION,DOWN,CONSOLIDATION,6,-0.17699994364279156
PREVIOUS_DAY_LEVELS#1,PREVIOUS_DAY_LEVELS,VALIDATION,DIRECTION,DOWN,COMPRESSION,3,-1.011418028366459
PREVIOUS_DAY_LEVELS#1,PREVIOUS_DAY_LEVELS,VALIDATION,DIRECTION,DOWN,RANGE_EXTREME,24,0.10195057621269248
PREVIOUS_DAY_LEVELS#1,PREVIOUS_DAY_LEVELS,VALIDATION,DIRECTION,DOWN,BREAKOUT_SETUP,2,-1.0153257040304102
PREVIOUS_DAY_LEVELS#1,PREVIOUS_DAY_LEVELS,VALIDATION,DIRECTION,DOWN,RETEST,5,-0.5138125192178529
PREVIOUS_DAY_LEVELS#1,PREVIOUS_DAY_LEVELS,VALIDATION,DIRECTION,DOWN,FAILED_BREAKOUT,3,-0.17638887950586826
PREVIOUS_DAY_LEVELS#1,PREVIOUS_DAY_LEVELS,VALIDATION,DIRECTION,DOWN,MOMENTUM_CONTINUATION,14,0.18063249673853907
PREVIOUS_DAY_LEVELS#1,PREVIOUS_DAY_LEVELS,VALIDATION,DIRECTION,DOWN,REVERSAL_CONTEXT,13,-0.2398404564792615
PREVIOUS_DAY_LEVELS#1,PREVIOUS_DAY_LEVELS,VALIDATION,DIRECTION,NEUTRAL,TREND_CONTINUATION,26,0.003385352941823815
PREVIOUS_DAY_LEVELS#1,PREVIOUS_DAY_LEVELS,VALIDATION,DIRECTION,NEUTRAL,PULLBACK,3,0.14881740276140523
PREVIOUS_DAY_LEVELS#1,PREVIOUS_DAY_LEVELS,VALIDATION,DIRECTION,NEUTRAL,CONSOLIDATION,5,-0.012970223319536744
PREVIOUS_DAY_LEVELS#1,PREVIOUS_DAY_LEVELS,VALIDATION,DIRECTION,NEUTRAL,COMPRESSION,5,-0.014802277326491841
PREVIOUS_DAY_LEVELS#1,PREVIOUS_DAY_LEVELS,VALIDATION,DIRECTION,NEUTRAL,RANGE_EXTREME,29,0.20646771312375356
PREVIOUS_DAY_LEVELS#1,PREVIOUS_DAY_LEVELS,VALIDATION,DIRECTION,NEUTRAL,RETEST,5,-0.5150863026546684
PREVIOUS_DAY_LEVELS#1,PREVIOUS_DAY_LEVELS,VALIDATION,DIRECTION,NEUTRAL,FAILED_BREAKOUT,4,0.23452642543927987
PREVIOUS_DAY_LEVELS#1,PREVIOUS_DAY_LEVELS,VALIDATION,DIRECTION,NEUTRAL,MOMENTUM_CONTINUATION,20,-0.1367798485068869
PREVIOUS_DAY_LEVELS#1,PREVIOUS_DAY_LEVELS,VALIDATION,DIRECTION,NEUTRAL,REVERSAL_CONTEXT,10,0.2218140008383414
PREVIOUS_DAY_LEVELS#1,PREVIOUS_DAY_LEVELS,VALIDATION,DIRECTION,UP,TREND_CONTINUATION,20,-0.007896064479481334
PREVIOUS_DAY_LEVELS#1,PREVIOUS_DAY_LEVELS,VALIDATION,DIRECTION,UP,PULLBACK,6,-1.0165798552331127
PREVIOUS_DAY_LEVELS#1,PREVIOUS_DAY_LEVELS,VALIDATION,DIRECTION,UP,CONSOLIDATION,4,-0.382473415113298
PREVIOUS_DAY_LEVELS#1,PREVIOUS_DAY_LEVELS,VALIDATION,DIRECTION,UP,COMPRESSION,3,-1.0148767335664257
PREVIOUS_DAY_LEVELS#1,PREVIOUS_DAY_LEVELS,VALIDATION,DIRECTION,UP,RANGE_EXTREME,22,-0.09907189902362189
PREVIOUS_DAY_LEVELS#1,PREVIOUS_DAY_LEVELS,VALIDATION,DIRECTION,UP,BREAKOUT_SETUP,2,-1.017376462288717
PREVIOUS_DAY_LEVELS#1,PREVIOUS_DAY_LEVELS,VALIDATION,DIRECTION,UP,RETEST,4,0.24508700951713097
PREVIOUS_DAY_LEVELS#1,PREVIOUS_DAY_LEVELS,VALIDATION,DIRECTION,UP,FAILED_BREAKOUT,4,-1.0089027965674997
PREVIOUS_DAY_LEVELS#1,PREVIOUS_DAY_LEVELS,VALIDATION,DIRECTION,UP,MOMENTUM_CONTINUATION,19,0.045337655784357035
PREVIOUS_DAY_LEVELS#1,PREVIOUS_DAY_LEVELS,VALIDATION,DIRECTION,UP,REVERSAL_CONTEXT,12,-0.8047903156072334
PREVIOUS_DAY_LEVELS#1,PREVIOUS_DAY_LEVELS,VALIDATION,TREND_STRENGTH,RANGE_LIKE,TREND_CONTINUATION,38,0.2118327548567287
PREVIOUS_DAY_LEVELS#1,PREVIOUS_DAY_LEVELS,VALIDATION,TREND_STRENGTH,RANGE_LIKE,PULLBACK,5,-0.8219672288765683
PREVIOUS_DAY_LEVELS#1,PREVIOUS_DAY_LEVELS,VALIDATION,TREND_STRENGTH,RANGE_LIKE,CONSOLIDATION,8,-0.07446661872295596
PREVIOUS_DAY_LEVELS#1,PREVIOUS_DAY_LEVELS,VALIDATION,TREND_STRENGTH,RANGE_LIKE,COMPRESSION,10,-0.5134771522000665
PREVIOUS_DAY_LEVELS#1,PREVIOUS_DAY_LEVELS,VALIDATION,TREND_STRENGTH,RANGE_LIKE,RANGE_EXTREME,43,0.21924632754517082
PREVIOUS_DAY_LEVELS#1,PREVIOUS_DAY_LEVELS,VALIDATION,TREND_STRENGTH,RANGE_LIKE,RETEST,8,-0.38810669744402226
PREVIOUS_DAY_LEVELS#1,PREVIOUS_DAY_LEVELS,VALIDATION,TREND_STRENGTH,RANGE_LIKE,FAILED_BREAKOUT,8,-0.07429253379998621
PREVIOUS_DAY_LEVELS#1,PREVIOUS_DAY_LEVELS,VALIDATION,TREND_STRENGTH,RANGE_LIKE,MOMENTUM_CONTINUATION,30,0.1579906504822874
PREVIOUS_DAY_LEVELS#1,PREVIOUS_DAY_LEVELS,VALIDATION,TREND_STRENGTH,RANGE_LIKE,REVERSAL_CONTEXT,19,-0.23107609855324163
PREVIOUS_DAY_LEVELS#1,PREVIOUS_DAY_LEVELS,VALIDATION,TREND_STRENGTH,WEAK,TREND_CONTINUATION,26,-0.17790164598689853
PREVIOUS_DAY_LEVELS#1,PREVIOUS_DAY_LEVELS,VALIDATION,TREND_STRENGTH,WEAK,PULLBACK,6,-0.5952766685911336
PREVIOUS_DAY_LEVELS#1,PREVIOUS_DAY_LEVELS,VALIDATION,TREND_STRENGTH,WEAK,CONSOLIDATION,7,-0.29443021273199677
PREVIOUS_DAY_LEVELS#1,PREVIOUS_DAY_LEVELS,VALIDATION,TREND_STRENGTH,WEAK,COMPRESSION,1,-1.0181241504304477
PREVIOUS_DAY_LEVELS#1,PREVIOUS_DAY_LEVELS,VALIDATION,TREND_STRENGTH,WEAK,RANGE_EXTREME,32,-0.09914988603964228
PREVIOUS_DAY_LEVELS#1,PREVIOUS_DAY_LEVELS,VALIDATION,TREND_STRENGTH,WEAK,BREAKOUT_SETUP,4,-1.0163510831595637
PREVIOUS_DAY_LEVELS#1,PREVIOUS_DAY_LEVELS,VALIDATION,TREND_STRENGTH,WEAK,RETEST,6,-0.17654874862365086
PREVIOUS_DAY_LEVELS#1,PREVIOUS_DAY_LEVELS,VALIDATION,TREND_STRENGTH,WEAK,FAILED_BREAKOUT,3,-1.0107772842101983
PREVIOUS_DAY_LEVELS#1,PREVIOUS_DAY_LEVELS,VALIDATION,TREND_STRENGTH,WEAK,MOMENTUM_CONTINUATION,23,-0.17761069871147955
PREVIOUS_DAY_LEVELS#1,PREVIOUS_DAY_LEVELS,VALIDATION,TREND_STRENGTH,WEAK,REVERSAL_CONTEXT,16,-0.38542649003888707
PREVIOUS_DAY_LEVELS#1,PREVIOUS_DAY_LEVELS,VALIDATION,VOLATILITY,LOW,TREND_CONTINUATION,11,-0.5549765328443569
PREVIOUS_DAY_LEVELS#1,PREVIOUS_DAY_LEVELS,VALIDATION,VOLATILITY,LOW,PULLBACK,2,-0.5277937197148117
PREVIOUS_DAY_LEVELS#1,PREVIOUS_DAY_LEVELS,VALIDATION,VOLATILITY,LOW,CONSOLIDATION,5,-0.5111968593707075
PREVIOUS_DAY_LEVELS#1,PREVIOUS_DAY_LEVELS,VALIDATION,VOLATILITY,LOW,COMPRESSION,3,-0.17847208320656124
PREVIOUS_DAY_LEVELS#1,PREVIOUS_DAY_LEVELS,VALIDATION,VOLATILITY,LOW,RANGE_EXTREME,13,-0.04594903619108529
PREVIOUS_DAY_LEVELS#1,PREVIOUS_DAY_LEVELS,VALIDATION,VOLATILITY,LOW,RETEST,1,-1.0175638886449445
PREVIOUS_DAY_LEVELS#1,PREVIOUS_DAY_LEVELS,VALIDATION,VOLATILITY,LOW,FAILED_BREAKOUT,3,-1.0106262845308471
PREVIOUS_DAY_LEVELS#1,PREVIOUS_DAY_LEVELS,VALIDATION,VOLATILITY,LOW,MOMENTUM_CONTINUATION,10,-0.7604741861287925
PREVIOUS_DAY_LEVELS#1,PREVIOUS_DAY_LEVELS,VALIDATION,VOLATILITY,LOW,REVERSAL_CONTEXT,9,-0.3467766613125952
PREVIOUS_DAY_LEVELS#1,PREVIOUS_DAY_LEVELS,VALIDATION,VOLATILITY,NORMAL,TREND_CONTINUATION,32,0.17788721618483605
PREVIOUS_DAY_LEVELS#1,PREVIOUS_DAY_LEVELS,VALIDATION,VOLATILITY,NORMAL,PULLBACK,6,-0.5974956274021394
PREVIOUS_DAY_LEVELS#1,PREVIOUS_DAY_LEVELS,VALIDATION,VOLATILITY,NORMAL,CONSOLIDATION,6,0.24086753698879082
PREVIOUS_DAY_LEVELS#1,PREVIOUS_DAY_LEVELS,VALIDATION,VOLATILITY,NORMAL,COMPRESSION,4,-0.3926891274454698
PREVIOUS_DAY_LEVELS#1,PREVIOUS_DAY_LEVELS,VALIDATION,VOLATILITY,NORMAL,RANGE_EXTREME,39,0.12922042195256614
PREVIOUS_DAY_LEVELS#1,PREVIOUS_DAY_LEVELS,VALIDATION,VOLATILITY,NORMAL,BREAKOUT_SETUP,2,-1.0152960428865778
PREVIOUS_DAY_LEVELS#1,PREVIOUS_DAY_LEVELS,VALIDATION,VOLATILITY,NORMAL,RETEST,9,-0.17780158373769747
PREVIOUS_DAY_LEVELS#1,PREVIOUS_DAY_LEVELS,VALIDATION,VOLATILITY,NORMAL,FAILED_BREAKOUT,5,-0.010459313098642476
PREVIOUS_DAY_LEVELS#1,PREVIOUS_DAY_LEVELS,VALIDATION,VOLATILITY,NORMAL,MOMENTUM_CONTINUATION,24,0.09950464669925178
PREVIOUS_DAY_LEVELS#1,PREVIOUS_DAY_LEVELS,VALIDATION,VOLATILITY,NORMAL,REVERSAL_CONTEXT,16,-0.1445762374638311
PREVIOUS_DAY_LEVELS#1,PREVIOUS_DAY_LEVELS,VALIDATION,VOLATILITY,HIGH,TREND_CONTINUATION,21,0.18269299201283323
PREVIOUS_DAY_LEVELS#1,PREVIOUS_DAY_LEVELS,VALIDATION,VOLATILITY,HIGH,PULLBACK,3,-1.0136449840290613
PREVIOUS_DAY_LEVELS#1,PREVIOUS_DAY_LEVELS,VALIDATION,VOLATILITY,HIGH,CONSOLIDATION,4,-0.3864913409967084
PREVIOUS_DAY_LEVELS#1,PREVIOUS_DAY_LEVELS,VALIDATION,VOLATILITY,HIGH,COMPRESSION,4,-1.0116807282573876
PREVIOUS_DAY_LEVELS#1,PREVIOUS_DAY_LEVELS,VALIDATION,VOLATILITY,HIGH,RANGE_EXTREME,23,0.07880594545686169
PREVIOUS_DAY_LEVELS#1,PREVIOUS_DAY_LEVELS,VALIDATION,VOLATILITY,HIGH,BREAKOUT_SETUP,2,-1.0174061234325493
PREVIOUS_DAY_LEVELS#1,PREVIOUS_DAY_LEVELS,VALIDATION,VOLATILITY,HIGH,RETEST,4,-0.3865919822524652
PREVIOUS_DAY_LEVELS#1,PREVIOUS_DAY_LEVELS,VALIDATION,VOLATILITY,HIGH,FAILED_BREAKOUT,3,-0.1808322346482436
PREVIOUS_DAY_LEVELS#1,PREVIOUS_DAY_LEVELS,VALIDATION,VOLATILITY,HIGH,MOMENTUM_CONTINUATION,19,0.30901598866370916
PREVIOUS_DAY_LEVELS#1,PREVIOUS_DAY_LEVELS,VALIDATION,VOLATILITY,HIGH,REVERSAL_CONTEXT,10,-0.5123059961899129
PREVIOUS_DAY_LEVELS#1,PREVIOUS_DAY_LEVELS,VALIDATION,VOL_STATE,COMPRESSION,TREND_CONTINUATION,10,-0.25932527211943845
PREVIOUS_DAY_LEVELS#1,PREVIOUS_DAY_LEVELS,VALIDATION,VOL_STATE,COMPRESSION,CONSOLIDATION,1,-1.009528346831825
PREVIOUS_DAY_LEVELS#1,PREVIOUS_DAY_LEVELS,VALIDATION,VOL_STATE,COMPRESSION,COMPRESSION,2,0.23070243149363445
PREVIOUS_DAY_LEVELS#1,PREVIOUS_DAY_LEVELS,VALIDATION,VOL_STATE,COMPRESSION,RANGE_EXTREME,9,-0.1727397315757393
PREVIOUS_DAY_LEVELS#1,PREVIOUS_DAY_LEVELS,VALIDATION,VOL_STATE,COMPRESSION,RETEST,3,-0.17178213310249588
PREVIOUS_DAY_LEVELS#1,PREVIOUS_DAY_LEVELS,VALIDATION,VOL_STATE,COMPRESSION,FAILED_BREAKOUT,1,-1.038595137012731
PREVIOUS_DAY_LEVELS#1,PREVIOUS_DAY_LEVELS,VALIDATION,VOL_STATE,COMPRESSION,MOMENTUM_CONTINUATION,8,-0.38183219802270674
PREVIOUS_DAY_LEVELS#1,PREVIOUS_DAY_LEVELS,VALIDATION,VOL_STATE,COMPRESSION,REVERSAL_CONTEXT,1,-1.038595137012731
PREVIOUS_DAY_LEVELS#1,PREVIOUS_DAY_LEVELS,VALIDATION,VOL_STATE,EXPANSION,TREND_CONTINUATION,54,0.1114343446313095
PREVIOUS_DAY_LEVELS#1,PREVIOUS_DAY_LEVELS,VALIDATION,VOL_STATE,EXPANSION,PULLBACK,11,-0.6983178323572403
PREVIOUS_DAY_LEVELS#1,PREVIOUS_DAY_LEVELS,VALIDATION,VOL_STATE,EXPANSION,CONSOLIDATION,14,-0.11765829229112863
PREVIOUS_DAY_LEVELS#1,PREVIOUS_DAY_LEVELS,VALIDATION,VOL_STATE,EXPANSION,COMPRESSION,9,-0.7349222817131535
PREVIOUS_DAY_LEVELS#1,PREVIOUS_DAY_LEVELS,VALIDATION,VOL_STATE,EXPANSION,RANGE_EXTREME,66,0.11832505023265824
PREVIOUS_DAY_LEVELS#1,PREVIOUS_DAY_LEVELS,VALIDATION,VOL_STATE,EXPANSION,BREAKOUT_SETUP,4,-1.0163510831595637
PREVIOUS_DAY_LEVELS#1,PREVIOUS_DAY_LEVELS,VALIDATION,VOL_STATE,EXPANSION,RETEST,11,-0.3317090610896905
PREVIOUS_DAY_LEVELS#1,PREVIOUS_DAY_LEVELS,VALIDATION,VOL_STATE,EXPANSION,FAILED_BREAKOUT,10,-0.25880769860177527
PREVIOUS_DAY_LEVELS#1,PREVIOUS_DAY_LEVELS,VALIDATION,VOL_STATE,EXPANSION,MOMENTUM_CONTINUATION,45,0.08242957840636105
PREVIOUS_DAY_LEVELS#1,PREVIOUS_DAY_LEVELS,VALIDATION,VOL_STATE,EXPANSION,REVERSAL_CONTEXT,34,-0.2799610169447368
RANGE_MEAN_REVERSION#0,RANGE_MEAN_REVERSION,TRAIN,DIRECTION,DOWN,TREND_CONTINUATION,57,-0.24466582082155272
RANGE_MEAN_REVERSION#0,RANGE_MEAN_REVERSION,TRAIN,DIRECTION,DOWN,CONSOLIDATION,4,0.23470370390378892
RANGE_MEAN_REVERSION#0,RANGE_MEAN_REVERSION,TRAIN,DIRECTION,DOWN,COMPRESSION,12,-0.6044523942743526
RANGE_MEAN_REVERSION#0,RANGE_MEAN_REVERSION,TRAIN,DIRECTION,DOWN,RANGE_EXTREME,71,-0.22140574554415424
RANGE_MEAN_REVERSION#0,RANGE_MEAN_REVERSION,TRAIN,DIRECTION,DOWN,BREAKOUT_SETUP,10,0.1381544752555428
RANGE_MEAN_REVERSION#0,RANGE_MEAN_REVERSION,TRAIN,DIRECTION,DOWN,RETEST,23,-0.14743912340308973
RANGE_MEAN_REVERSION#0,RANGE_MEAN_REVERSION,TRAIN,DIRECTION,DOWN,MOMENTUM_CONTINUATION,47,-0.18662113392089785
RANGE_MEAN_REVERSION#0,RANGE_MEAN_REVERSION,TRAIN,DIRECTION,DOWN,REVERSAL_CONTEXT,2,0.2406876257170103
RANGE_MEAN_REVERSION#0,RANGE_MEAN_REVERSION,TRAIN,DIRECTION,NEUTRAL,TREND_CONTINUATION,164,-0.026147648969877747
RANGE_MEAN_REVERSION#0,RANGE_MEAN_REVERSION,TRAIN,DIRECTION,NEUTRAL,CONSOLIDATION,12,-0.40479647505705046
RANGE_MEAN_REVERSION#0,RANGE_MEAN_REVERSION,TRAIN,DIRECTION,NEUTRAL,COMPRESSION,36,-0.11544958371438632
RANGE_MEAN_REVERSION#0,RANGE_MEAN_REVERSION,TRAIN,DIRECTION,NEUTRAL,RANGE_EXTREME,211,0.013715056003834223
RANGE_MEAN_REVERSION#0,RANGE_MEAN_REVERSION,TRAIN,DIRECTION,NEUTRAL,BREAKOUT_SETUP,31,-0.13708920937298724
RANGE_MEAN_REVERSION#0,RANGE_MEAN_REVERSION,TRAIN,DIRECTION,NEUTRAL,RETEST,55,-0.15380991129213237
RANGE_MEAN_REVERSION#0,RANGE_MEAN_REVERSION,TRAIN,DIRECTION,NEUTRAL,FAILED_BREAKOUT,7,0.0613059466913883
RANGE_MEAN_REVERSION#0,RANGE_MEAN_REVERSION,TRAIN,DIRECTION,NEUTRAL,MOMENTUM_CONTINUATION,146,-0.00661719545028102
RANGE_MEAN_REVERSION#0,RANGE_MEAN_REVERSION,TRAIN,DIRECTION,NEUTRAL,REVERSAL_CONTEXT,17,0.16220486311824805
RANGE_MEAN_REVERSION#0,RANGE_MEAN_REVERSION,TRAIN,DIRECTION,UP,TREND_CONTINUATION,57,-0.036303026724224835
RANGE_MEAN_REVERSION#0,RANGE_MEAN_REVERSION,TRAIN,DIRECTION,UP,CONSOLIDATION,7,-0.6893908416171014
RANGE_MEAN_REVERSION#0,RANGE_MEAN_REVERSION,TRAIN,DIRECTION,UP,COMPRESSION,8,-1.0296166957898636
RANGE_MEAN_REVERSION#0,RANGE_MEAN_REVERSION,TRAIN,DIRECTION,UP,RANGE_EXTREME,73,-0.11660908398969835
RANGE_MEAN_REVERSION#0,RANGE_MEAN_REVERSION,TRAIN,DIRECTION,UP,BREAKOUT_SETUP,6,-0.1819905692189989
RANGE_MEAN_REVERSION#0,RANGE_MEAN_REVERSION,TRAIN,DIRECTION,UP,RETEST,17,0.06119484002776122
RANGE_MEAN_REVERSION#0,RANGE_MEAN_REVERSION,TRAIN,DIRECTION,UP,MOMENTUM_CONTINUATION,49,0.02148738706566591
RANGE_MEAN_REVERSION#0,RANGE_MEAN_REVERSION,TRAIN,TREND_STRENGTH,RANGE_LIKE,TREND_CONTINUATION,278,-0.0730339523063643
RANGE_MEAN_REVERSION#0,RANGE_MEAN_REVERSION,TRAIN,TREND_STRENGTH,RANGE_LIKE,CONSOLIDATION,23,-0.38019472940822435
RANGE_MEAN_REVERSION#0,RANGE_MEAN_REVERSION,TRAIN,TREND_STRENGTH,RANGE_LIKE,COMPRESSION,56,-0.35083120198801876
RANGE_MEAN_REVERSION#0,RANGE_MEAN_REVERSION,TRAIN,TREND_STRENGTH,RANGE_LIKE,RANGE_EXTREME,355,-0.060108152811475815
RANGE_MEAN_REVERSION#0,RANGE_MEAN_REVERSION,TRAIN,TREND_STRENGTH,RANGE_LIKE,BREAKOUT_SETUP,47,-0.0842588117727908
RANGE_MEAN_REVERSION#0,RANGE_MEAN_REVERSION,TRAIN,TREND_STRENGTH,RANGE_LIKE,RETEST,95,-0.11379297556701483
RANGE_MEAN_REVERSION#0,RANGE_MEAN_REVERSION,TRAIN,TREND_STRENGTH,RANGE_LIKE,FAILED_BREAKOUT,7,0.0613059466913883
RANGE_MEAN_REVERSION#0,RANGE_MEAN_REVERSION,TRAIN,TREND_STRENGTH,RANGE_LIKE,MOMENTUM_CONTINUATION,242,-0.035886040759527275
RANGE_MEAN_REVERSION#0,RANGE_MEAN_REVERSION,TRAIN,TREND_STRENGTH,RANGE_LIKE,REVERSAL_CONTEXT,19,0.17046620654969669
RANGE_MEAN_REVERSION#0,RANGE_MEAN_REVERSION,TRAIN,VOLATILITY,LOW,TREND_CONTINUATION,43,-0.1508631171591692
RANGE_MEAN_REVERSION#0,RANGE_MEAN_REVERSION,TRAIN,VOLATILITY,LOW,CONSOLIDATION,6,-0.6265044536279046
RANGE_MEAN_REVERSION#0,RANGE_MEAN_REVERSION,TRAIN,VOLATILITY,LOW,COMPRESSION,11,-0.8065020463136329
RANGE_MEAN_REVERSION#0,RANGE_MEAN_REVERSION,TRAIN,VOLATILITY,LOW,RANGE_EXTREME,68,-0.1777924075183067
RANGE_MEAN_REVERSION#0,RANGE_MEAN_REVERSION,TRAIN,VOLATILITY,LOW,BREAKOUT_SETUP,13,-0.6467086294580955
RANGE_MEAN_REVERSION#0,RANGE_MEAN_REVERSION,TRAIN,VOLATILITY,LOW,RETEST,16,0.23604422329065855
RANGE_MEAN_REVERSION#0,RANGE_MEAN_REVERSION,TRAIN,VOLATILITY,LOW,FAILED_BREAKOUT,1,1.5
RANGE_MEAN_REVERSION#0,RANGE_MEAN_REVERSION,TRAIN,VOLATILITY,LOW,MOMENTUM_CONTINUATION,39,-0.1246934349872135
RANGE_MEAN_REVERSION#0,RANGE_MEAN_REVERSION,TRAIN,VOLATILITY,LOW,REVERSAL_CONTEXT,5,0.48720532138871686
RANGE_MEAN_REVERSION#0,RANGE_MEAN_REVERSION,TRAIN,VOLATILITY,NORMAL,TREND_CONTINUATION,127,-0.15116637601909114
RANGE_MEAN_REVERSION#0,RANGE_MEAN_REVERSION,TRAIN,VOLATILITY,NORMAL,CONSOLIDATION,11,0.11347229844218297
RANGE_MEAN_REVERSION#0,RANGE_MEAN_REVERSION,TRAIN,VOLATILITY,NORMAL,COMPRESSION,26,-0.05639736325427618
RANGE_MEAN_REVERSION#0,RANGE_MEAN_REVERSION,TRAIN,VOLATILITY,NORMAL,RANGE_EXTREME,151,-0.09003103246689034
RANGE_MEAN_REVERSION#0,RANGE_MEAN_REVERSION,TRAIN,VOLATILITY,NORMAL,BREAKOUT_SETUP,21,-0.06957217075484537
RANGE_MEAN_REVERSION#0,RANGE_MEAN_REVERSION,TRAIN,VOLATILITY,NORMAL,RETEST,48,-0.289242863164716
RANGE_MEAN_REVERSION#0,RANGE_MEAN_REVERSION,TRAIN,VOLATILITY,NORMAL,FAILED_BREAKOUT,3,-0.18152041530452734
RANGE_MEAN_REVERSION#0,RANGE_MEAN_REVERSION,TRAIN,VOLATILITY,NORMAL,MOMENTUM_CONTINUATION,112,-0.1471569473197131
RANGE_MEAN_REVERSION#0,RANGE_MEAN_REVERSION,TRAIN,VOLATILITY,NORMAL,REVERSAL_CONTEXT,6,-0.18771100540993246
RANGE_MEAN_REVERSION#0,RANGE_MEAN_REVERSION,TRAIN,VOLATILITY,HIGH,TREND_CONTINUATION,108,0.04983152825092204
RANGE_MEAN_REVERSION#0,RANGE_MEAN_REVERSION,TRAIN,VOLATILITY,HIGH,CONSOLIDATION,6,-1.0389412229142907
RANGE_MEAN_REVERSION#0,RANGE_MEAN_REVERSION,TRAIN,VOLATILITY,HIGH,COMPRESSION,19,-0.48993122932989
RANGE_MEAN_REVERSION#0,RANGE_MEAN_REVERSION,TRAIN,VOLATILITY,HIGH,RANGE_EXTREME,136,0.03195717180640725
RANGE_MEAN_REVERSION#0,RANGE_MEAN_REVERSION,TRAIN,VOLATILITY,HIGH,BREAKOUT_SETUP,13,0.4544664319604481
RANGE_MEAN_REVERSION#0,RANGE_MEAN_REVERSION,TRAIN,VOLATILITY,HIGH,RETEST,31,-0.022689768374534697
RANGE_MEAN_REVERSION#0,RANGE_MEAN_REVERSION,TRAIN,VOLATILITY,HIGH,FAILED_BREAKOUT,3,-0.1754323757488999
RANGE_MEAN_REVERSION#0,RANGE_MEAN_REVERSION,TRAIN,VOLATILITY,HIGH,MOMENTUM_CONTINUATION,91,0.1391230791264131
RANGE_MEAN_REVERSION#0,RANGE_MEAN_REVERSION,TRAIN,VOLATILITY,HIGH,REVERSAL_CONTEXT,8,0.24113716874503094
RANGE_MEAN_REVERSION#0,RANGE_MEAN_REVERSION,TRAIN,VOL_STATE,COMPRESSION,TREND_CONTINUATION,38,-0.14380536275603886
RANGE_MEAN_REVERSION#0,RANGE_MEAN_REVERSION,TRAIN,VOL_STATE,COMPRESSION,CONSOLIDATION,5,-0.5465232319338705
RANGE_MEAN_REVERSION#0,RANGE_MEAN_REVERSION,TRAIN,VOL_STATE,COMPRESSION,COMPRESSION,8,-0.4027299948343651
RANGE_MEAN_REVERSION#0,RANGE_MEAN_REVERSION,TRAIN,VOL_STATE,COMPRESSION,RANGE_EXTREME,53,-0.15934266711063264
RANGE_MEAN_REVERSION#0,RANGE_MEAN_REVERSION,TRAIN,VOL_STATE,COMPRESSION,BREAKOUT_SETUP,8,-0.08924056971969144
RANGE_MEAN_REVERSION#0,RANGE_MEAN_REVERSION,TRAIN,VOL_STATE,COMPRESSION,RETEST,13,-0.3847212067624495
RANGE_MEAN_REVERSION#0,RANGE_MEAN_REVERSION,TRAIN,VOL_STATE,COMPRESSION,MOMENTUM_CONTINUATION,33,-0.08749928311794569
RANGE_MEAN_REVERSION#0,RANGE_MEAN_REVERSION,TRAIN,VOL_STATE,COMPRESSION,REVERSAL_CONTEXT,4,0.8685048064432317
RANGE_MEAN_REVERSION#0,RANGE_MEAN_REVERSION,TRAIN,VOL_STATE,EXPANSION,TREND_CONTINUATION,240,-0.06182847898516581
RANGE_MEAN_REVERSION#0,RANGE_MEAN_REVERSION,TRAIN,VOL_STATE,EXPANSION,CONSOLIDATION,18,-0.3339923675955449
RANGE_MEAN_REVERSION#0,RANGE_MEAN_REVERSION,TRAIN,VOL_STATE,EXPANSION,COMPRESSION,48,-0.34218140318029433
RANGE_MEAN_REVERSION#0,RANGE_MEAN_REVERSION,TRAIN,VOL_STATE,EXPANSION,RANGE_EXTREME,302,-0.04269282414308071
RANGE_MEAN_REVERSION#0,RANGE_MEAN_REVERSION,TRAIN,VOL_STATE,EXPANSION,BREAKOUT_SETUP,39,-0.08323691270675997
RANGE_MEAN_REVERSION#0,RANGE_MEAN_REVERSION,TRAIN,VOL_STATE,EXPANSION,RETEST,82,-0.07084093891408005
RANGE_MEAN_REVERSION#0,RANGE_MEAN_REVERSION,TRAIN,VOL_STATE,EXPANSION,FAILED_BREAKOUT,7,0.0613059466913883
RANGE_MEAN_REVERSION#0,RANGE_MEAN_REVERSION,TRAIN,VOL_STATE,EXPANSION,MOMENTUM_CONTINUATION,209,-0.027736581439777003
RANGE_MEAN_REVERSION#0,RANGE_MEAN_REVERSION,TRAIN,VOL_STATE,EXPANSION,REVERSAL_CONTEXT,15,-0.015677420088579315
RANGE_MEAN_REVERSION#0,RANGE_MEAN_REVERSION,VALIDATION,DIRECTION,DOWN,TREND_CONTINUATION,39,-0.2432135278798834
RANGE_MEAN_REVERSION#0,RANGE_MEAN_REVERSION,VALIDATION,DIRECTION,DOWN,CONSOLIDATION,8,-0.40518224219231136
RANGE_MEAN_REVERSION#0,RANGE_MEAN_REVERSION,VALIDATION,DIRECTION,DOWN,COMPRESSION,8,-0.07445511824801593
RANGE_MEAN_REVERSION#0,RANGE_MEAN_REVERSION,VALIDATION,DIRECTION,DOWN,RANGE_EXTREME,54,-0.2747038363482984
RANGE_MEAN_REVERSION#0,RANGE_MEAN_REVERSION,VALIDATION,DIRECTION,DOWN,BREAKOUT_SETUP,8,-1.0278553193942042
RANGE_MEAN_REVERSION#0,RANGE_MEAN_REVERSION,VALIDATION,DIRECTION,DOWN,RETEST,18,-0.4609948616697237
RANGE_MEAN_REVERSION#0,RANGE_MEAN_REVERSION,VALIDATION,DIRECTION,DOWN,FAILED_BREAKOUT,3,-0.17480977886470392
RANGE_MEAN_REVERSION#0,RANGE_MEAN_REVERSION,VALIDATION,DIRECTION,DOWN,MOMENTUM_CONTINUATION,30,-0.3468404780629984
RANGE_MEAN_REVERSION#0,RANGE_MEAN_REVERSION,VALIDATION,DIRECTION,DOWN,REVERSAL_CONTEXT,5,0.4951141326811645
RANGE_MEAN_REVERSION#0,RANGE_MEAN_REVERSION,VALIDATION,DIRECTION,NEUTRAL,TREND_CONTINUATION,88,0.014520456526564363
RANGE_MEAN_REVERSION#0,RANGE_MEAN_REVERSION,VALIDATION,DIRECTION,NEUTRAL,CONSOLIDATION,6,-0.6167800055212616
RANGE_MEAN_REVERSION#0,RANGE_MEAN_REVERSION,VALIDATION,DIRECTION,NEUTRAL,COMPRESSION,14,0.09412669693761601
RANGE_MEAN_REVERSION#0,RANGE_MEAN_REVERSION,VALIDATION,DIRECTION,NEUTRAL,RANGE_EXTREME,107,0.06510400760959324
RANGE_MEAN_REVERSION#0,RANGE_MEAN_REVERSION,VALIDATION,DIRECTION,NEUTRAL,BREAKOUT_SETUP,20,-0.5266253495447695
RANGE_MEAN_REVERSION#0,RANGE_MEAN_REVERSION,VALIDATION,DIRECTION,NEUTRAL,RETEST,18,0.12980360693835655
RANGE_MEAN_REVERSION#0,RANGE_MEAN_REVERSION,VALIDATION,DIRECTION,NEUTRAL,MOMENTUM_CONTINUATION,77,-0.0007637597718550086
RANGE_MEAN_REVERSION#0,RANGE_MEAN_REVERSION,VALIDATION,DIRECTION,NEUTRAL,REVERSAL_CONTEXT,1,1.5000000000000895
RANGE_MEAN_REVERSION#0,RANGE_MEAN_REVERSION,VALIDATION,DIRECTION,UP,TREND_CONTINUATION,27,0.2393385310401628
RANGE_MEAN_REVERSION#0,RANGE_MEAN_REVERSION,VALIDATION,DIRECTION,UP,CONSOLIDATION,4,-0.39312384444219334
RANGE_MEAN_REVERSION#0,RANGE_MEAN_REVERSION,VALIDATION,DIRECTION,UP,COMPRESSION,3,-0.18221227252823602
RANGE_MEAN_REVERSION#0,RANGE_MEAN_REVERSION,VALIDATION,DIRECTION,UP,RANGE_EXTREME,37,0.29188358414889565
RANGE_MEAN_REVERSION#0,RANGE_MEAN_REVERSION,VALIDATION,DIRECTION,UP,BREAKOUT_SETUP,4,0.2398227639340912
RANGE_MEAN_REVERSION#0,RANGE_MEAN_REVERSION,VALIDATION,DIRECTION,UP,RETEST,9,0.09405236497857358
RANGE_MEAN_REVERSION#0,RANGE_MEAN_REVERSION,VALIDATION,DIRECTION,UP,FAILED_BREAKOUT,1,-1.020773609206864
RANGE_MEAN_REVERSION#0,RANGE_MEAN_REVERSION,VALIDATION,DIRECTION,UP,MOMENTUM_CONTINUATION,24,0.18647387926703676
RANGE_MEAN_REVERSION#0,RANGE_MEAN_REVERSION,VALIDATION,DIRECTION,UP,REVERSAL_CONTEXT,4,0.23813993103165
RANGE_MEAN_REVERSION#0,RANGE_MEAN_REVERSION,VALIDATION,TREND_STRENGTH,RANGE_LIKE,TREND_CONTINUATION,154,-0.011333682304502568
RANGE_MEAN_REVERSION#0,RANGE_MEAN_REVERSION,VALIDATION,TREND_STRENGTH,RANGE_LIKE,CONSOLIDATION,18,-0.4730351860241575
RANGE_MEAN_REVERSION#0,RANGE_MEAN_REVERSION,VALIDATION,TREND_STRENGTH,RANGE_LIKE,COMPRESSION,25,0.007019839742311538
RANGE_MEAN_REVERSION#0,RANGE_MEAN_REVERSION,VALIDATION,TREND_STRENGTH,RANGE_LIKE,RANGE_EXTREME,198,0.014807142752159072
RANGE_MEAN_REVERSION#0,RANGE_MEAN_REVERSION,VALIDATION,TREND_STRENGTH,RANGE_LIKE,BREAKOUT_SETUP,32,-0.5561268278222705
RANGE_MEAN_REVERSION#0,RANGE_MEAN_REVERSION,VALIDATION,TREND_STRENGTH,RANGE_LIKE,RETEST,45,-0.11366602889683211
RANGE_MEAN_REVERSION#0,RANGE_MEAN_REVERSION,VALIDATION,TREND_STRENGTH,RANGE_LIKE,FAILED_BREAKOUT,4,-0.38630073645024393
RANGE_MEAN_REVERSION#0,RANGE_MEAN_REVERSION,VALIDATION,TREND_STRENGTH,RANGE_LIKE,MOMENTUM_CONTINUATION,131,-0.04571489115964815
RANGE_MEAN_REVERSION#0,RANGE_MEAN_REVERSION,VALIDATION,TREND_STRENGTH,RANGE_LIKE,REVERSAL_CONTEXT,10,0.49281303875325133
RANGE_MEAN_REVERSION#0,RANGE_MEAN_REVERSION,VALIDATION,VOLATILITY,LOW,TREND_CONTINUATION,26,-0.15261757046344993
RANGE_MEAN_REVERSION#0,RANGE_MEAN_REVERSION,VALIDATION,VOLATILITY,LOW,CONSOLIDATION,13,-0.6474514942766578
RANGE_MEAN_REVERSION#0,RANGE_MEAN_REVERSION,VALIDATION,VOLATILITY,LOW,COMPRESSION,3,0.6595804988662133
RANGE_MEAN_REVERSION#0,RANGE_MEAN_REVERSION,VALIDATION,VOLATILITY,LOW,RANGE_EXTREME,45,-0.13110646280046012
RANGE_MEAN_REVERSION#0,RANGE_MEAN_REVERSION,VALIDATION,VOLATILITY,LOW,BREAKOUT_SETUP,10,-0.2796249478277886
RANGE_MEAN_REVERSION#0,RANGE_MEAN_REVERSION,VALIDATION,VOLATILITY,LOW,RETEST,10,-0.5213804258860237
RANGE_MEAN_REVERSION#0,RANGE_MEAN_REVERSION,VALIDATION,VOLATILITY,LOW,MOMENTUM_CONTINUATION,24,-0.2903357013354005
RANGE_MEAN_REVERSION#0,RANGE_MEAN_REVERSION,VALIDATION,VOLATILITY,LOW,REVERSAL_CONTEXT,2,1.4999999999999516
RANGE_MEAN_REVERSION#0,RANGE_MEAN_REVERSION,VALIDATION,VOLATILITY,NORMAL,TREND_CONTINUATION,68,0.023073432759352742
RANGE_MEAN_REVERSION#0,RANGE_MEAN_REVERSION,VALIDATION,VOLATILITY,NORMAL,CONSOLIDATION,3,-0.18709806423806374
RANGE_MEAN_REVERSION#0,RANGE_MEAN_REVERSION,VALIDATION,VOLATILITY,NORMAL,COMPRESSION,13,-0.012709569173797662
RANGE_MEAN_REVERSION#0,RANGE_MEAN_REVERSION,VALIDATION,VOLATILITY,NORMAL,RANGE_EXTREME,82,0.021842316204349264
RANGE_MEAN_REVERSION#0,RANGE_MEAN_REVERSION,VALIDATION,VOLATILITY,NORMAL,BREAKOUT_SETUP,14,-1.030294430701771
RANGE_MEAN_REVERSION#0,RANGE_MEAN_REVERSION,VALIDATION,VOLATILITY,NORMAL,RETEST,19,0.06572876006002436
RANGE_MEAN_REVERSION#0,RANGE_MEAN_REVERSION,VALIDATION,VOLATILITY,NORMAL,FAILED_BREAKOUT,3,-0.17730051195050658
RANGE_MEAN_REVERSION#0,RANGE_MEAN_REVERSION,VALIDATION,VOLATILITY,NORMAL,MOMENTUM_CONTINUATION,56,-0.02273487834490684
RANGE_MEAN_REVERSION#0,RANGE_MEAN_REVERSION,VALIDATION,VOLATILITY,NORMAL,REVERSAL_CONTEXT,4,0.24202461603714248
RANGE_MEAN_REVERSION#0,RANGE_MEAN_REVERSION,VALIDATION,VOLATILITY,HIGH,TREND_CONTINUATION,60,0.010894605492005272
RANGE_MEAN_REVERSION#0,RANGE_MEAN_REVERSION,VALIDATION,VOLATILITY,HIGH,CONSOLIDATION,2,0.23176513493795536
RANGE_MEAN_REVERSION#0,RANGE_MEAN_REVERSION,VALIDATION,VOLATILITY,HIGH,COMPRESSION,9,-0.1820023448646091
RANGE_MEAN_REVERSION#0,RANGE_MEAN_REVERSION,VALIDATION,VOLATILITY,HIGH,RANGE_EXTREME,71,0.09916246707312064
RANGE_MEAN_REVERSION#0,RANGE_MEAN_REVERSION,VALIDATION,VOLATILITY,HIGH,BREAKOUT_SETUP,8,-0.07196087277624744
RANGE_MEAN_REVERSION#0,RANGE_MEAN_REVERSION,VALIDATION,VOLATILITY,HIGH,RETEST,16,-0.07187584266485457
RANGE_MEAN_REVERSION#0,RANGE_MEAN_REVERSION,VALIDATION,VOLATILITY,HIGH,FAILED_BREAKOUT,1,-1.013301409949456
RANGE_MEAN_REVERSION#0,RANGE_MEAN_REVERSION,VALIDATION,VOLATILITY,HIGH,MOMENTUM_CONTINUATION,51,0.04416782896961738
RANGE_MEAN_REVERSION#0,RANGE_MEAN_REVERSION,VALIDATION,VOLATILITY,HIGH,REVERSAL_CONTEXT,4,0.24000798084600988
RANGE_MEAN_REVERSION#0,RANGE_MEAN_REVERSION,VALIDATION,VOL_STATE,COMPRESSION,TREND_CONTINUATION,17,0.19620850144294255
RANGE_MEAN_REVERSION#0,RANGE_MEAN_REVERSION,VALIDATION,VOL_STATE,COMPRESSION,CONSOLIDATION,4,-0.40076341447451397
RANGE_MEAN_REVERSION#0,RANGE_MEAN_REVERSION,VALIDATION,VOL_STATE,COMPRESSION,COMPRESSION,1,-0.469078813386733
RANGE_MEAN_REVERSION#0,RANGE_MEAN_REVERSION,VALIDATION,VOL_STATE,COMPRESSION,RANGE_EXTREME,22,0.14693140302872576
RANGE_MEAN_REVERSION#0,RANGE_MEAN_REVERSION,VALIDATION,VOL_STATE,COMPRESSION,BREAKOUT_SETUP,4,0.2326467315256574
RANGE_MEAN_REVERSION#0,RANGE_MEAN_REVERSION,VALIDATION,VOL_STATE,COMPRESSION,RETEST,8,-0.6379262201900706
RANGE_MEAN_REVERSION#0,RANGE_MEAN_REVERSION,VALIDATION,VOL_STATE,COMPRESSION,MOMENTUM_CONTINUATION,15,0.022369634968670407
RANGE_MEAN_REVERSION#0,RANGE_MEAN_REVERSION,VALIDATION,VOL_STATE,EXPANSION,TREND_CONTINUATION,137,-0.0370870919665943
RANGE_MEAN_REVERSION#0,RANGE_MEAN_REVERSION,VALIDATION,VOL_STATE,EXPANSION,CONSOLIDATION,14,-0.49368426360976986
RANGE_MEAN_REVERSION#0,RANGE_MEAN_REVERSION,VALIDATION,VOL_STATE,EXPANSION,COMPRESSION,24,0.026857283622688428
RANGE_MEAN_REVERSION#0,RANGE_MEAN_REVERSION,VALIDATION,VOL_STATE,EXPANSION,RANGE_EXTREME,176,-0.0017083897824117132
RANGE_MEAN_REVERSION#0,RANGE_MEAN_REVERSION,VALIDATION,VOL_STATE,EXPANSION,BREAKOUT_SETUP,28,-0.6688087648719746
RANGE_MEAN_REVERSION#0,RANGE_MEAN_REVERSION,VALIDATION,VOL_STATE,EXPANSION,RETEST,37,-0.00031247402261843065
RANGE_MEAN_REVERSION#0,RANGE_MEAN_REVERSION,VALIDATION,VOL_STATE,EXPANSION,FAILED_BREAKOUT,4,-0.38630073645024393
RANGE_MEAN_REVERSION#0,RANGE_MEAN_REVERSION,VALIDATION,VOL_STATE,EXPANSION,MOMENTUM_CONTINUATION,116,-0.05451892471072383
RANGE_MEAN_REVERSION#0,RANGE_MEAN_REVERSION,VALIDATION,VOL_STATE,EXPANSION,REVERSAL_CONTEXT,10,0.49281303875325133
RANGE_MEAN_REVERSION#1,RANGE_MEAN_REVERSION,TRAIN,DIRECTION,DOWN,TREND_CONTINUATION,57,-0.24466582082155272
RANGE_MEAN_REVERSION#1,RANGE_MEAN_REVERSION,TRAIN,DIRECTION,DOWN,CONSOLIDATION,4,0.23470370390378892
RANGE_MEAN_REVERSION#1,RANGE_MEAN_REVERSION,TRAIN,DIRECTION,DOWN,COMPRESSION,12,-0.6044523942743526
RANGE_MEAN_REVERSION#1,RANGE_MEAN_REVERSION,TRAIN,DIRECTION,DOWN,RANGE_EXTREME,71,-0.22140574554415424
RANGE_MEAN_REVERSION#1,RANGE_MEAN_REVERSION,TRAIN,DIRECTION,DOWN,BREAKOUT_SETUP,10,0.1381544752555428
RANGE_MEAN_REVERSION#1,RANGE_MEAN_REVERSION,TRAIN,DIRECTION,DOWN,RETEST,23,-0.14743912340308973
RANGE_MEAN_REVERSION#1,RANGE_MEAN_REVERSION,TRAIN,DIRECTION,DOWN,MOMENTUM_CONTINUATION,47,-0.18662113392089785
RANGE_MEAN_REVERSION#1,RANGE_MEAN_REVERSION,TRAIN,DIRECTION,DOWN,REVERSAL_CONTEXT,2,0.2406876257170103
RANGE_MEAN_REVERSION#1,RANGE_MEAN_REVERSION,TRAIN,DIRECTION,NEUTRAL,TREND_CONTINUATION,164,-0.026147648969877747
RANGE_MEAN_REVERSION#1,RANGE_MEAN_REVERSION,TRAIN,DIRECTION,NEUTRAL,CONSOLIDATION,12,-0.40479647505705046
RANGE_MEAN_REVERSION#1,RANGE_MEAN_REVERSION,TRAIN,DIRECTION,NEUTRAL,COMPRESSION,36,-0.11544958371438632
RANGE_MEAN_REVERSION#1,RANGE_MEAN_REVERSION,TRAIN,DIRECTION,NEUTRAL,RANGE_EXTREME,211,0.013715056003834223
RANGE_MEAN_REVERSION#1,RANGE_MEAN_REVERSION,TRAIN,DIRECTION,NEUTRAL,BREAKOUT_SETUP,31,-0.13708920937298724
RANGE_MEAN_REVERSION#1,RANGE_MEAN_REVERSION,TRAIN,DIRECTION,NEUTRAL,RETEST,55,-0.15380991129213237
RANGE_MEAN_REVERSION#1,RANGE_MEAN_REVERSION,TRAIN,DIRECTION,NEUTRAL,FAILED_BREAKOUT,7,0.0613059466913883
RANGE_MEAN_REVERSION#1,RANGE_MEAN_REVERSION,TRAIN,DIRECTION,NEUTRAL,MOMENTUM_CONTINUATION,146,-0.00661719545028102
RANGE_MEAN_REVERSION#1,RANGE_MEAN_REVERSION,TRAIN,DIRECTION,NEUTRAL,REVERSAL_CONTEXT,17,0.16220486311824805
RANGE_MEAN_REVERSION#1,RANGE_MEAN_REVERSION,TRAIN,DIRECTION,UP,TREND_CONTINUATION,57,-0.036303026724224835
RANGE_MEAN_REVERSION#1,RANGE_MEAN_REVERSION,TRAIN,DIRECTION,UP,CONSOLIDATION,7,-0.6893908416171014
RANGE_MEAN_REVERSION#1,RANGE_MEAN_REVERSION,TRAIN,DIRECTION,UP,COMPRESSION,8,-1.0296166957898636
RANGE_MEAN_REVERSION#1,RANGE_MEAN_REVERSION,TRAIN,DIRECTION,UP,RANGE_EXTREME,73,-0.11660908398969835
RANGE_MEAN_REVERSION#1,RANGE_MEAN_REVERSION,TRAIN,DIRECTION,UP,BREAKOUT_SETUP,6,-0.1819905692189989
RANGE_MEAN_REVERSION#1,RANGE_MEAN_REVERSION,TRAIN,DIRECTION,UP,RETEST,17,0.06119484002776122
RANGE_MEAN_REVERSION#1,RANGE_MEAN_REVERSION,TRAIN,DIRECTION,UP,MOMENTUM_CONTINUATION,49,0.02148738706566591
RANGE_MEAN_REVERSION#1,RANGE_MEAN_REVERSION,TRAIN,TREND_STRENGTH,RANGE_LIKE,TREND_CONTINUATION,278,-0.0730339523063643
RANGE_MEAN_REVERSION#1,RANGE_MEAN_REVERSION,TRAIN,TREND_STRENGTH,RANGE_LIKE,CONSOLIDATION,23,-0.38019472940822435
RANGE_MEAN_REVERSION#1,RANGE_MEAN_REVERSION,TRAIN,TREND_STRENGTH,RANGE_LIKE,COMPRESSION,56,-0.35083120198801876
RANGE_MEAN_REVERSION#1,RANGE_MEAN_REVERSION,TRAIN,TREND_STRENGTH,RANGE_LIKE,RANGE_EXTREME,355,-0.060108152811475815
RANGE_MEAN_REVERSION#1,RANGE_MEAN_REVERSION,TRAIN,TREND_STRENGTH,RANGE_LIKE,BREAKOUT_SETUP,47,-0.0842588117727908
RANGE_MEAN_REVERSION#1,RANGE_MEAN_REVERSION,TRAIN,TREND_STRENGTH,RANGE_LIKE,RETEST,95,-0.11379297556701483
RANGE_MEAN_REVERSION#1,RANGE_MEAN_REVERSION,TRAIN,TREND_STRENGTH,RANGE_LIKE,FAILED_BREAKOUT,7,0.0613059466913883
RANGE_MEAN_REVERSION#1,RANGE_MEAN_REVERSION,TRAIN,TREND_STRENGTH,RANGE_LIKE,MOMENTUM_CONTINUATION,242,-0.035886040759527275
RANGE_MEAN_REVERSION#1,RANGE_MEAN_REVERSION,TRAIN,TREND_STRENGTH,RANGE_LIKE,REVERSAL_CONTEXT,19,0.17046620654969669
RANGE_MEAN_REVERSION#1,RANGE_MEAN_REVERSION,TRAIN,VOLATILITY,LOW,TREND_CONTINUATION,43,-0.1508631171591692
RANGE_MEAN_REVERSION#1,RANGE_MEAN_REVERSION,TRAIN,VOLATILITY,LOW,CONSOLIDATION,6,-0.6265044536279046
RANGE_MEAN_REVERSION#1,RANGE_MEAN_REVERSION,TRAIN,VOLATILITY,LOW,COMPRESSION,11,-0.8065020463136329
RANGE_MEAN_REVERSION#1,RANGE_MEAN_REVERSION,TRAIN,VOLATILITY,LOW,RANGE_EXTREME,68,-0.1777924075183067
RANGE_MEAN_REVERSION#1,RANGE_MEAN_REVERSION,TRAIN,VOLATILITY,LOW,BREAKOUT_SETUP,13,-0.6467086294580955
RANGE_MEAN_REVERSION#1,RANGE_MEAN_REVERSION,TRAIN,VOLATILITY,LOW,RETEST,16,0.23604422329065855
RANGE_MEAN_REVERSION#1,RANGE_MEAN_REVERSION,TRAIN,VOLATILITY,LOW,FAILED_BREAKOUT,1,1.5
RANGE_MEAN_REVERSION#1,RANGE_MEAN_REVERSION,TRAIN,VOLATILITY,LOW,MOMENTUM_CONTINUATION,39,-0.1246934349872135
RANGE_MEAN_REVERSION#1,RANGE_MEAN_REVERSION,TRAIN,VOLATILITY,LOW,REVERSAL_CONTEXT,5,0.48720532138871686
RANGE_MEAN_REVERSION#1,RANGE_MEAN_REVERSION,TRAIN,VOLATILITY,NORMAL,TREND_CONTINUATION,127,-0.15116637601909114
RANGE_MEAN_REVERSION#1,RANGE_MEAN_REVERSION,TRAIN,VOLATILITY,NORMAL,CONSOLIDATION,11,0.11347229844218297
RANGE_MEAN_REVERSION#1,RANGE_MEAN_REVERSION,TRAIN,VOLATILITY,NORMAL,COMPRESSION,26,-0.05639736325427618
RANGE_MEAN_REVERSION#1,RANGE_MEAN_REVERSION,TRAIN,VOLATILITY,NORMAL,RANGE_EXTREME,151,-0.09003103246689034
RANGE_MEAN_REVERSION#1,RANGE_MEAN_REVERSION,TRAIN,VOLATILITY,NORMAL,BREAKOUT_SETUP,21,-0.06957217075484537
RANGE_MEAN_REVERSION#1,RANGE_MEAN_REVERSION,TRAIN,VOLATILITY,NORMAL,RETEST,48,-0.289242863164716
RANGE_MEAN_REVERSION#1,RANGE_MEAN_REVERSION,TRAIN,VOLATILITY,NORMAL,FAILED_BREAKOUT,3,-0.18152041530452734
RANGE_MEAN_REVERSION#1,RANGE_MEAN_REVERSION,TRAIN,VOLATILITY,NORMAL,MOMENTUM_CONTINUATION,112,-0.1471569473197131
RANGE_MEAN_REVERSION#1,RANGE_MEAN_REVERSION,TRAIN,VOLATILITY,NORMAL,REVERSAL_CONTEXT,6,-0.18771100540993246
RANGE_MEAN_REVERSION#1,RANGE_MEAN_REVERSION,TRAIN,VOLATILITY,HIGH,TREND_CONTINUATION,108,0.04983152825092204
RANGE_MEAN_REVERSION#1,RANGE_MEAN_REVERSION,TRAIN,VOLATILITY,HIGH,CONSOLIDATION,6,-1.0389412229142907
RANGE_MEAN_REVERSION#1,RANGE_MEAN_REVERSION,TRAIN,VOLATILITY,HIGH,COMPRESSION,19,-0.48993122932989
RANGE_MEAN_REVERSION#1,RANGE_MEAN_REVERSION,TRAIN,VOLATILITY,HIGH,RANGE_EXTREME,136,0.03195717180640725
RANGE_MEAN_REVERSION#1,RANGE_MEAN_REVERSION,TRAIN,VOLATILITY,HIGH,BREAKOUT_SETUP,13,0.4544664319604481
RANGE_MEAN_REVERSION#1,RANGE_MEAN_REVERSION,TRAIN,VOLATILITY,HIGH,RETEST,31,-0.022689768374534697
RANGE_MEAN_REVERSION#1,RANGE_MEAN_REVERSION,TRAIN,VOLATILITY,HIGH,FAILED_BREAKOUT,3,-0.1754323757488999
RANGE_MEAN_REVERSION#1,RANGE_MEAN_REVERSION,TRAIN,VOLATILITY,HIGH,MOMENTUM_CONTINUATION,91,0.1391230791264131
RANGE_MEAN_REVERSION#1,RANGE_MEAN_REVERSION,TRAIN,VOLATILITY,HIGH,REVERSAL_CONTEXT,8,0.24113716874503094
RANGE_MEAN_REVERSION#1,RANGE_MEAN_REVERSION,TRAIN,VOL_STATE,COMPRESSION,TREND_CONTINUATION,38,-0.14380536275603886
RANGE_MEAN_REVERSION#1,RANGE_MEAN_REVERSION,TRAIN,VOL_STATE,COMPRESSION,CONSOLIDATION,5,-0.5465232319338705
RANGE_MEAN_REVERSION#1,RANGE_MEAN_REVERSION,TRAIN,VOL_STATE,COMPRESSION,COMPRESSION,8,-0.4027299948343651
RANGE_MEAN_REVERSION#1,RANGE_MEAN_REVERSION,TRAIN,VOL_STATE,COMPRESSION,RANGE_EXTREME,53,-0.15934266711063264
RANGE_MEAN_REVERSION#1,RANGE_MEAN_REVERSION,TRAIN,VOL_STATE,COMPRESSION,BREAKOUT_SETUP,8,-0.08924056971969144
RANGE_MEAN_REVERSION#1,RANGE_MEAN_REVERSION,TRAIN,VOL_STATE,COMPRESSION,RETEST,13,-0.3847212067624495
RANGE_MEAN_REVERSION#1,RANGE_MEAN_REVERSION,TRAIN,VOL_STATE,COMPRESSION,MOMENTUM_CONTINUATION,33,-0.08749928311794569
RANGE_MEAN_REVERSION#1,RANGE_MEAN_REVERSION,TRAIN,VOL_STATE,COMPRESSION,REVERSAL_CONTEXT,4,0.8685048064432317
RANGE_MEAN_REVERSION#1,RANGE_MEAN_REVERSION,TRAIN,VOL_STATE,EXPANSION,TREND_CONTINUATION,240,-0.06182847898516581
RANGE_MEAN_REVERSION#1,RANGE_MEAN_REVERSION,TRAIN,VOL_STATE,EXPANSION,CONSOLIDATION,18,-0.3339923675955449
RANGE_MEAN_REVERSION#1,RANGE_MEAN_REVERSION,TRAIN,VOL_STATE,EXPANSION,COMPRESSION,48,-0.34218140318029433
RANGE_MEAN_REVERSION#1,RANGE_MEAN_REVERSION,TRAIN,VOL_STATE,EXPANSION,RANGE_EXTREME,302,-0.04269282414308071
RANGE_MEAN_REVERSION#1,RANGE_MEAN_REVERSION,TRAIN,VOL_STATE,EXPANSION,BREAKOUT_SETUP,39,-0.08323691270675997
RANGE_MEAN_REVERSION#1,RANGE_MEAN_REVERSION,TRAIN,VOL_STATE,EXPANSION,RETEST,82,-0.07084093891408005
RANGE_MEAN_REVERSION#1,RANGE_MEAN_REVERSION,TRAIN,VOL_STATE,EXPANSION,FAILED_BREAKOUT,7,0.0613059466913883
RANGE_MEAN_REVERSION#1,RANGE_MEAN_REVERSION,TRAIN,VOL_STATE,EXPANSION,MOMENTUM_CONTINUATION,209,-0.027736581439777003
RANGE_MEAN_REVERSION#1,RANGE_MEAN_REVERSION,TRAIN,VOL_STATE,EXPANSION,REVERSAL_CONTEXT,15,-0.015677420088579315
RANGE_MEAN_REVERSION#1,RANGE_MEAN_REVERSION,VALIDATION,DIRECTION,DOWN,TREND_CONTINUATION,39,-0.2432135278798834
RANGE_MEAN_REVERSION#1,RANGE_MEAN_REVERSION,VALIDATION,DIRECTION,DOWN,CONSOLIDATION,8,-0.40518224219231136
RANGE_MEAN_REVERSION#1,RANGE_MEAN_REVERSION,VALIDATION,DIRECTION,DOWN,COMPRESSION,8,-0.07445511824801593
RANGE_MEAN_REVERSION#1,RANGE_MEAN_REVERSION,VALIDATION,DIRECTION,DOWN,RANGE_EXTREME,54,-0.2747038363482984
RANGE_MEAN_REVERSION#1,RANGE_MEAN_REVERSION,VALIDATION,DIRECTION,DOWN,BREAKOUT_SETUP,8,-1.0278553193942042
RANGE_MEAN_REVERSION#1,RANGE_MEAN_REVERSION,VALIDATION,DIRECTION,DOWN,RETEST,18,-0.4609948616697237
RANGE_MEAN_REVERSION#1,RANGE_MEAN_REVERSION,VALIDATION,DIRECTION,DOWN,FAILED_BREAKOUT,3,-0.17480977886470392
RANGE_MEAN_REVERSION#1,RANGE_MEAN_REVERSION,VALIDATION,DIRECTION,DOWN,MOMENTUM_CONTINUATION,30,-0.3468404780629984
RANGE_MEAN_REVERSION#1,RANGE_MEAN_REVERSION,VALIDATION,DIRECTION,DOWN,REVERSAL_CONTEXT,5,0.4951141326811645
RANGE_MEAN_REVERSION#1,RANGE_MEAN_REVERSION,VALIDATION,DIRECTION,NEUTRAL,TREND_CONTINUATION,88,0.014520456526564363
RANGE_MEAN_REVERSION#1,RANGE_MEAN_REVERSION,VALIDATION,DIRECTION,NEUTRAL,CONSOLIDATION,6,-0.6167800055212616
RANGE_MEAN_REVERSION#1,RANGE_MEAN_REVERSION,VALIDATION,DIRECTION,NEUTRAL,COMPRESSION,14,0.09412669693761601
RANGE_MEAN_REVERSION#1,RANGE_MEAN_REVERSION,VALIDATION,DIRECTION,NEUTRAL,RANGE_EXTREME,107,0.06510400760959324
RANGE_MEAN_REVERSION#1,RANGE_MEAN_REVERSION,VALIDATION,DIRECTION,NEUTRAL,BREAKOUT_SETUP,20,-0.5266253495447695
RANGE_MEAN_REVERSION#1,RANGE_MEAN_REVERSION,VALIDATION,DIRECTION,NEUTRAL,RETEST,18,0.12980360693835655
RANGE_MEAN_REVERSION#1,RANGE_MEAN_REVERSION,VALIDATION,DIRECTION,NEUTRAL,MOMENTUM_CONTINUATION,77,-0.0007637597718550086
RANGE_MEAN_REVERSION#1,RANGE_MEAN_REVERSION,VALIDATION,DIRECTION,NEUTRAL,REVERSAL_CONTEXT,1,1.5000000000000895
RANGE_MEAN_REVERSION#1,RANGE_MEAN_REVERSION,VALIDATION,DIRECTION,UP,TREND_CONTINUATION,27,0.2393385310401628
RANGE_MEAN_REVERSION#1,RANGE_MEAN_REVERSION,VALIDATION,DIRECTION,UP,CONSOLIDATION,4,-0.39312384444219334
RANGE_MEAN_REVERSION#1,RANGE_MEAN_REVERSION,VALIDATION,DIRECTION,UP,COMPRESSION,3,-0.18221227252823602
RANGE_MEAN_REVERSION#1,RANGE_MEAN_REVERSION,VALIDATION,DIRECTION,UP,RANGE_EXTREME,37,0.29188358414889565
RANGE_MEAN_REVERSION#1,RANGE_MEAN_REVERSION,VALIDATION,DIRECTION,UP,BREAKOUT_SETUP,4,0.2398227639340912
RANGE_MEAN_REVERSION#1,RANGE_MEAN_REVERSION,VALIDATION,DIRECTION,UP,RETEST,9,0.09405236497857358
RANGE_MEAN_REVERSION#1,RANGE_MEAN_REVERSION,VALIDATION,DIRECTION,UP,FAILED_BREAKOUT,1,-1.020773609206864
RANGE_MEAN_REVERSION#1,RANGE_MEAN_REVERSION,VALIDATION,DIRECTION,UP,MOMENTUM_CONTINUATION,24,0.18647387926703676
RANGE_MEAN_REVERSION#1,RANGE_MEAN_REVERSION,VALIDATION,DIRECTION,UP,REVERSAL_CONTEXT,4,0.23813993103165
RANGE_MEAN_REVERSION#1,RANGE_MEAN_REVERSION,VALIDATION,TREND_STRENGTH,RANGE_LIKE,TREND_CONTINUATION,154,-0.011333682304502568
RANGE_MEAN_REVERSION#1,RANGE_MEAN_REVERSION,VALIDATION,TREND_STRENGTH,RANGE_LIKE,CONSOLIDATION,18,-0.4730351860241575
RANGE_MEAN_REVERSION#1,RANGE_MEAN_REVERSION,VALIDATION,TREND_STRENGTH,RANGE_LIKE,COMPRESSION,25,0.007019839742311538
RANGE_MEAN_REVERSION#1,RANGE_MEAN_REVERSION,VALIDATION,TREND_STRENGTH,RANGE_LIKE,RANGE_EXTREME,198,0.014807142752159072
RANGE_MEAN_REVERSION#1,RANGE_MEAN_REVERSION,VALIDATION,TREND_STRENGTH,RANGE_LIKE,BREAKOUT_SETUP,32,-0.5561268278222705
RANGE_MEAN_REVERSION#1,RANGE_MEAN_REVERSION,VALIDATION,TREND_STRENGTH,RANGE_LIKE,RETEST,45,-0.11366602889683211
RANGE_MEAN_REVERSION#1,RANGE_MEAN_REVERSION,VALIDATION,TREND_STRENGTH,RANGE_LIKE,FAILED_BREAKOUT,4,-0.38630073645024393
RANGE_MEAN_REVERSION#1,RANGE_MEAN_REVERSION,VALIDATION,TREND_STRENGTH,RANGE_LIKE,MOMENTUM_CONTINUATION,131,-0.04571489115964815
RANGE_MEAN_REVERSION#1,RANGE_MEAN_REVERSION,VALIDATION,TREND_STRENGTH,RANGE_LIKE,REVERSAL_CONTEXT,10,0.49281303875325133
RANGE_MEAN_REVERSION#1,RANGE_MEAN_REVERSION,VALIDATION,VOLATILITY,LOW,TREND_CONTINUATION,26,-0.15261757046344993
RANGE_MEAN_REVERSION#1,RANGE_MEAN_REVERSION,VALIDATION,VOLATILITY,LOW,CONSOLIDATION,13,-0.6474514942766578
RANGE_MEAN_REVERSION#1,RANGE_MEAN_REVERSION,VALIDATION,VOLATILITY,LOW,COMPRESSION,3,0.6595804988662133
RANGE_MEAN_REVERSION#1,RANGE_MEAN_REVERSION,VALIDATION,VOLATILITY,LOW,RANGE_EXTREME,45,-0.13110646280046012
RANGE_MEAN_REVERSION#1,RANGE_MEAN_REVERSION,VALIDATION,VOLATILITY,LOW,BREAKOUT_SETUP,10,-0.2796249478277886
RANGE_MEAN_REVERSION#1,RANGE_MEAN_REVERSION,VALIDATION,VOLATILITY,LOW,RETEST,10,-0.5213804258860237
RANGE_MEAN_REVERSION#1,RANGE_MEAN_REVERSION,VALIDATION,VOLATILITY,LOW,MOMENTUM_CONTINUATION,24,-0.2903357013354005
RANGE_MEAN_REVERSION#1,RANGE_MEAN_REVERSION,VALIDATION,VOLATILITY,LOW,REVERSAL_CONTEXT,2,1.4999999999999516
RANGE_MEAN_REVERSION#1,RANGE_MEAN_REVERSION,VALIDATION,VOLATILITY,NORMAL,TREND_CONTINUATION,68,0.023073432759352742
RANGE_MEAN_REVERSION#1,RANGE_MEAN_REVERSION,VALIDATION,VOLATILITY,NORMAL,CONSOLIDATION,3,-0.18709806423806374
RANGE_MEAN_REVERSION#1,RANGE_MEAN_REVERSION,VALIDATION,VOLATILITY,NORMAL,COMPRESSION,13,-0.012709569173797662
RANGE_MEAN_REVERSION#1,RANGE_MEAN_REVERSION,VALIDATION,VOLATILITY,NORMAL,RANGE_EXTREME,82,0.021842316204349264
RANGE_MEAN_REVERSION#1,RANGE_MEAN_REVERSION,VALIDATION,VOLATILITY,NORMAL,BREAKOUT_SETUP,14,-1.030294430701771
RANGE_MEAN_REVERSION#1,RANGE_MEAN_REVERSION,VALIDATION,VOLATILITY,NORMAL,RETEST,19,0.06572876006002436
RANGE_MEAN_REVERSION#1,RANGE_MEAN_REVERSION,VALIDATION,VOLATILITY,NORMAL,FAILED_BREAKOUT,3,-0.17730051195050658
RANGE_MEAN_REVERSION#1,RANGE_MEAN_REVERSION,VALIDATION,VOLATILITY,NORMAL,MOMENTUM_CONTINUATION,56,-0.02273487834490684
RANGE_MEAN_REVERSION#1,RANGE_MEAN_REVERSION,VALIDATION,VOLATILITY,NORMAL,REVERSAL_CONTEXT,4,0.24202461603714248
RANGE_MEAN_REVERSION#1,RANGE_MEAN_REVERSION,VALIDATION,VOLATILITY,HIGH,TREND_CONTINUATION,60,0.010894605492005272
RANGE_MEAN_REVERSION#1,RANGE_MEAN_REVERSION,VALIDATION,VOLATILITY,HIGH,CONSOLIDATION,2,0.23176513493795536
RANGE_MEAN_REVERSION#1,RANGE_MEAN_REVERSION,VALIDATION,VOLATILITY,HIGH,COMPRESSION,9,-0.1820023448646091
RANGE_MEAN_REVERSION#1,RANGE_MEAN_REVERSION,VALIDATION,VOLATILITY,HIGH,RANGE_EXTREME,71,0.09916246707312064
RANGE_MEAN_REVERSION#1,RANGE_MEAN_REVERSION,VALIDATION,VOLATILITY,HIGH,BREAKOUT_SETUP,8,-0.07196087277624744
RANGE_MEAN_REVERSION#1,RANGE_MEAN_REVERSION,VALIDATION,VOLATILITY,HIGH,RETEST,16,-0.07187584266485457
RANGE_MEAN_REVERSION#1,RANGE_MEAN_REVERSION,VALIDATION,VOLATILITY,HIGH,FAILED_BREAKOUT,1,-1.013301409949456
RANGE_MEAN_REVERSION#1,RANGE_MEAN_REVERSION,VALIDATION,VOLATILITY,HIGH,MOMENTUM_CONTINUATION,51,0.04416782896961738
RANGE_MEAN_REVERSION#1,RANGE_MEAN_REVERSION,VALIDATION,VOLATILITY,HIGH,REVERSAL_CONTEXT,4,0.24000798084600988
RANGE_MEAN_REVERSION#1,RANGE_MEAN_REVERSION,VALIDATION,VOL_STATE,COMPRESSION,TREND_CONTINUATION,17,0.19620850144294255
RANGE_MEAN_REVERSION#1,RANGE_MEAN_REVERSION,VALIDATION,VOL_STATE,COMPRESSION,CONSOLIDATION,4,-0.40076341447451397
RANGE_MEAN_REVERSION#1,RANGE_MEAN_REVERSION,VALIDATION,VOL_STATE,COMPRESSION,COMPRESSION,1,-0.469078813386733
RANGE_MEAN_REVERSION#1,RANGE_MEAN_REVERSION,VALIDATION,VOL_STATE,COMPRESSION,RANGE_EXTREME,22,0.14693140302872576
RANGE_MEAN_REVERSION#1,RANGE_MEAN_REVERSION,VALIDATION,VOL_STATE,COMPRESSION,BREAKOUT_SETUP,4,0.2326467315256574
RANGE_MEAN_REVERSION#1,RANGE_MEAN_REVERSION,VALIDATION,VOL_STATE,COMPRESSION,RETEST,8,-0.6379262201900706
RANGE_MEAN_REVERSION#1,RANGE_MEAN_REVERSION,VALIDATION,VOL_STATE,COMPRESSION,MOMENTUM_CONTINUATION,15,0.022369634968670407
RANGE_MEAN_REVERSION#1,RANGE_MEAN_REVERSION,VALIDATION,VOL_STATE,EXPANSION,TREND_CONTINUATION,137,-0.0370870919665943
RANGE_MEAN_REVERSION#1,RANGE_MEAN_REVERSION,VALIDATION,VOL_STATE,EXPANSION,CONSOLIDATION,14,-0.49368426360976986
RANGE_MEAN_REVERSION#1,RANGE_MEAN_REVERSION,VALIDATION,VOL_STATE,EXPANSION,COMPRESSION,24,0.026857283622688428
RANGE_MEAN_REVERSION#1,RANGE_MEAN_REVERSION,VALIDATION,VOL_STATE,EXPANSION,RANGE_EXTREME,176,-0.0017083897824117132
RANGE_MEAN_REVERSION#1,RANGE_MEAN_REVERSION,VALIDATION,VOL_STATE,EXPANSION,BREAKOUT_SETUP,28,-0.6688087648719746
RANGE_MEAN_REVERSION#1,RANGE_MEAN_REVERSION,VALIDATION,VOL_STATE,EXPANSION,RETEST,37,-0.00031247402261843065
RANGE_MEAN_REVERSION#1,RANGE_MEAN_REVERSION,VALIDATION,VOL_STATE,EXPANSION,FAILED_BREAKOUT,4,-0.38630073645024393
RANGE_MEAN_REVERSION#1,RANGE_MEAN_REVERSION,VALIDATION,VOL_STATE,EXPANSION,MOMENTUM_CONTINUATION,116,-0.05451892471072383
RANGE_MEAN_REVERSION#1,RANGE_MEAN_REVERSION,VALIDATION,VOL_STATE,EXPANSION,REVERSAL_CONTEXT,10,0.49281303875325133
RANGE_MEAN_REVERSION#2,RANGE_MEAN_REVERSION,TRAIN,DIRECTION,DOWN,TREND_CONTINUATION,49,-0.27062185807181816
RANGE_MEAN_REVERSION#2,RANGE_MEAN_REVERSION,TRAIN,DIRECTION,DOWN,CONSOLIDATION,3,0.6565269412504248
RANGE_MEAN_REVERSION#2,RANGE_MEAN_REVERSION,TRAIN,DIRECTION,DOWN,COMPRESSION,10,-0.5148896588915701
RANGE_MEAN_REVERSION#2,RANGE_MEAN_REVERSION,TRAIN,DIRECTION,DOWN,RANGE_EXTREME,61,-0.25321377280173857
RANGE_MEAN_REVERSION#2,RANGE_MEAN_REVERSION,TRAIN,DIRECTION,DOWN,BREAKOUT_SETUP,10,0.12878002878021572
RANGE_MEAN_REVERSION#2,RANGE_MEAN_REVERSION,TRAIN,DIRECTION,DOWN,RETEST,21,-0.17993662543903752
RANGE_MEAN_REVERSION#2,RANGE_MEAN_REVERSION,TRAIN,DIRECTION,DOWN,MOMENTUM_CONTINUATION,41,-0.24762344106201054
RANGE_MEAN_REVERSION#2,RANGE_MEAN_REVERSION,TRAIN,DIRECTION,NEUTRAL,TREND_CONTINUATION,136,-0.09408407825570733
RANGE_MEAN_REVERSION#2,RANGE_MEAN_REVERSION,TRAIN,DIRECTION,NEUTRAL,CONSOLIDATION,11,-0.3386841231541705
RANGE_MEAN_REVERSION#2,RANGE_MEAN_REVERSION,TRAIN,DIRECTION,NEUTRAL,COMPRESSION,32,-0.24761006521368445
RANGE_MEAN_REVERSION#2,RANGE_MEAN_REVERSION,TRAIN,DIRECTION,NEUTRAL,RANGE_EXTREME,171,-0.054424035142513434
RANGE_MEAN_REVERSION#2,RANGE_MEAN_REVERSION,TRAIN,DIRECTION,NEUTRAL,BREAKOUT_SETUP,30,-0.13202933933454233
RANGE_MEAN_REVERSION#2,RANGE_MEAN_REVERSION,TRAIN,DIRECTION,NEUTRAL,RETEST,48,-0.09513665312473245
RANGE_MEAN_REVERSION#2,RANGE_MEAN_REVERSION,TRAIN,DIRECTION,NEUTRAL,FAILED_BREAKOUT,2,1.5
RANGE_MEAN_REVERSION#2,RANGE_MEAN_REVERSION,TRAIN,DIRECTION,NEUTRAL,MOMENTUM_CONTINUATION,124,-0.12388029592997397
RANGE_MEAN_REVERSION#2,RANGE_MEAN_REVERSION,TRAIN,DIRECTION,NEUTRAL,REVERSAL_CONTEXT,9,0.86205041944688
RANGE_MEAN_REVERSION#2,RANGE_MEAN_REVERSION,TRAIN,DIRECTION,UP,TREND_CONTINUATION,49,0.15248109463310616
RANGE_MEAN_REVERSION#2,RANGE_MEAN_REVERSION,TRAIN,DIRECTION,UP,CONSOLIDATION,5,-0.5405714450110137
RANGE_MEAN_REVERSION#2,RANGE_MEAN_REVERSION,TRAIN,DIRECTION,UP,COMPRESSION,7,-0.6606987910124287
RANGE_MEAN_REVERSION#2,RANGE_MEAN_REVERSION,TRAIN,DIRECTION,UP,RANGE_EXTREME,63,0.010324003428794339
RANGE_MEAN_REVERSION#2,RANGE_MEAN_REVERSION,TRAIN,DIRECTION,UP,BREAKOUT_SETUP,7,-0.37390355485279436
RANGE_MEAN_REVERSION#2,RANGE_MEAN_REVERSION,TRAIN,DIRECTION,UP,RETEST,14,0.20424627846565296
RANGE_MEAN_REVERSION#2,RANGE_MEAN_REVERSION,TRAIN,DIRECTION,UP,MOMENTUM_CONTINUATION,42,0.24008686982309238
RANGE_MEAN_REVERSION#2,RANGE_MEAN_REVERSION,TRAIN,TREND_STRENGTH,RANGE_LIKE,TREND_CONTINUATION,234,-0.07942022244133796
RANGE_MEAN_REVERSION#2,RANGE_MEAN_REVERSION,TRAIN,TREND_STRENGTH,RANGE_LIKE,CONSOLIDATION,19,-0.23467377663156158
RANGE_MEAN_REVERSION#2,RANGE_MEAN_REVERSION,TRAIN,TREND_STRENGTH,RANGE_LIKE,COMPRESSION,49,-0.3611695961804205
RANGE_MEAN_REVERSION#2,RANGE_MEAN_REVERSION,TRAIN,TREND_STRENGTH,RANGE_LIKE,RANGE_EXTREME,295,-0.08170216248902307
RANGE_MEAN_REVERSION#2,RANGE_MEAN_REVERSION,TRAIN,TREND_STRENGTH,RANGE_LIKE,BREAKOUT_SETUP,47,-0.11256180374901432
RANGE_MEAN_REVERSION#2,RANGE_MEAN_REVERSION,TRAIN,TREND_STRENGTH,RANGE_LIKE,RETEST,83,-0.06609374199623862
RANGE_MEAN_REVERSION#2,RANGE_MEAN_REVERSION,TRAIN,TREND_STRENGTH,RANGE_LIKE,FAILED_BREAKOUT,2,1.5
RANGE_MEAN_REVERSION#2,RANGE_MEAN_REVERSION,TRAIN,TREND_STRENGTH,RANGE_LIKE,MOMENTUM_CONTINUATION,207,-0.07454139732506919
RANGE_MEAN_REVERSION#2,RANGE_MEAN_REVERSION,TRAIN,TREND_STRENGTH,RANGE_LIKE,REVERSAL_CONTEXT,9,0.86205041944688
RANGE_MEAN_REVERSION#2,RANGE_MEAN_REVERSION,TRAIN,VOLATILITY,LOW,TREND_CONTINUATION,34,0.08778495549613996
RANGE_MEAN_REVERSION#2,RANGE_MEAN_REVERSION,TRAIN,VOLATILITY,LOW,CONSOLIDATION,5,-0.025689569198320595
RANGE_MEAN_REVERSION#2,RANGE_MEAN_REVERSION,TRAIN,VOLATILITY,LOW,COMPRESSION,8,-0.08055054569935999
RANGE_MEAN_REVERSION#2,RANGE_MEAN_REVERSION,TRAIN,VOLATILITY,LOW,RANGE_EXTREME,55,-0.01646744635258263
RANGE_MEAN_REVERSION#2,RANGE_MEAN_REVERSION,TRAIN,VOLATILITY,LOW,BREAKOUT_SETUP,11,-0.3369909179154765
RANGE_MEAN_REVERSION#2,RANGE_MEAN_REVERSION,TRAIN,VOLATILITY,LOW,RETEST,14,0.2389733590381359
RANGE_MEAN_REVERSION#2,RANGE_MEAN_REVERSION,TRAIN,VOLATILITY,LOW,FAILED_BREAKOUT,1,1.5
RANGE_MEAN_REVERSION#2,RANGE_MEAN_REVERSION,TRAIN,VOLATILITY,LOW,MOMENTUM_CONTINUATION,32,-0.00047848478535128525
RANGE_MEAN_REVERSION#2,RANGE_MEAN_REVERSION,TRAIN,VOLATILITY,LOW,REVERSAL_CONTEXT,4,0.867952187640955
RANGE_MEAN_REVERSION#2,RANGE_MEAN_REVERSION,TRAIN,VOLATILITY,NORMAL,TREND_CONTINUATION,110,-0.23397086080727153
RANGE_MEAN_REVERSION#2,RANGE_MEAN_REVERSION,TRAIN,VOLATILITY,NORMAL,CONSOLIDATION,10,-0.019155118818205818
RANGE_MEAN_REVERSION#2,RANGE_MEAN_REVERSION,TRAIN,VOLATILITY,NORMAL,COMPRESSION,24,-0.3046990783852034
RANGE_MEAN_REVERSION#2,RANGE_MEAN_REVERSION,TRAIN,VOLATILITY,NORMAL,RANGE_EXTREME,129,-0.20184822271779518
RANGE_MEAN_REVERSION#2,RANGE_MEAN_REVERSION,TRAIN,VOLATILITY,NORMAL,BREAKOUT_SETUP,23,-0.321743608110932
RANGE_MEAN_REVERSION#2,RANGE_MEAN_REVERSION,TRAIN,VOLATILITY,NORMAL,RETEST,43,-0.29293367992108954
RANGE_MEAN_REVERSION#2,RANGE_MEAN_REVERSION,TRAIN,VOLATILITY,NORMAL,FAILED_BREAKOUT,1,1.5
RANGE_MEAN_REVERSION#2,RANGE_MEAN_REVERSION,TRAIN,VOLATILITY,NORMAL,MOMENTUM_CONTINUATION,99,-0.24838993854908106
RANGE_MEAN_REVERSION#2,RANGE_MEAN_REVERSION,TRAIN,VOLATILITY,NORMAL,REVERSAL_CONTEXT,4,0.696661256114542
RANGE_MEAN_REVERSION#2,RANGE_MEAN_REVERSION,TRAIN,VOLATILITY,HIGH,TREND_CONTINUATION,90,0.046308601673977996
RANGE_MEAN_REVERSION#2,RANGE_MEAN_REVERSION,TRAIN,VOLATILITY,HIGH,CONSOLIDATION,4,-1.0347006804565022
RANGE_MEAN_REVERSION#2,RANGE_MEAN_REVERSION,TRAIN,VOLATILITY,HIGH,COMPRESSION,17,-0.5729487038824024
RANGE_MEAN_REVERSION#2,RANGE_MEAN_REVERSION,TRAIN,VOLATILITY,HIGH,RANGE_EXTREME,111,0.025603534646178556
RANGE_MEAN_REVERSION#2,RANGE_MEAN_REVERSION,TRAIN,VOLATILITY,HIGH,BREAKOUT_SETUP,13,0.4474306390321542
RANGE_MEAN_REVERSION#2,RANGE_MEAN_REVERSION,TRAIN,VOLATILITY,HIGH,RETEST,26,0.14479771632250543
RANGE_MEAN_REVERSION#2,RANGE_MEAN_REVERSION,TRAIN,VOLATILITY,HIGH,MOMENTUM_CONTINUATION,76,0.12073481820001233
RANGE_MEAN_REVERSION#2,RANGE_MEAN_REVERSION,TRAIN,VOLATILITY,HIGH,REVERSAL_CONTEXT,1,1.4999999999999312
RANGE_MEAN_REVERSION#2,RANGE_MEAN_REVERSION,TRAIN,VOL_STATE,COMPRESSION,TREND_CONTINUATION,29,-0.17227238411353715
RANGE_MEAN_REVERSION#2,RANGE_MEAN_REVERSION,TRAIN,VOL_STATE,COMPRESSION,CONSOLIDATION,4,-0.4134547224276017
RANGE_MEAN_REVERSION#2,RANGE_MEAN_REVERSION,TRAIN,VOL_STATE,COMPRESSION,COMPRESSION,6,-0.34567343029643266
RANGE_MEAN_REVERSION#2,RANGE_MEAN_REVERSION,TRAIN,VOL_STATE,COMPRESSION,RANGE_EXTREME,42,-0.13807508481257788
RANGE_MEAN_REVERSION#2,RANGE_MEAN_REVERSION,TRAIN,VOL_STATE,COMPRESSION,BREAKOUT_SETUP,7,0.2760017493802181
RANGE_MEAN_REVERSION#2,RANGE_MEAN_REVERSION,TRAIN,VOL_STATE,COMPRESSION,RETEST,11,-0.18966867775984528
RANGE_MEAN_REVERSION#2,RANGE_MEAN_REVERSION,TRAIN,VOL_STATE,COMPRESSION,MOMENTUM_CONTINUATION,26,-0.1717882219249642
RANGE_MEAN_REVERSION#2,RANGE_MEAN_REVERSION,TRAIN,VOL_STATE,COMPRESSION,REVERSAL_CONTEXT,3,1.499999999999977
RANGE_MEAN_REVERSION#2,RANGE_MEAN_REVERSION,TRAIN,VOL_STATE,EXPANSION,TREND_CONTINUATION,205,-0.06628503859502685
RANGE_MEAN_REVERSION#2,RANGE_MEAN_REVERSION,TRAIN,VOL_STATE,EXPANSION,CONSOLIDATION,15,-0.1869988577526175
RANGE_MEAN_REVERSION#2,RANGE_MEAN_REVERSION,TRAIN,VOL_STATE,EXPANSION,COMPRESSION,43,-0.3633318518851629
RANGE_MEAN_REVERSION#2,RANGE_MEAN_REVERSION,TRAIN,VOL_STATE,EXPANSION,RANGE_EXTREME,253,-0.07234381174756338
RANGE_MEAN_REVERSION#2,RANGE_MEAN_REVERSION,TRAIN,VOL_STATE,EXPANSION,BREAKOUT_SETUP,40,-0.18056042554663
RANGE_MEAN_REVERSION#2,RANGE_MEAN_REVERSION,TRAIN,VOL_STATE,EXPANSION,RETEST,72,-0.04721423792124316
RANGE_MEAN_REVERSION#2,RANGE_MEAN_REVERSION,TRAIN,VOL_STATE,EXPANSION,FAILED_BREAKOUT,2,1.5
RANGE_MEAN_REVERSION#2,RANGE_MEAN_REVERSION,TRAIN,VOL_STATE,EXPANSION,MOMENTUM_CONTINUATION,181,-0.060572240200222394
RANGE_MEAN_REVERSION#2,RANGE_MEAN_REVERSION,TRAIN,VOL_STATE,EXPANSION,REVERSAL_CONTEXT,6,0.5430756291703315
RANGE_MEAN_REVERSION#2,RANGE_MEAN_REVERSION,VALIDATION,DIRECTION,DOWN,TREND_CONTINUATION,28,-0.29643059157065405
RANGE_MEAN_REVERSION#2,RANGE_MEAN_REVERSION,VALIDATION,DIRECTION,DOWN,CONSOLIDATION,7,0.41772588250976506
RANGE_MEAN_REVERSION#2,RANGE_MEAN_REVERSION,VALIDATION,DIRECTION,DOWN,COMPRESSION,4,-0.3864729771770001
RANGE_MEAN_REVERSION#2,RANGE_MEAN_REVERSION,VALIDATION,DIRECTION,DOWN,RANGE_EXTREME,42,-0.17756071942430302
RANGE_MEAN_REVERSION#2,RANGE_MEAN_REVERSION,VALIDATION,DIRECTION,DOWN,BREAKOUT_SETUP,5,-0.007608660221344632
RANGE_MEAN_REVERSION#2,RANGE_MEAN_REVERSION,VALIDATION,DIRECTION,DOWN,RETEST,12,-0.3861306208100916
RANGE_MEAN_REVERSION#2,RANGE_MEAN_REVERSION,VALIDATION,DIRECTION,DOWN,FAILED_BREAKOUT,1,-1.0089002812488874
RANGE_MEAN_REVERSION#2,RANGE_MEAN_REVERSION,VALIDATION,DIRECTION,DOWN,MOMENTUM_CONTINUATION,21,-0.4167907420975598
RANGE_MEAN_REVERSION#2,RANGE_MEAN_REVERSION,VALIDATION,DIRECTION,DOWN,REVERSAL_CONTEXT,3,0.6636999062504351
RANGE_MEAN_REVERSION#2,RANGE_MEAN_REVERSION,VALIDATION,DIRECTION,NEUTRAL,TREND_CONTINUATION,73,-0.09309264724826095
RANGE_MEAN_REVERSION#2,RANGE_MEAN_REVERSION,VALIDATION,DIRECTION,NEUTRAL,CONSOLIDATION,4,-0.39274607439853604
RANGE_MEAN_REVERSION#2,RANGE_MEAN_REVERSION,VALIDATION,DIRECTION,NEUTRAL,COMPRESSION,10,-0.5163950102384416
RANGE_MEAN_REVERSION#2,RANGE_MEAN_REVERSION,VALIDATION,DIRECTION,NEUTRAL,RANGE_EXTREME,87,-0.03973291449822447
RANGE_MEAN_REVERSION#2,RANGE_MEAN_REVERSION,VALIDATION,DIRECTION,NEUTRAL,BREAKOUT_SETUP,17,-0.1326159538488898
RANGE_MEAN_REVERSION#2,RANGE_MEAN_REVERSION,VALIDATION,DIRECTION,NEUTRAL,RETEST,16,0.005384864948594026
RANGE_MEAN_REVERSION#2,RANGE_MEAN_REVERSION,VALIDATION,DIRECTION,NEUTRAL,MOMENTUM_CONTINUATION,67,-0.12270579403513217
RANGE_MEAN_REVERSION#2,RANGE_MEAN_REVERSION,VALIDATION,DIRECTION,UP,TREND_CONTINUATION,22,0.18149857730692573
RANGE_MEAN_REVERSION#2,RANGE_MEAN_REVERSION,VALIDATION,DIRECTION,UP,CONSOLIDATION,3,0.6544976635514153
RANGE_MEAN_REVERSION#2,RANGE_MEAN_REVERSION,VALIDATION,DIRECTION,UP,COMPRESSION,2,1.5000000000000262
RANGE_MEAN_REVERSION#2,RANGE_MEAN_REVERSION,VALIDATION,DIRECTION,UP,RANGE_EXTREME,31,0.2946226099250841
RANGE_MEAN_REVERSION#2,RANGE_MEAN_REVERSION,VALIDATION,DIRECTION,UP,BREAKOUT_SETUP,4,0.8684926336612849
RANGE_MEAN_REVERSION#2,RANGE_MEAN_REVERSION,VALIDATION,DIRECTION,UP,RETEST,7,-0.3022808655399651
RANGE_MEAN_REVERSION#2,RANGE_MEAN_REVERSION,VALIDATION,DIRECTION,UP,FAILED_BREAKOUT,1,-1.0149954263949499
RANGE_MEAN_REVERSION#2,RANGE_MEAN_REVERSION,VALIDATION,DIRECTION,UP,MOMENTUM_CONTINUATION,19,0.10544760227678203
RANGE_MEAN_REVERSION#2,RANGE_MEAN_REVERSION,VALIDATION,DIRECTION,UP,REVERSAL_CONTEXT,3,-0.17902349386087738
RANGE_MEAN_REVERSION#2,RANGE_MEAN_REVERSION,VALIDATION,TREND_STRENGTH,RANGE_LIKE,TREND_CONTINUATION,123,-0.09026708221421949
RANGE_MEAN_REVERSION#2,RANGE_MEAN_REVERSION,VALIDATION,TREND_STRENGTH,RANGE_LIKE,CONSOLIDATION,14,0.2368992764734612
RANGE_MEAN_REVERSION#2,RANGE_MEAN_REVERSION,VALIDATION,TREND_STRENGTH,RANGE_LIKE,COMPRESSION,16,-0.23186512569327283
RANGE_MEAN_REVERSION#2,RANGE_MEAN_REVERSION,VALIDATION,TREND_STRENGTH,RANGE_LIKE,RANGE_EXTREME,160,-0.011131330434304055
RANGE_MEAN_REVERSION#2,RANGE_MEAN_REVERSION,VALIDATION,TREND_STRENGTH,RANGE_LIKE,BREAKOUT_SETUP,26,0.04544061608104963
RANGE_MEAN_REVERSION#2,RANGE_MEAN_REVERSION,VALIDATION,TREND_STRENGTH,RANGE_LIKE,RETEST,35,-0.19038216198066715
RANGE_MEAN_REVERSION#2,RANGE_MEAN_REVERSION,VALIDATION,TREND_STRENGTH,RANGE_LIKE,FAILED_BREAKOUT,2,-1.0119478538219187
RANGE_MEAN_REVERSION#2,RANGE_MEAN_REVERSION,VALIDATION,TREND_STRENGTH,RANGE_LIKE,MOMENTUM_CONTINUATION,107,-0.13991018075835282
RANGE_MEAN_REVERSION#2,RANGE_MEAN_REVERSION,VALIDATION,TREND_STRENGTH,RANGE_LIKE,REVERSAL_CONTEXT,6,0.24233820619477883
RANGE_MEAN_REVERSION#2,RANGE_MEAN_REVERSION,VALIDATION,VOLATILITY,LOW,TREND_CONTINUATION,23,-0.1447792811560564
RANGE_MEAN_REVERSION#2,RANGE_MEAN_REVERSION,VALIDATION,VOLATILITY,LOW,CONSOLIDATION,9,0.0979232098489253
RANGE_MEAN_REVERSION#2,RANGE_MEAN_REVERSION,VALIDATION,VOLATILITY,LOW,COMPRESSION,3,-0.17795252449251353
RANGE_MEAN_REVERSION#2,RANGE_MEAN_REVERSION,VALIDATION,VOLATILITY,LOW,RANGE_EXTREME,38,0.03979526453998803
RANGE_MEAN_REVERSION#2,RANGE_MEAN_REVERSION,VALIDATION,VOLATILITY,LOW,BREAKOUT_SETUP,7,0.4202989433802979
RANGE_MEAN_REVERSION#2,RANGE_MEAN_REVERSION,VALIDATION,VOLATILITY,LOW,RETEST,9,-0.45886207985960137
RANGE_MEAN_REVERSION#2,RANGE_MEAN_REVERSION,VALIDATION,VOLATILITY,LOW,MOMENTUM_CONTINUATION,22,-0.21954197575405712
RANGE_MEAN_REVERSION#2,RANGE_MEAN_REVERSION,VALIDATION,VOLATILITY,LOW,REVERSAL_CONTEXT,2,1.5000000000000433
RANGE_MEAN_REVERSION#2,RANGE_MEAN_REVERSION,VALIDATION,VOLATILITY,NORMAL,TREND_CONTINUATION,57,-0.14072956942410955
RANGE_MEAN_REVERSION#2,RANGE_MEAN_REVERSION,VALIDATION,VOLATILITY,NORMAL,CONSOLIDATION,3,0.6550083939563637
RANGE_MEAN_REVERSION#2,RANGE_MEAN_REVERSION,VALIDATION,VOLATILITY,NORMAL,COMPRESSION,8,-0.30611089059620145
RANGE_MEAN_REVERSION#2,RANGE_MEAN_REVERSION,VALIDATION,VOLATILITY,NORMAL,RANGE_EXTREME,68,-0.10930750665634086
RANGE_MEAN_REVERSION#2,RANGE_MEAN_REVERSION,VALIDATION,VOLATILITY,NORMAL,BREAKOUT_SETUP,13,-0.24777583477261622
RANGE_MEAN_REVERSION#2,RANGE_MEAN_REVERSION,VALIDATION,VOLATILITY,NORMAL,RETEST,15,-0.3026644556000502
RANGE_MEAN_REVERSION#2,RANGE_MEAN_REVERSION,VALIDATION,VOLATILITY,NORMAL,FAILED_BREAKOUT,2,-1.0119478538219187
RANGE_MEAN_REVERSION#2,RANGE_MEAN_REVERSION,VALIDATION,VOLATILITY,NORMAL,MOMENTUM_CONTINUATION,47,-0.22182675226323414
RANGE_MEAN_REVERSION#2,RANGE_MEAN_REVERSION,VALIDATION,VOLATILITY,NORMAL,REVERSAL_CONTEXT,2,-1.0119478538219187
RANGE_MEAN_REVERSION#2,RANGE_MEAN_REVERSION,VALIDATION,VOLATILITY,HIGH,TREND_CONTINUATION,43,0.005782739800338215
RANGE_MEAN_REVERSION#2,RANGE_MEAN_REVERSION,VALIDATION,VOLATILITY,HIGH,CONSOLIDATION,2,0.23512790005951922
RANGE_MEAN_REVERSION#2,RANGE_MEAN_REVERSION,VALIDATION,VOLATILITY,HIGH,COMPRESSION,5,-0.14541946256904256
RANGE_MEAN_REVERSION#2,RANGE_MEAN_REVERSION,VALIDATION,VOLATILITY,HIGH,RANGE_EXTREME,54,0.07666069501153672
RANGE_MEAN_REVERSION#2,RANGE_MEAN_REVERSION,VALIDATION,VOLATILITY,HIGH,BREAKOUT_SETUP,6,0.2434082110815359
RANGE_MEAN_REVERSION#2,RANGE_MEAN_REVERSION,VALIDATION,VOLATILITY,HIGH,RETEST,11,0.18239544394671034
RANGE_MEAN_REVERSION#2,RANGE_MEAN_REVERSION,VALIDATION,VOLATILITY,HIGH,MOMENTUM_CONTINUATION,38,0.007510302153092405
RANGE_MEAN_REVERSION#2,RANGE_MEAN_REVERSION,VALIDATION,VOLATILITY,HIGH,REVERSAL_CONTEXT,2,0.23896247240621182
RANGE_MEAN_REVERSION#2,RANGE_MEAN_REVERSION,VALIDATION,VOL_STATE,COMPRESSION,TREND_CONTINUATION,15,0.3698388636627418
RANGE_MEAN_REVERSION#2,RANGE_MEAN_REVERSION,VALIDATION,VOL_STATE,COMPRESSION,CONSOLIDATION,3,0.6575414967103769
RANGE_MEAN_REVERSION#2,RANGE_MEAN_REVERSION,VALIDATION,VOL_STATE,COMPRESSION,COMPRESSION,1,-0.3353310848518918
RANGE_MEAN_REVERSION#2,RANGE_MEAN_REVERSION,VALIDATION,VOL_STATE,COMPRESSION,RANGE_EXTREME,19,0.34179884103776187
RANGE_MEAN_REVERSION#2,RANGE_MEAN_REVERSION,VALIDATION,VOL_STATE,COMPRESSION,BREAKOUT_SETUP,3,0.6579901782150538
RANGE_MEAN_REVERSION#2,RANGE_MEAN_REVERSION,VALIDATION,VOL_STATE,COMPRESSION,RETEST,6,0.3577585652233475
RANGE_MEAN_REVERSION#2,RANGE_MEAN_REVERSION,VALIDATION,VOL_STATE,COMPRESSION,MOMENTUM_CONTINUATION,14,0.28911306821007876
RANGE_MEAN_REVERSION#2,RANGE_MEAN_REVERSION,VALIDATION,VOL_STATE,EXPANSION,TREND_CONTINUATION,108,-0.1541706858082419
RANGE_MEAN_REVERSION#2,RANGE_MEAN_REVERSION,VALIDATION,VOL_STATE,EXPANSION,CONSOLIDATION,11,0.1221786709543024
RANGE_MEAN_REVERSION#2,RANGE_MEAN_REVERSION,VALIDATION,VOL_STATE,EXPANSION,COMPRESSION,15,-0.22496739508269822
RANGE_MEAN_REVERSION#2,RANGE_MEAN_REVERSION,VALIDATION,VOL_STATE,EXPANSION,RANGE_EXTREME,141,-0.0586892968028803
RANGE_MEAN_REVERSION#2,RANGE_MEAN_REVERSION,VALIDATION,VOL_STATE,EXPANSION,BREAKOUT_SETUP,23,-0.034457152892950954
RANGE_MEAN_REVERSION#2,RANGE_MEAN_REVERSION,VALIDATION,VOL_STATE,EXPANSION,RETEST,29,-0.30379058829873923
RANGE_MEAN_REVERSION#2,RANGE_MEAN_REVERSION,VALIDATION,VOL_STATE,EXPANSION,FAILED_BREAKOUT,2,-1.0119478538219187
RANGE_MEAN_REVERSION#2,RANGE_MEAN_REVERSION,VALIDATION,VOL_STATE,EXPANSION,MOMENTUM_CONTINUATION,93,-0.20449432576435322
RANGE_MEAN_REVERSION#2,RANGE_MEAN_REVERSION,VALIDATION,VOL_STATE,EXPANSION,REVERSAL_CONTEXT,6,0.24233820619477883
SESSION_SWEEP_REVERSAL#0,SESSION_SWEEP_REVERSAL,TRAIN,DIRECTION,DOWN,TREND_CONTINUATION,1,2.0
SESSION_SWEEP_REVERSAL#0,SESSION_SWEEP_REVERSAL,TRAIN,DIRECTION,DOWN,CONSOLIDATION,4,0.48245007448920085
SESSION_SWEEP_REVERSAL#0,SESSION_SWEEP_REVERSAL,TRAIN,DIRECTION,DOWN,RANGE_EXTREME,5,0.7859600595913607
SESSION_SWEEP_REVERSAL#0,SESSION_SWEEP_REVERSAL,TRAIN,DIRECTION,DOWN,RETEST,1,2.0
SESSION_SWEEP_REVERSAL#0,SESSION_SWEEP_REVERSAL,TRAIN,DIRECTION,DOWN,FAILED_BREAKOUT,1,2.0
SESSION_SWEEP_REVERSAL#0,SESSION_SWEEP_REVERSAL,TRAIN,DIRECTION,DOWN,MOMENTUM_CONTINUATION,1,2.0
SESSION_SWEEP_REVERSAL#0,SESSION_SWEEP_REVERSAL,TRAIN,DIRECTION,DOWN,REVERSAL_CONTEXT,7,0.7012973971064607
SESSION_SWEEP_REVERSAL#0,SESSION_SWEEP_REVERSAL,TRAIN,DIRECTION,NEUTRAL,TREND_CONTINUATION,8,-0.6397903349184658
SESSION_SWEEP_REVERSAL#0,SESSION_SWEEP_REVERSAL,TRAIN,DIRECTION,NEUTRAL,PULLBACK,2,-1.025746464954487
SESSION_SWEEP_REVERSAL#0,SESSION_SWEEP_REVERSAL,TRAIN,DIRECTION,NEUTRAL,CONSOLIDATION,7,-0.1515917076675207
SESSION_SWEEP_REVERSAL#0,SESSION_SWEEP_REVERSAL,TRAIN,DIRECTION,NEUTRAL,COMPRESSION,1,2.0
SESSION_SWEEP_REVERSAL#0,SESSION_SWEEP_REVERSAL,TRAIN,DIRECTION,NEUTRAL,RANGE_EXTREME,20,-0.5641349286289715
SESSION_SWEEP_REVERSAL#0,SESSION_SWEEP_REVERSAL,TRAIN,DIRECTION,NEUTRAL,BREAKOUT_SETUP,2,-1.0257351172793048
SESSION_SWEEP_REVERSAL#0,SESSION_SWEEP_REVERSAL,TRAIN,DIRECTION,NEUTRAL,RETEST,2,-1.0120035468630653
SESSION_SWEEP_REVERSAL#0,SESSION_SWEEP_REVERSAL,TRAIN,DIRECTION,NEUTRAL,FAILED_BREAKOUT,4,-0.25975879906947585
SESSION_SWEEP_REVERSAL#0,SESSION_SWEEP_REVERSAL,TRAIN,DIRECTION,NEUTRAL,MOMENTUM_CONTINUATION,7,-0.586184939542279
SESSION_SWEEP_REVERSAL#0,SESSION_SWEEP_REVERSAL,TRAIN,DIRECTION,NEUTRAL,REVERSAL_CONTEXT,29,-0.3926045610596308
SESSION_SWEEP_REVERSAL#0,SESSION_SWEEP_REVERSAL,TRAIN,DIRECTION,UP,TREND_CONTINUATION,5,0.18090969257069114
SESSION_SWEEP_REVERSAL#0,SESSION_SWEEP_REVERSAL,TRAIN,DIRECTION,UP,PULLBACK,3,-0.009626193572893479
SESSION_SWEEP_REVERSAL#0,SESSION_SWEEP_REVERSAL,TRAIN,DIRECTION,UP,CONSOLIDATION,5,0.7910807151546184
SESSION_SWEEP_REVERSAL#0,SESSION_SWEEP_REVERSAL,TRAIN,DIRECTION,UP,COMPRESSION,1,-1.0304099257997827
SESSION_SWEEP_REVERSAL#0,SESSION_SWEEP_REVERSAL,TRAIN,DIRECTION,UP,RANGE_EXTREME,8,0.48470089052033044
SESSION_SWEEP_REVERSAL#0,SESSION_SWEEP_REVERSAL,TRAIN,DIRECTION,UP,BREAKOUT_SETUP,2,0.4887015862972841
SESSION_SWEEP_REVERSAL#0,SESSION_SWEEP_REVERSAL,TRAIN,DIRECTION,UP,RETEST,1,-1.0304099257997827
SESSION_SWEEP_REVERSAL#0,SESSION_SWEEP_REVERSAL,TRAIN,DIRECTION,UP,FAILED_BREAKOUT,6,-0.5192864105183629
SESSION_SWEEP_REVERSAL#0,SESSION_SWEEP_REVERSAL,TRAIN,DIRECTION,UP,MOMENTUM_CONTINUATION,4,0.480665937132878
SESSION_SWEEP_REVERSAL#0,SESSION_SWEEP_REVERSAL,TRAIN,DIRECTION,UP,REVERSAL_CONTEXT,15,-0.016818571855348304
SESSION_SWEEP_REVERSAL#0,SESSION_SWEEP_REVERSAL,TRAIN,TREND_STRENGTH,RANGE_LIKE,TREND_CONTINUATION,8,-0.6397903349184658
SESSION_SWEEP_REVERSAL#0,SESSION_SWEEP_REVERSAL,TRAIN,TREND_STRENGTH,RANGE_LIKE,PULLBACK,2,-1.0164620148953734
SESSION_SWEEP_REVERSAL#0,SESSION_SWEEP_REVERSAL,TRAIN,TREND_STRENGTH,RANGE_LIKE,CONSOLIDATION,8,0.49229348947115914
SESSION_SWEEP_REVERSAL#0,SESSION_SWEEP_REVERSAL,TRAIN,TREND_STRENGTH,RANGE_LIKE,COMPRESSION,1,2.0
SESSION_SWEEP_REVERSAL#0,SESSION_SWEEP_REVERSAL,TRAIN,TREND_STRENGTH,RANGE_LIKE,RANGE_EXTREME,19,-0.22387640560188235
SESSION_SWEEP_REVERSAL#0,SESSION_SWEEP_REVERSAL,TRAIN,TREND_STRENGTH,RANGE_LIKE,BREAKOUT_SETUP,2,-1.0257351172793048
SESSION_SWEEP_REVERSAL#0,SESSION_SWEEP_REVERSAL,TRAIN,TREND_STRENGTH,RANGE_LIKE,RETEST,2,-1.0120035468630653
SESSION_SWEEP_REVERSAL#0,SESSION_SWEEP_REVERSAL,TRAIN,TREND_STRENGTH,RANGE_LIKE,FAILED_BREAKOUT,5,-0.412298998648268
SESSION_SWEEP_REVERSAL#0,SESSION_SWEEP_REVERSAL,TRAIN,TREND_STRENGTH,RANGE_LIKE,MOMENTUM_CONTINUATION,7,-0.586184939542279
SESSION_SWEEP_REVERSAL#0,SESSION_SWEEP_REVERSAL,TRAIN,TREND_STRENGTH,RANGE_LIKE,REVERSAL_CONTEXT,28,-0.15492558944526427
SESSION_SWEEP_REVERSAL#0,SESSION_SWEEP_REVERSAL,TRAIN,TREND_STRENGTH,WEAK,TREND_CONTINUATION,6,0.48409141047557597
SESSION_SWEEP_REVERSAL#0,SESSION_SWEEP_REVERSAL,TRAIN,TREND_STRENGTH,WEAK,PULLBACK,3,-0.01581582694563588
SESSION_SWEEP_REVERSAL#0,SESSION_SWEEP_REVERSAL,TRAIN,TREND_STRENGTH,WEAK,CONSOLIDATION,8,0.1107142505359972
SESSION_SWEEP_REVERSAL#0,SESSION_SWEEP_REVERSAL,TRAIN,TREND_STRENGTH,WEAK,COMPRESSION,1,-1.0304099257997827
SESSION_SWEEP_REVERSAL#0,SESSION_SWEEP_REVERSAL,TRAIN,TREND_STRENGTH,WEAK,RANGE_EXTREME,14,0.05559718256969881
SESSION_SWEEP_REVERSAL#0,SESSION_SWEEP_REVERSAL,TRAIN,TREND_STRENGTH,WEAK,BREAKOUT_SETUP,2,0.4887015862972841
SESSION_SWEEP_REVERSAL#0,SESSION_SWEEP_REVERSAL,TRAIN,TREND_STRENGTH,WEAK,RETEST,2,0.48479503710010863
SESSION_SWEEP_REVERSAL#0,SESSION_SWEEP_REVERSAL,TRAIN,TREND_STRENGTH,WEAK,FAILED_BREAKOUT,6,-0.01554311102445686
SESSION_SWEEP_REVERSAL#0,SESSION_SWEEP_REVERSAL,TRAIN,TREND_STRENGTH,WEAK,MOMENTUM_CONTINUATION,5,0.7845327497063024
SESSION_SWEEP_REVERSAL#0,SESSION_SWEEP_REVERSAL,TRAIN,TREND_STRENGTH,WEAK,REVERSAL_CONTEXT,23,-0.10394837236290834
SESSION_SWEEP_REVERSAL#0,SESSION_SWEEP_REVERSAL,TRAIN,VOLATILITY,LOW,TREND_CONTINUATION,6,-0.5187658354189059
SESSION_SWEEP_REVERSAL#0,SESSION_SWEEP_REVERSAL,TRAIN,VOLATILITY,LOW,PULLBACK,4,-0.26767096027335924
SESSION_SWEEP_REVERSAL#0,SESSION_SWEEP_REVERSAL,TRAIN,VOLATILITY,LOW,CONSOLIDATION,11,0.07739206587204371
SESSION_SWEEP_REVERSAL#0,SESSION_SWEEP_REVERSAL,TRAIN,VOLATILITY,LOW,COMPRESSION,1,2.0
SESSION_SWEEP_REVERSAL#0,SESSION_SWEEP_REVERSAL,TRAIN,VOLATILITY,LOW,RANGE_EXTREME,18,-0.34974407387455514
SESSION_SWEEP_REVERSAL#0,SESSION_SWEEP_REVERSAL,TRAIN,VOLATILITY,LOW,BREAKOUT_SETUP,1,-1.0225968274054318
SESSION_SWEEP_REVERSAL#0,SESSION_SWEEP_REVERSAL,TRAIN,VOLATILITY,LOW,RETEST,1,-1.0178718232834096
SESSION_SWEEP_REVERSAL#0,SESSION_SWEEP_REVERSAL,TRAIN,VOLATILITY,LOW,FAILED_BREAKOUT,7,-0.5883154947350826
SESSION_SWEEP_REVERSAL#0,SESSION_SWEEP_REVERSAL,TRAIN,VOLATILITY,LOW,MOMENTUM_CONTINUATION,4,-0.2698629060709017
SESSION_SWEEP_REVERSAL#0,SESSION_SWEEP_REVERSAL,TRAIN,VOLATILITY,LOW,REVERSAL_CONTEXT,29,-0.2916892127493887
SESSION_SWEEP_REVERSAL#0,SESSION_SWEEP_REVERSAL,TRAIN,VOLATILITY,NORMAL,TREND_CONTINUATION,5,0.7939066764169483
SESSION_SWEEP_REVERSAL#0,SESSION_SWEEP_REVERSAL,TRAIN,VOLATILITY,NORMAL,CONSOLIDATION,4,1.2476892076755277
SESSION_SWEEP_REVERSAL#0,SESSION_SWEEP_REVERSAL,TRAIN,VOLATILITY,NORMAL,RANGE_EXTREME,9,0.3242444817940134
SESSION_SWEEP_REVERSAL#0,SESSION_SWEEP_REVERSAL,TRAIN,VOLATILITY,NORMAL,BREAKOUT_SETUP,2,0.4851066364827833
SESSION_SWEEP_REVERSAL#0,SESSION_SWEEP_REVERSAL,TRAIN,VOLATILITY,NORMAL,RETEST,1,2.0
SESSION_SWEEP_REVERSAL#0,SESSION_SWEEP_REVERSAL,TRAIN,VOLATILITY,NORMAL,FAILED_BREAKOUT,2,2.0
SESSION_SWEEP_REVERSAL#0,SESSION_SWEEP_REVERSAL,TRAIN,VOLATILITY,NORMAL,MOMENTUM_CONTINUATION,5,0.7939066764169483
SESSION_SWEEP_REVERSAL#0,SESSION_SWEEP_REVERSAL,TRAIN,VOLATILITY,NORMAL,REVERSAL_CONTEXT,12,0.23804039747683436
SESSION_SWEEP_REVERSAL#0,SESSION_SWEEP_REVERSAL,TRAIN,VOLATILITY,HIGH,TREND_CONTINUATION,3,-1.0235708620218593
SESSION_SWEEP_REVERSAL#0,SESSION_SWEEP_REVERSAL,TRAIN,VOLATILITY,HIGH,PULLBACK,1,-1.0096876695342174
SESSION_SWEEP_REVERSAL#0,SESSION_SWEEP_REVERSAL,TRAIN,VOLATILITY,HIGH,CONSOLIDATION,1,-1.0180076352373408
SESSION_SWEEP_REVERSAL#0,SESSION_SWEEP_REVERSAL,TRAIN,VOLATILITY,HIGH,COMPRESSION,1,-1.0304099257997827
SESSION_SWEEP_REVERSAL#0,SESSION_SWEEP_REVERSAL,TRAIN,VOLATILITY,HIGH,RANGE_EXTREME,6,-0.01634969281068499
SESSION_SWEEP_REVERSAL#0,SESSION_SWEEP_REVERSAL,TRAIN,VOLATILITY,HIGH,BREAKOUT_SETUP,1,-1.0216835075241761
SESSION_SWEEP_REVERSAL#0,SESSION_SWEEP_REVERSAL,TRAIN,VOLATILITY,HIGH,RETEST,2,-1.0182725981212517
SESSION_SWEEP_REVERSAL#0,SESSION_SWEEP_REVERSAL,TRAIN,VOLATILITY,HIGH,FAILED_BREAKOUT,2,-1.0182725981212517
SESSION_SWEEP_REVERSAL#0,SESSION_SWEEP_REVERSAL,TRAIN,VOLATILITY,HIGH,MOMENTUM_CONTINUATION,3,-1.0235708620218593
SESSION_SWEEP_REVERSAL#0,SESSION_SWEEP_REVERSAL,TRAIN,VOLATILITY,HIGH,REVERSAL_CONTEXT,10,-0.11262266688040316
SESSION_SWEEP_REVERSAL#0,SESSION_SWEEP_REVERSAL,TRAIN,VOL_STATE,COMPRESSION,TREND_CONTINUATION,3,-0.01894034861533959
SESSION_SWEEP_REVERSAL#0,SESSION_SWEEP_REVERSAL,TRAIN,VOL_STATE,COMPRESSION,PULLBACK,2,-1.0212136357204962
SESSION_SWEEP_REVERSAL#0,SESSION_SWEEP_REVERSAL,TRAIN,VOL_STATE,COMPRESSION,CONSOLIDATION,7,-0.15347979733402747
SESSION_SWEEP_REVERSAL#0,SESSION_SWEEP_REVERSAL,TRAIN,VOL_STATE,COMPRESSION,RANGE_EXTREME,13,-0.32324884018065086
SESSION_SWEEP_REVERSAL#0,SESSION_SWEEP_REVERSAL,TRAIN,VOL_STATE,COMPRESSION,BREAKOUT_SETUP,1,-1.0297867270344334
SESSION_SWEEP_REVERSAL#0,SESSION_SWEEP_REVERSAL,TRAIN,VOL_STATE,COMPRESSION,RETEST,1,-1.0178718232834096
SESSION_SWEEP_REVERSAL#0,SESSION_SWEEP_REVERSAL,TRAIN,VOL_STATE,COMPRESSION,FAILED_BREAKOUT,3,-0.013443873415615407
SESSION_SWEEP_REVERSAL#0,SESSION_SWEEP_REVERSAL,TRAIN,VOL_STATE,COMPRESSION,MOMENTUM_CONTINUATION,3,-0.01894034861533959
SESSION_SWEEP_REVERSAL#0,SESSION_SWEEP_REVERSAL,TRAIN,VOL_STATE,COMPRESSION,REVERSAL_CONTEXT,19,-0.22538379879963139
SESSION_SWEEP_REVERSAL#0,SESSION_SWEEP_REVERSAL,TRAIN,VOL_STATE,EXPANSION,TREND_CONTINUATION,11,-0.1960866518771138
SESSION_SWEEP_REVERSAL#0,SESSION_SWEEP_REVERSAL,TRAIN,VOL_STATE,EXPANSION,PULLBACK,3,-0.012648079728887337
SESSION_SWEEP_REVERSAL#0,SESSION_SWEEP_REVERSAL,TRAIN,VOL_STATE,EXPANSION,CONSOLIDATION,9,0.6553800557106048
SESSION_SWEEP_REVERSAL#0,SESSION_SWEEP_REVERSAL,TRAIN,VOL_STATE,EXPANSION,COMPRESSION,2,0.48479503710010863
SESSION_SWEEP_REVERSAL#0,SESSION_SWEEP_REVERSAL,TRAIN,VOL_STATE,EXPANSION,RANGE_EXTREME,20,0.036347188594424006
SESSION_SWEEP_REVERSAL#0,SESSION_SWEEP_REVERSAL,TRAIN,VOL_STATE,EXPANSION,BREAKOUT_SETUP,3,-0.014760111643202642
SESSION_SWEEP_REVERSAL#0,SESSION_SWEEP_REVERSAL,TRAIN,VOL_STATE,EXPANSION,RETEST,3,-0.01218173208083447
SESSION_SWEEP_REVERSAL#0,SESSION_SWEEP_REVERSAL,TRAIN,VOL_STATE,EXPANSION,FAILED_BREAKOUT,8,-0.2643027548926544
SESSION_SWEEP_REVERSAL#0,SESSION_SWEEP_REVERSAL,TRAIN,VOL_STATE,EXPANSION,MOMENTUM_CONTINUATION,9,-0.01375664249093584
SESSION_SWEEP_REVERSAL#0,SESSION_SWEEP_REVERSAL,TRAIN,VOL_STATE,EXPANSION,REVERSAL_CONTEXT,32,-0.0764511528631655
SESSION_SWEEP_REVERSAL#0,SESSION_SWEEP_REVERSAL,VALIDATION,DIRECTION,DOWN,TREND_CONTINUATION,2,2.0
SESSION_SWEEP_REVERSAL#0,SESSION_SWEEP_REVERSAL,VALIDATION,DIRECTION,DOWN,CONSOLIDATION,3,-0.010265131543554537
SESSION_SWEEP_REVERSAL#0,SESSION_SWEEP_REVERSAL,VALIDATION,DIRECTION,DOWN,COMPRESSION,1,2.0
SESSION_SWEEP_REVERSAL#0,SESSION_SWEEP_REVERSAL,VALIDATION,DIRECTION,DOWN,RANGE_EXTREME,8,0.8697518960247532
SESSION_SWEEP_REVERSAL#0,SESSION_SWEEP_REVERSAL,VALIDATION,DIRECTION,DOWN,FAILED_BREAKOUT,1,2.0
SESSION_SWEEP_REVERSAL#0,SESSION_SWEEP_REVERSAL,VALIDATION,DIRECTION,DOWN,MOMENTUM_CONTINUATION,2,2.0
SESSION_SWEEP_REVERSAL#0,SESSION_SWEEP_REVERSAL,VALIDATION,DIRECTION,DOWN,REVERSAL_CONTEXT,9,0.6610288697155737
SESSION_SWEEP_REVERSAL#0,SESSION_SWEEP_REVERSAL,VALIDATION,DIRECTION,NEUTRAL,TREND_CONTINUATION,2,0.48073217726397244
SESSION_SWEEP_REVERSAL#0,SESSION_SWEEP_REVERSAL,VALIDATION,DIRECTION,NEUTRAL,CONSOLIDATION,2,-1.0295842456279871
SESSION_SWEEP_REVERSAL#0,SESSION_SWEEP_REVERSAL,VALIDATION,DIRECTION,NEUTRAL,RANGE_EXTREME,3,-1.022045419455109
SESSION_SWEEP_REVERSAL#0,SESSION_SWEEP_REVERSAL,VALIDATION,DIRECTION,NEUTRAL,RETEST,1,2.0
SESSION_SWEEP_REVERSAL#0,SESSION_SWEEP_REVERSAL,VALIDATION,DIRECTION,NEUTRAL,FAILED_BREAKOUT,2,0.48073217726397244
SESSION_SWEEP_REVERSAL#0,SESSION_SWEEP_REVERSAL,VALIDATION,DIRECTION,NEUTRAL,MOMENTUM_CONTINUATION,1,2.0
SESSION_SWEEP_REVERSAL#0,SESSION_SWEEP_REVERSAL,VALIDATION,DIRECTION,NEUTRAL,REVERSAL_CONTEXT,6,-0.017445317306230262
SESSION_SWEEP_REVERSAL#0,SESSION_SWEEP_REVERSAL,VALIDATION,DIRECTION,UP,TREND_CONTINUATION,1,-1.0140303617027238
SESSION_SWEEP_REVERSAL#0,SESSION_SWEEP_REVERSAL,VALIDATION,DIRECTION,UP,CONSOLIDATION,5,-0.42386431985113926
SESSION_SWEEP_REVERSAL#0,SESSION_SWEEP_REVERSAL,VALIDATION,DIRECTION,UP,RANGE_EXTREME,4,-0.27129622899395933
SESSION_SWEEP_REVERSAL#0,SESSION_SWEEP_REVERSAL,VALIDATION,DIRECTION,UP,FAILED_BREAKOUT,3,-1.0214435818267145
SESSION_SWEEP_REVERSAL#0,SESSION_SWEEP_REVERSAL,VALIDATION,DIRECTION,UP,REVERSAL_CONTEXT,6,-0.5222253268264033
SESSION_SWEEP_REVERSAL#0,SESSION_SWEEP_REVERSAL,VALIDATION,TREND_STRENGTH,RANGE_LIKE,TREND_CONTINUATION,4,0.48685849820630533
SESSION_SWEEP_REVERSAL#0,SESSION_SWEEP_REVERSAL,VALIDATION,TREND_STRENGTH,RANGE_LIKE,CONSOLIDATION,7,-0.5914663242377226
SESSION_SWEEP_REVERSAL#0,SESSION_SWEEP_REVERSAL,VALIDATION,TREND_STRENGTH,RANGE_LIKE,COMPRESSION,1,2.0
SESSION_SWEEP_REVERSAL#0,SESSION_SWEEP_REVERSAL,VALIDATION,TREND_STRENGTH,RANGE_LIKE,RANGE_EXTREME,11,-0.1962201339949746
SESSION_SWEEP_REVERSAL#0,SESSION_SWEEP_REVERSAL,VALIDATION,TREND_STRENGTH,RANGE_LIKE,RETEST,1,2.0
SESSION_SWEEP_REVERSAL#0,SESSION_SWEEP_REVERSAL,VALIDATION,TREND_STRENGTH,RANGE_LIKE,FAILED_BREAKOUT,5,-0.42057327819043977
SESSION_SWEEP_REVERSAL#0,SESSION_SWEEP_REVERSAL,VALIDATION,TREND_STRENGTH,RANGE_LIKE,MOMENTUM_CONTINUATION,2,2.0
SESSION_SWEEP_REVERSAL#0,SESSION_SWEEP_REVERSAL,VALIDATION,TREND_STRENGTH,RANGE_LIKE,REVERSAL_CONTEXT,14,-0.15792767722282133
SESSION_SWEEP_REVERSAL#0,SESSION_SWEEP_REVERSAL,VALIDATION,TREND_STRENGTH,WEAK,TREND_CONTINUATION,1,2.0
SESSION_SWEEP_REVERSAL#0,SESSION_SWEEP_REVERSAL,VALIDATION,TREND_STRENGTH,WEAK,CONSOLIDATION,3,-0.023007071826092185
SESSION_SWEEP_REVERSAL#0,SESSION_SWEEP_REVERSAL,VALIDATION,TREND_STRENGTH,WEAK,RANGE_EXTREME,4,1.2412788669503956
SESSION_SWEEP_REVERSAL#0,SESSION_SWEEP_REVERSAL,VALIDATION,TREND_STRENGTH,WEAK,FAILED_BREAKOUT,1,2.0
SESSION_SWEEP_REVERSAL#0,SESSION_SWEEP_REVERSAL,VALIDATION,TREND_STRENGTH,WEAK,MOMENTUM_CONTINUATION,1,2.0
SESSION_SWEEP_REVERSAL#0,SESSION_SWEEP_REVERSAL,VALIDATION,TREND_STRENGTH,WEAK,REVERSAL_CONTEXT,7,0.7031747776805516
SESSION_SWEEP_REVERSAL#0,SESSION_SWEEP_REVERSAL,VALIDATION,VOLATILITY,LOW,TREND_CONTINUATION,1,-1.0385356454720551
SESSION_SWEEP_REVERSAL#0,SESSION_SWEEP_REVERSAL,VALIDATION,VOLATILITY,LOW,CONSOLIDATION,7,-0.5950175665565697
SESSION_SWEEP_REVERSAL#0,SESSION_SWEEP_REVERSAL,VALIDATION,VOLATILITY,LOW,RANGE_EXTREME,6,-0.521831047102688
SESSION_SWEEP_REVERSAL#0,SESSION_SWEEP_REVERSAL,VALIDATION,VOLATILITY,LOW,FAILED_BREAKOUT,3,-1.029612009749825
SESSION_SWEEP_REVERSAL#0,SESSION_SWEEP_REVERSAL,VALIDATION,VOLATILITY,LOW,REVERSAL_CONTEXT,10,-0.4212413952125903
SESSION_SWEEP_REVERSAL#0,SESSION_SWEEP_REVERSAL,VALIDATION,VOLATILITY,NORMAL,TREND_CONTINUATION,2,0.4929848191486381
SESSION_SWEEP_REVERSAL#0,SESSION_SWEEP_REVERSAL,VALIDATION,VOLATILITY,NORMAL,CONSOLIDATION,1,-1.00927798704793
SESSION_SWEEP_REVERSAL#0,SESSION_SWEEP_REVERSAL,VALIDATION,VOLATILITY,NORMAL,COMPRESSION,1,2.0
SESSION_SWEEP_REVERSAL#0,SESSION_SWEEP_REVERSAL,VALIDATION,VOLATILITY,NORMAL,RANGE_EXTREME,5,0.19451296173428134
SESSION_SWEEP_REVERSAL#0,SESSION_SWEEP_REVERSAL,VALIDATION,VOLATILITY,NORMAL,RETEST,1,2.0
SESSION_SWEEP_REVERSAL#0,SESSION_SWEEP_REVERSAL,VALIDATION,VOLATILITY,NORMAL,FAILED_BREAKOUT,2,0.4929848191486381
SESSION_SWEEP_REVERSAL#0,SESSION_SWEEP_REVERSAL,VALIDATION,VOLATILITY,NORMAL,MOMENTUM_CONTINUATION,1,2.0
SESSION_SWEEP_REVERSAL#0,SESSION_SWEEP_REVERSAL,VALIDATION,VOLATILITY,NORMAL,REVERSAL_CONTEXT,7,0.27979063528124043
SESSION_SWEEP_REVERSAL#0,SESSION_SWEEP_REVERSAL,VALIDATION,VOLATILITY,HIGH,TREND_CONTINUATION,2,2.0
SESSION_SWEEP_REVERSAL#0,SESSION_SWEEP_REVERSAL,VALIDATION,VOLATILITY,HIGH,CONSOLIDATION,2,0.48255773390079126
SESSION_SWEEP_REVERSAL#0,SESSION_SWEEP_REVERSAL,VALIDATION,VOLATILITY,HIGH,RANGE_EXTREME,4,1.2412788669503956
SESSION_SWEEP_REVERSAL#0,SESSION_SWEEP_REVERSAL,VALIDATION,VOLATILITY,HIGH,FAILED_BREAKOUT,1,2.0
SESSION_SWEEP_REVERSAL#0,SESSION_SWEEP_REVERSAL,VALIDATION,VOLATILITY,HIGH,MOMENTUM_CONTINUATION,2,2.0
SESSION_SWEEP_REVERSAL#0,SESSION_SWEEP_REVERSAL,VALIDATION,VOLATILITY,HIGH,REVERSAL_CONTEXT,4,1.2412788669503956
SESSION_SWEEP_REVERSAL#0,SESSION_SWEEP_REVERSAL,VALIDATION,VOL_STATE,COMPRESSION,CONSOLIDATION,1,-1.0290697674418592
SESSION_SWEEP_REVERSAL#0,SESSION_SWEEP_REVERSAL,VALIDATION,VOL_STATE,COMPRESSION,RANGE_EXTREME,2,-1.0180187672756058
SESSION_SWEEP_REVERSAL#0,SESSION_SWEEP_REVERSAL,VALIDATION,VOL_STATE,COMPRESSION,REVERSAL_CONTEXT,2,-1.0180187672756058
SESSION_SWEEP_REVERSAL#0,SESSION_SWEEP_REVERSAL,VALIDATION,VOL_STATE,EXPANSION,TREND_CONTINUATION,5,0.7894867985650442
SESSION_SWEEP_REVERSAL#0,SESSION_SWEEP_REVERSAL,VALIDATION,VOL_STATE,EXPANSION,CONSOLIDATION,9,-0.35335730196671933
SESSION_SWEEP_REVERSAL#0,SESSION_SWEEP_REVERSAL,VALIDATION,VOL_STATE,EXPANSION,COMPRESSION,1,2.0
SESSION_SWEEP_REVERSAL#0,SESSION_SWEEP_REVERSAL,VALIDATION,VOL_STATE,EXPANSION,RANGE_EXTREME,13,0.3725178098775441
SESSION_SWEEP_REVERSAL#0,SESSION_SWEEP_REVERSAL,VALIDATION,VOL_STATE,EXPANSION,RETEST,1,2.0
SESSION_SWEEP_REVERSAL#0,SESSION_SWEEP_REVERSAL,VALIDATION,VOL_STATE,EXPANSION,FAILED_BREAKOUT,6,-0.017144398492033124
SESSION_SWEEP_REVERSAL#0,SESSION_SWEEP_REVERSAL,VALIDATION,VOL_STATE,EXPANSION,MOMENTUM_CONTINUATION,3,2.0
SESSION_SWEEP_REVERSAL#0,SESSION_SWEEP_REVERSAL,VALIDATION,VOL_STATE,EXPANSION,REVERSAL_CONTEXT,19,0.2498564998523986
SESSION_SWEEP_REVERSAL#1,SESSION_SWEEP_REVERSAL,TRAIN,DIRECTION,DOWN,CONSOLIDATION,2,2.0
SESSION_SWEEP_REVERSAL#1,SESSION_SWEEP_REVERSAL,TRAIN,DIRECTION,DOWN,RANGE_EXTREME,2,2.0
SESSION_SWEEP_REVERSAL#1,SESSION_SWEEP_REVERSAL,TRAIN,DIRECTION,DOWN,REVERSAL_CONTEXT,2,2.0
SESSION_SWEEP_REVERSAL#1,SESSION_SWEEP_REVERSAL,TRAIN,DIRECTION,NEUTRAL,TREND_CONTINUATION,7,-0.5869182798814876
SESSION_SWEEP_REVERSAL#1,SESSION_SWEEP_REVERSAL,TRAIN,DIRECTION,NEUTRAL,PULLBACK,1,-1.0232363602565293
SESSION_SWEEP_REVERSAL#1,SESSION_SWEEP_REVERSAL,TRAIN,DIRECTION,NEUTRAL,CONSOLIDATION,4,-1.0138202096635311
SESSION_SWEEP_REVERSAL#1,SESSION_SWEEP_REVERSAL,TRAIN,DIRECTION,NEUTRAL,RANGE_EXTREME,13,-0.7857512424346722
SESSION_SWEEP_REVERSAL#1,SESSION_SWEEP_REVERSAL,TRAIN,DIRECTION,NEUTRAL,BREAKOUT_SETUP,1,-1.0297867270344334
SESSION_SWEEP_REVERSAL#1,SESSION_SWEEP_REVERSAL,TRAIN,DIRECTION,NEUTRAL,RETEST,2,-1.0120035468630653
SESSION_SWEEP_REVERSAL#1,SESSION_SWEEP_REVERSAL,TRAIN,DIRECTION,NEUTRAL,FAILED_BREAKOUT,3,-1.0130117320926344
SESSION_SWEEP_REVERSAL#1,SESSION_SWEEP_REVERSAL,TRAIN,DIRECTION,NEUTRAL,MOMENTUM_CONTINUATION,6,-0.5155666427697733
SESSION_SWEEP_REVERSAL#1,SESSION_SWEEP_REVERSAL,TRAIN,DIRECTION,NEUTRAL,REVERSAL_CONTEXT,18,-0.8494079600082309
SESSION_SWEEP_REVERSAL#1,SESSION_SWEEP_REVERSAL,TRAIN,DIRECTION,UP,PULLBACK,3,-0.009626193572893479
SESSION_SWEEP_REVERSAL#1,SESSION_SWEEP_REVERSAL,TRAIN,DIRECTION,UP,CONSOLIDATION,1,2.0
SESSION_SWEEP_REVERSAL#1,SESSION_SWEEP_REVERSAL,TRAIN,DIRECTION,UP,RANGE_EXTREME,1,2.0
SESSION_SWEEP_REVERSAL#1,SESSION_SWEEP_REVERSAL,TRAIN,DIRECTION,UP,REVERSAL_CONTEXT,4,0.4927803548203299
SESSION_SWEEP_REVERSAL#1,SESSION_SWEEP_REVERSAL,TRAIN,TREND_STRENGTH,RANGE_LIKE,TREND_CONTINUATION,7,-0.5869182798814876
SESSION_SWEEP_REVERSAL#1,SESSION_SWEEP_REVERSAL,TRAIN,TREND_STRENGTH,RANGE_LIKE,PULLBACK,2,-1.0164620148953734
SESSION_SWEEP_REVERSAL#1,SESSION_SWEEP_REVERSAL,TRAIN,TREND_STRENGTH,RANGE_LIKE,CONSOLIDATION,5,0.192161542546542
SESSION_SWEEP_REVERSAL#1,SESSION_SWEEP_REVERSAL,TRAIN,TREND_STRENGTH,RANGE_LIKE,RANGE_EXTREME,13,-0.321481374003229
SESSION_SWEEP_REVERSAL#1,SESSION_SWEEP_REVERSAL,TRAIN,TREND_STRENGTH,RANGE_LIKE,BREAKOUT_SETUP,1,-1.0297867270344334
SESSION_SWEEP_REVERSAL#1,SESSION_SWEEP_REVERSAL,TRAIN,TREND_STRENGTH,RANGE_LIKE,RETEST,2,-1.0120035468630653
SESSION_SWEEP_REVERSAL#1,SESSION_SWEEP_REVERSAL,TRAIN,TREND_STRENGTH,RANGE_LIKE,FAILED_BREAKOUT,3,-1.0130117320926344
SESSION_SWEEP_REVERSAL#1,SESSION_SWEEP_REVERSAL,TRAIN,TREND_STRENGTH,RANGE_LIKE,MOMENTUM_CONTINUATION,6,-0.5155666427697733
SESSION_SWEEP_REVERSAL#1,SESSION_SWEEP_REVERSAL,TRAIN,TREND_STRENGTH,RANGE_LIKE,REVERSAL_CONTEXT,19,-0.5401854031617691
SESSION_SWEEP_REVERSAL#1,SESSION_SWEEP_REVERSAL,TRAIN,TREND_STRENGTH,WEAK,PULLBACK,2,0.4904045444077685
SESSION_SWEEP_REVERSAL#1,SESSION_SWEEP_REVERSAL,TRAIN,TREND_STRENGTH,WEAK,CONSOLIDATION,2,0.49195572430658285
SESSION_SWEEP_REVERSAL#1,SESSION_SWEEP_REVERSAL,TRAIN,TREND_STRENGTH,WEAK,RANGE_EXTREME,3,-0.011836096536254578
SESSION_SWEEP_REVERSAL#1,SESSION_SWEEP_REVERSAL,TRAIN,TREND_STRENGTH,WEAK,REVERSAL_CONTEXT,5,0.18906015984135469
SESSION_SWEEP_REVERSAL#1,SESSION_SWEEP_REVERSAL,TRAIN,VOLATILITY,LOW,TREND_CONTINUATION,3,-0.012552893663120143
SESSION_SWEEP_REVERSAL#1,SESSION_SWEEP_REVERSAL,TRAIN,VOLATILITY,LOW,PULLBACK,3,-0.014142423813664115
SESSION_SWEEP_REVERSAL#1,SESSION_SWEEP_REVERSAL,TRAIN,VOLATILITY,LOW,CONSOLIDATION,5,0.190792466128753
SESSION_SWEEP_REVERSAL#1,SESSION_SWEEP_REVERSAL,TRAIN,VOLATILITY,LOW,RANGE_EXTREME,9,-0.011663266610449993
SESSION_SWEEP_REVERSAL#1,SESSION_SWEEP_REVERSAL,TRAIN,VOLATILITY,LOW,RETEST,1,-1.0178718232834096
SESSION_SWEEP_REVERSAL#1,SESSION_SWEEP_REVERSAL,TRAIN,VOLATILITY,LOW,FAILED_BREAKOUT,2,-1.0164499629175914
SESSION_SWEEP_REVERSAL#1,SESSION_SWEEP_REVERSAL,TRAIN,VOLATILITY,LOW,MOMENTUM_CONTINUATION,2,0.48868471078120623
SESSION_SWEEP_REVERSAL#1,SESSION_SWEEP_REVERSAL,TRAIN,VOLATILITY,LOW,REVERSAL_CONTEXT,14,-0.15573547119787332
SESSION_SWEEP_REVERSAL#1,SESSION_SWEEP_REVERSAL,TRAIN,VOLATILITY,NORMAL,TREND_CONTINUATION,2,-1.0152333089576289
SESSION_SWEEP_REVERSAL#1,SESSION_SWEEP_REVERSAL,TRAIN,VOLATILITY,NORMAL,CONSOLIDATION,2,0.4953784153510553
SESSION_SWEEP_REVERSAL#1,SESSION_SWEEP_REVERSAL,TRAIN,VOLATILITY,NORMAL,RANGE_EXTREME,6,-0.5136332773089799
SESSION_SWEEP_REVERSAL#1,SESSION_SWEEP_REVERSAL,TRAIN,VOLATILITY,NORMAL,BREAKOUT_SETUP,1,-1.0297867270344334
SESSION_SWEEP_REVERSAL#1,SESSION_SWEEP_REVERSAL,TRAIN,VOLATILITY,NORMAL,MOMENTUM_CONTINUATION,2,-1.0152333089576289
SESSION_SWEEP_REVERSAL#1,SESSION_SWEEP_REVERSAL,TRAIN,VOLATILITY,NORMAL,REVERSAL_CONTEXT,6,-0.5136332773089799
SESSION_SWEEP_REVERSAL#1,SESSION_SWEEP_REVERSAL,TRAIN,VOLATILITY,HIGH,TREND_CONTINUATION,2,-1.0201513301328973
SESSION_SWEEP_REVERSAL#1,SESSION_SWEEP_REVERSAL,TRAIN,VOLATILITY,HIGH,PULLBACK,1,-1.0096876695342174
SESSION_SWEEP_REVERSAL#1,SESSION_SWEEP_REVERSAL,TRAIN,VOLATILITY,HIGH,RANGE_EXTREME,1,-1.0279970883028102
SESSION_SWEEP_REVERSAL#1,SESSION_SWEEP_REVERSAL,TRAIN,VOLATILITY,HIGH,RETEST,1,-1.0061352704427209
SESSION_SWEEP_REVERSAL#1,SESSION_SWEEP_REVERSAL,TRAIN,VOLATILITY,HIGH,FAILED_BREAKOUT,1,-1.0061352704427209
SESSION_SWEEP_REVERSAL#1,SESSION_SWEEP_REVERSAL,TRAIN,VOLATILITY,HIGH,MOMENTUM_CONTINUATION,2,-1.0201513301328973
SESSION_SWEEP_REVERSAL#1,SESSION_SWEEP_REVERSAL,TRAIN,VOLATILITY,HIGH,REVERSAL_CONTEXT,4,-1.0140314000606832
SESSION_SWEEP_REVERSAL#1,SESSION_SWEEP_REVERSAL,TRAIN,VOL_STATE,COMPRESSION,TREND_CONTINUATION,1,2.0
SESSION_SWEEP_REVERSAL#1,SESSION_SWEEP_REVERSAL,TRAIN,VOL_STATE,COMPRESSION,PULLBACK,2,-1.0212136357204962
SESSION_SWEEP_REVERSAL#1,SESSION_SWEEP_REVERSAL,TRAIN,VOL_STATE,COMPRESSION,CONSOLIDATION,4,-0.26150941733905875
SESSION_SWEEP_REVERSAL#1,SESSION_SWEEP_REVERSAL,TRAIN,VOL_STATE,COMPRESSION,RANGE_EXTREME,7,-0.15667673497023188
SESSION_SWEEP_REVERSAL#1,SESSION_SWEEP_REVERSAL,TRAIN,VOL_STATE,COMPRESSION,BREAKOUT_SETUP,1,-1.0297867270344334
SESSION_SWEEP_REVERSAL#1,SESSION_SWEEP_REVERSAL,TRAIN,VOL_STATE,COMPRESSION,RETEST,1,-1.0178718232834096
SESSION_SWEEP_REVERSAL#1,SESSION_SWEEP_REVERSAL,TRAIN,VOL_STATE,COMPRESSION,FAILED_BREAKOUT,1,-1.0178718232834096
SESSION_SWEEP_REVERSAL#1,SESSION_SWEEP_REVERSAL,TRAIN,VOL_STATE,COMPRESSION,MOMENTUM_CONTINUATION,1,2.0
SESSION_SWEEP_REVERSAL#1,SESSION_SWEEP_REVERSAL,TRAIN,VOL_STATE,COMPRESSION,REVERSAL_CONTEXT,10,-0.41570362395160254
SESSION_SWEEP_REVERSAL#1,SESSION_SWEEP_REVERSAL,TRAIN,VOL_STATE,EXPANSION,TREND_CONTINUATION,6,-1.0180713265284023
SESSION_SWEEP_REVERSAL#1,SESSION_SWEEP_REVERSAL,TRAIN,VOL_STATE,EXPANSION,PULLBACK,2,0.4951561652328913
SESSION_SWEEP_REVERSAL#1,SESSION_SWEEP_REVERSAL,TRAIN,VOL_STATE,EXPANSION,CONSOLIDATION,3,0.9969189435673703
SESSION_SWEEP_REVERSAL#1,SESSION_SWEEP_REVERSAL,TRAIN,VOL_STATE,EXPANSION,RANGE_EXTREME,9,-0.34644766742879085
SESSION_SWEEP_REVERSAL#1,SESSION_SWEEP_REVERSAL,TRAIN,VOL_STATE,EXPANSION,RETEST,1,-1.0061352704427209
SESSION_SWEEP_REVERSAL#1,SESSION_SWEEP_REVERSAL,TRAIN,VOL_STATE,EXPANSION,FAILED_BREAKOUT,2,-1.010581686497247
SESSION_SWEEP_REVERSAL#1,SESSION_SWEEP_REVERSAL,TRAIN,VOL_STATE,EXPANSION,MOMENTUM_CONTINUATION,5,-1.018679971323728
SESSION_SWEEP_REVERSAL#1,SESSION_SWEEP_REVERSAL,TRAIN,VOL_STATE,EXPANSION,REVERSAL_CONTEXT,14,-0.3686561158107723
SESSION_SWEEP_REVERSAL#1,SESSION_SWEEP_REVERSAL,VALIDATION,DIRECTION,DOWN,TREND_CONTINUATION,1,2.0
SESSION_SWEEP_REVERSAL#1,SESSION_SWEEP_REVERSAL,VALIDATION,DIRECTION,DOWN,CONSOLIDATION,3,-0.010265131543554537
SESSION_SWEEP_REVERSAL#1,SESSION_SWEEP_REVERSAL,VALIDATION,DIRECTION,DOWN,COMPRESSION,1,2.0
SESSION_SWEEP_REVERSAL#1,SESSION_SWEEP_REVERSAL,VALIDATION,DIRECTION,DOWN,RANGE_EXTREME,5,0.7938409210738674
SESSION_SWEEP_REVERSAL#1,SESSION_SWEEP_REVERSAL,VALIDATION,DIRECTION,DOWN,MOMENTUM_CONTINUATION,1,2.0
SESSION_SWEEP_REVERSAL#1,SESSION_SWEEP_REVERSAL,VALIDATION,DIRECTION,DOWN,REVERSAL_CONTEXT,6,0.49340821076857905
SESSION_SWEEP_REVERSAL#1,SESSION_SWEEP_REVERSAL,VALIDATION,DIRECTION,NEUTRAL,TREND_CONTINUATION,1,2.0
SESSION_SWEEP_REVERSAL#1,SESSION_SWEEP_REVERSAL,VALIDATION,DIRECTION,NEUTRAL,CONSOLIDATION,2,-1.0295842456279871
SESSION_SWEEP_REVERSAL#1,SESSION_SWEEP_REVERSAL,VALIDATION,DIRECTION,NEUTRAL,RANGE_EXTREME,3,-1.022045419455109
SESSION_SWEEP_REVERSAL#1,SESSION_SWEEP_REVERSAL,VALIDATION,DIRECTION,NEUTRAL,RETEST,1,2.0
SESSION_SWEEP_REVERSAL#1,SESSION_SWEEP_REVERSAL,VALIDATION,DIRECTION,NEUTRAL,FAILED_BREAKOUT,1,2.0
SESSION_SWEEP_REVERSAL#1,SESSION_SWEEP_REVERSAL,VALIDATION,DIRECTION,NEUTRAL,MOMENTUM_CONTINUATION,1,2.0
SESSION_SWEEP_REVERSAL#1,SESSION_SWEEP_REVERSAL,VALIDATION,DIRECTION,NEUTRAL,REVERSAL_CONTEXT,4,-0.2665340645913316
SESSION_SWEEP_REVERSAL#1,SESSION_SWEEP_REVERSAL,VALIDATION,DIRECTION,UP,TREND_CONTINUATION,1,-1.0140303617027238
SESSION_SWEEP_REVERSAL#1,SESSION_SWEEP_REVERSAL,VALIDATION,DIRECTION,UP,CONSOLIDATION,2,-1.0304466260087435
SESSION_SWEEP_REVERSAL#1,SESSION_SWEEP_REVERSAL,VALIDATION,DIRECTION,UP,RANGE_EXTREME,1,-1.0267565687376279
SESSION_SWEEP_REVERSAL#1,SESSION_SWEEP_REVERSAL,VALIDATION,DIRECTION,UP,FAILED_BREAKOUT,2,-1.0203934652201758
SESSION_SWEEP_REVERSAL#1,SESSION_SWEEP_REVERSAL,VALIDATION,DIRECTION,UP,REVERSAL_CONTEXT,3,-1.024974537906737
SESSION_SWEEP_REVERSAL#1,SESSION_SWEEP_REVERSAL,VALIDATION,TREND_STRENGTH,RANGE_LIKE,TREND_CONTINUATION,3,0.9953232127657587
SESSION_SWEEP_REVERSAL#1,SESSION_SWEEP_REVERSAL,VALIDATION,TREND_STRENGTH,RANGE_LIKE,CONSOLIDATION,6,-0.5194534091040443
SESSION_SWEEP_REVERSAL#1,SESSION_SWEEP_REVERSAL,VALIDATION,TREND_STRENGTH,RANGE_LIKE,COMPRESSION,1,2.0
SESSION_SWEEP_REVERSAL#1,SESSION_SWEEP_REVERSAL,VALIDATION,TREND_STRENGTH,RANGE_LIKE,RANGE_EXTREME,9,-0.01374313574817977
SESSION_SWEEP_REVERSAL#1,SESSION_SWEEP_REVERSAL,VALIDATION,TREND_STRENGTH,RANGE_LIKE,RETEST,1,2.0
SESSION_SWEEP_REVERSAL#1,SESSION_SWEEP_REVERSAL,VALIDATION,TREND_STRENGTH,RANGE_LIKE,FAILED_BREAKOUT,3,-0.013595643480117214
SESSION_SWEEP_REVERSAL#1,SESSION_SWEEP_REVERSAL,VALIDATION,TREND_STRENGTH,RANGE_LIKE,MOMENTUM_CONTINUATION,2,2.0
SESSION_SWEEP_REVERSAL#1,SESSION_SWEEP_REVERSAL,VALIDATION,TREND_STRENGTH,RANGE_LIKE,REVERSAL_CONTEXT,11,0.07838921968760527
SESSION_SWEEP_REVERSAL#1,SESSION_SWEEP_REVERSAL,VALIDATION,TREND_STRENGTH,WEAK,CONSOLIDATION,1,-1.034136683279859
SESSION_SWEEP_REVERSAL#1,SESSION_SWEEP_REVERSAL,VALIDATION,TREND_STRENGTH,WEAK,REVERSAL_CONTEXT,2,-1.0214460120188606
SESSION_SWEEP_REVERSAL#1,SESSION_SWEEP_REVERSAL,VALIDATION,VOLATILITY,LOW,CONSOLIDATION,6,-0.5235965251426992
SESSION_SWEEP_REVERSAL#1,SESSION_SWEEP_REVERSAL,VALIDATION,VOLATILITY,LOW,RANGE_EXTREME,5,-0.4214884935152671
SESSION_SWEEP_REVERSAL#1,SESSION_SWEEP_REVERSAL,VALIDATION,VOLATILITY,LOW,FAILED_BREAKOUT,1,-1.0267565687376279
SESSION_SWEEP_REVERSAL#1,SESSION_SWEEP_REVERSAL,VALIDATION,VOLATILITY,LOW,REVERSAL_CONTEXT,7,-0.5929049273734367
SESSION_SWEEP_REVERSAL#1,SESSION_SWEEP_REVERSAL,VALIDATION,VOLATILITY,NORMAL,TREND_CONTINUATION,2,0.4929848191486381
SESSION_SWEEP_REVERSAL#1,SESSION_SWEEP_REVERSAL,VALIDATION,VOLATILITY,NORMAL,CONSOLIDATION,1,-1.00927798704793
SESSION_SWEEP_REVERSAL#1,SESSION_SWEEP_REVERSAL,VALIDATION,VOLATILITY,NORMAL,COMPRESSION,1,2.0
SESSION_SWEEP_REVERSAL#1,SESSION_SWEEP_REVERSAL,VALIDATION,VOLATILITY,NORMAL,RANGE_EXTREME,3,-0.005415251385760748
SESSION_SWEEP_REVERSAL#1,SESSION_SWEEP_REVERSAL,VALIDATION,VOLATILITY,NORMAL,RETEST,1,2.0
SESSION_SWEEP_REVERSAL#1,SESSION_SWEEP_REVERSAL,VALIDATION,VOLATILITY,NORMAL,FAILED_BREAKOUT,2,0.4929848191486381
SESSION_SWEEP_REVERSAL#1,SESSION_SWEEP_REVERSAL,VALIDATION,VOLATILITY,NORMAL,MOMENTUM_CONTINUATION,1,2.0
SESSION_SWEEP_REVERSAL#1,SESSION_SWEEP_REVERSAL,VALIDATION,VOLATILITY,NORMAL,REVERSAL_CONTEXT,5,0.19394477682799877
SESSION_SWEEP_REVERSAL#1,SESSION_SWEEP_REVERSAL,VALIDATION,VOLATILITY,HIGH,TREND_CONTINUATION,1,2.0
SESSION_SWEEP_REVERSAL#1,SESSION_SWEEP_REVERSAL,VALIDATION,VOLATILITY,HIGH,RANGE_EXTREME,1,2.0
SESSION_SWEEP_REVERSAL#1,SESSION_SWEEP_REVERSAL,VALIDATION,VOLATILITY,HIGH,MOMENTUM_CONTINUATION,1,2.0
SESSION_SWEEP_REVERSAL#1,SESSION_SWEEP_REVERSAL,VALIDATION,VOLATILITY,HIGH,REVERSAL_CONTEXT,1,2.0
SESSION_SWEEP_REVERSAL#1,SESSION_SWEEP_REVERSAL,VALIDATION,VOL_STATE,COMPRESSION,CONSOLIDATION,1,-1.0290697674418592
SESSION_SWEEP_REVERSAL#1,SESSION_SWEEP_REVERSAL,VALIDATION,VOL_STATE,COMPRESSION,RANGE_EXTREME,2,-1.0180187672756058
SESSION_SWEEP_REVERSAL#1,SESSION_SWEEP_REVERSAL,VALIDATION,VOL_STATE,COMPRESSION,REVERSAL_CONTEXT,2,-1.0180187672756058
SESSION_SWEEP_REVERSAL#1,SESSION_SWEEP_REVERSAL,VALIDATION,VOL_STATE,EXPANSION,TREND_CONTINUATION,3,0.9953232127657587
SESSION_SWEEP_REVERSAL#1,SESSION_SWEEP_REVERSAL,VALIDATION,VOL_STATE,EXPANSION,CONSOLIDATION,6,-0.5202978950770443
SESSION_SWEEP_REVERSAL#1,SESSION_SWEEP_REVERSAL,VALIDATION,VOL_STATE,EXPANSION,COMPRESSION,1,2.0
SESSION_SWEEP_REVERSAL#1,SESSION_SWEEP_REVERSAL,VALIDATION,VOL_STATE,EXPANSION,RANGE_EXTREME,7,0.2731927589739419
SESSION_SWEEP_REVERSAL#1,SESSION_SWEEP_REVERSAL,VALIDATION,VOL_STATE,EXPANSION,RETEST,1,2.0
SESSION_SWEEP_REVERSAL#1,SESSION_SWEEP_REVERSAL,VALIDATION,VOL_STATE,EXPANSION,FAILED_BREAKOUT,3,-0.013595643480117214
SESSION_SWEEP_REVERSAL#1,SESSION_SWEEP_REVERSAL,VALIDATION,VOL_STATE,EXPANSION,MOMENTUM_CONTINUATION,2,2.0
SESSION_SWEEP_REVERSAL#1,SESSION_SWEEP_REVERSAL,VALIDATION,VOL_STATE,EXPANSION,REVERSAL_CONTEXT,11,0.07776608427974076
SESSION_TWAP_REFERENCE#0,SESSION_TWAP_REFERENCE,TRAIN,DIRECTION,UP,PULLBACK,1,-1.0043059831636059
SESSION_TWAP_REFERENCE#0,SESSION_TWAP_REFERENCE,TRAIN,TREND_STRENGTH,TRENDING,PULLBACK,1,-1.0043059831636059
SESSION_TWAP_REFERENCE#0,SESSION_TWAP_REFERENCE,TRAIN,VOLATILITY,NORMAL,PULLBACK,1,-1.0043059831636059
SESSION_TWAP_REFERENCE#0,SESSION_TWAP_REFERENCE,TRAIN,VOL_STATE,EXPANSION,PULLBACK,1,-1.0043059831636059
SESSION_TWAP_REFERENCE#1,SESSION_TWAP_REFERENCE,TRAIN,DIRECTION,UP,PULLBACK,1,-1.0032297655190232
SESSION_TWAP_REFERENCE#1,SESSION_TWAP_REFERENCE,TRAIN,TREND_STRENGTH,TRENDING,PULLBACK,1,-1.0032297655190232
SESSION_TWAP_REFERENCE#1,SESSION_TWAP_REFERENCE,TRAIN,VOLATILITY,NORMAL,PULLBACK,1,-1.0032297655190232
SESSION_TWAP_REFERENCE#1,SESSION_TWAP_REFERENCE,TRAIN,VOL_STATE,EXPANSION,PULLBACK,1,-1.0032297655190232
